rssi,snr,plr,success
-67.01959604423539,14.473591446535687,0.629610700234577,0
-47.98396990886366,25.007716410971007,0.4560601214170332,1
-85.33144945084963,34.282873844984934,0.3819448930975625,1
-85.96048343609127,36.23269434137191,0.34197882435008997,1
-57.81666597696825,27.630401383176935,0.7109841958977854,1
-54.34282122897977,2.925968588080483,0.5215873218248055,0
-73.72062382477765,26.540855021751966,0.8588993591107669,1
-86.46442790774734,8.261034838400597,0.7806877404185467,0
-94.10100453244813,27.70516847881946,0.5075992120494147,0
-71.20819596693609,24.83283476195131,0.6996638831691006,1
-72.06348939958401,14.684816425411814,0.07222629399712921,1
-96.46145377660233,1.0904095523515345,0.31617453516965066,0
-82.06338093286567,12.945209558584331,0.9600264623859571,0
-57.698308208548426,12.845086622066955,0.6815944746652228,0
-56.924041267382535,14.626786228357314,0.31456371212343925,1
-84.20096306461087,16.86743018443596,0.8048499143229629,0
-44.6888529907003,11.56346560623712,0.525307728194922,1
-91.03660278966753,10.303358333303825,0.08844437212486822,0
-60.39294196707816,10.300025575181039,0.9361001956741981,0
-74.67884426560661,32.112289750013744,0.9479851004040702,0
-70.74221724634538,14.80043264983362,0.9135070020534636,0
-89.17877670193101,17.717964291245355,0.0697711030038266,1
-56.16833226562256,7.34928871954855,0.07480230434508339,1
-70.05883087005748,8.005362063439389,0.23260704838818402,0
-48.6958041847603,32.33137055198158,0.320850867757703,1
-42.45011055998966,10.018836353758868,0.6219401539530517,0
-55.23198665624143,29.263055157469935,0.10190675753119294,1
-45.885000228867746,2.322621902646884,0.20491083784775954,0
-89.4123915118416,0.8955117871570106,0.8497207599258131,0
-71.35449488449228,20.703927097183545,0.9293162082345133,0
-64.81328961911225,26.526381025604486,0.3222374392158708,1
-73.20513098942874,1.8170363259030253,0.16978877154959848,1
-58.11419749903529,36.748162839208604,0.7031832582722075,1
-75.46916601295268,38.82679588979765,0.5395935283326789,1
-99.5697336968638,24.122477854554806,0.08320060734725576,0
-42.19723901688872,17.58899739910418,0.8738632066697226,1
-97.29311525744329,6.843292428179986,0.3428355740554725,0
-49.03546942461562,34.22888780197837,0.8921429949766916,1
-60.888697170277695,29.582929293493947,0.6630293213998694,1
-85.06475804455488,2.544270241438036,0.8341722129535769,0
-88.40750065329217,3.443577368553661,0.5507132154958831,0
-93.12819558784159,39.37021219776695,0.004907607294123095,1
-69.46754955459848,12.570362560543327,0.6732033363673807,0
-63.143088971705296,13.243720218515215,0.6227488857958766,1
-81.67349329043566,15.53491184082635,0.6757545255401628,0
-81.76299411624328,27.085213032582484,0.1951597214074824,1
-55.77868526046801,19.774611856853067,0.06751723434259138,1
-42.188718156449404,20.15966011891265,0.7795520030115748,1
-62.05322591855282,37.87502523960677,0.7727720111935392,1
-82.29759157020771,12.534136422844933,0.14848807026744382,1
-71.47069973230928,28.237727794124943,0.726901353475128,1
-97.09795442805091,3.699731532353132,0.9156079439729075,0
-53.560070674321054,18.349407595541756,0.2219990717084962,1
-68.21022799613438,30.98843515815918,0.7259126788135768,0
-50.95662775501085,14.793972222200127,0.24378463761572744,1
-59.364721379299255,7.408043264849606,0.9058398530655595,0
-87.74868162147975,12.469000174751152,0.022301500124081386,1
-63.70886847371635,32.32567002624506,0.9295842449244524,0
-82.08746507487163,26.463686481071353,0.42895683040749166,1
-62.61488455178673,12.266220124570705,0.49500285133244015,1
-48.84263685763301,37.71365963864397,0.04262484583469228,1
-96.47262030597904,10.055762994385248,0.7991492736541014,0
-73.22499873032143,3.6076608177285197,0.02332906050067063,0
-94.33199991630909,19.135878131310516,0.14997648119839757,1
-58.61428909335478,16.479503618074588,0.1058604407146585,1
-97.56837795422425,16.438207655224396,0.22431001829291786,0
-51.10586445687986,22.552217309091557,0.1810968302465431,1
-82.26133476330446,27.72007241729501,0.6608117056360286,0
-73.70569857474558,26.956880178608618,0.6099767400783178,0
-47.529664053209295,34.56854429687153,0.6216463327228485,1
-90.23539083370254,31.184446481980327,0.9239660231511285,0
-45.8206507956318,33.40792483537351,0.4789780428302637,1
-54.48674834712491,11.707666751989553,0.42784638460013247,1
-78.01767070543058,30.745752917233965,0.267016278080341,1
-60.81618494081569,32.87722459958394,0.8267843106310069,1
-68.4021440052865,7.930821527713103,0.676448591727268,0
-85.19649679123172,32.60895357642235,0.29183401670282394,1
-74.55897411058193,0.059718433133806315,0.020256053390011686,0
-62.565163594313944,16.59712177026981,0.9893342569408464,0
-52.47860543021362,10.09677892205536,0.1006750555347048,1
-85.30776132680676,24.127641297598885,0.926854250768987,0
-87.34393669067722,24.17640141100303,0.4359563988343317,1
-48.06564764073831,8.088285521904947,0.4455476589345837,0
-54.929491589684325,17.810867777034996,0.3274447297467582,1
-70.64408855015213,26.752815094888046,0.9542012282407931,0
-52.18171648507208,24.255791302107205,0.6586706750999327,1
-50.83602957194029,26.457255645423924,0.10299449312001308,1
-53.25377567593799,19.791835561100605,0.5833207995565389,1
-75.54893943654399,36.949782817567836,0.7693505654236118,0
-70.86745546869176,39.10304870254511,0.9354960968168395,0
-93.39036423680061,7.788560270449825,0.6952451018008701,0
-76.83798798284252,17.703387365152295,0.41464242647384786,0
-95.38190989748176,1.002335626194082,0.5970525316279589,0
-72.96541218394711,26.624405818501295,0.6576385424842299,1
-52.03205305438284,17.097439258889043,0.7000308627301765,1
-66.66862557364988,38.29771293003489,0.7347829274188259,1
-65.72685535997766,16.780368235860706,0.24745351992262687,0
-71.6766198421595,32.89692022195943,0.7600674785077661,0
-52.734836868042386,4.866684442996099,0.22414077057480242,0
-81.87692443504889,2.076917259610802,0.5968122484044689,0
-42.18520526667078,35.21474424811457,0.3542066176045552,1
-88.0055078514935,11.709865296191118,0.3057256170571151,0
-99.76339054686333,31.338287835115835,0.5240789161026158,1
-84.54085051913358,17.22139888393345,0.9072457573410806,0
-96.30256009734327,31.456692620184242,0.1806667217181207,0
-51.74248804739876,18.816181437316647,0.9256995676748073,1
-56.87861970972853,6.287152120095696,0.6708132695180797,1
-75.33081172602368,25.066581963877134,0.21246769732451842,0
-67.16518007143816,12.749418546542604,0.7482317538854679,0
-42.2791381708684,15.65763536330321,0.6999465217642582,1
-87.58089042154961,14.800030577732507,0.0025384408310948903,0
-94.75961109569299,10.284076255806806,0.8985117849725889,0
-61.0309125875805,7.109447652696401,0.3562274572284001,1
-74.96478340847882,37.92410203787596,0.5535103304096777,1
-63.69317772010447,2.990759763817099,0.8757506649609613,0
-45.51750627726954,15.038580704558267,0.9110933440878477,1
-90.66426657494529,33.680444893707694,0.6628235414123287,0
-48.66147269785579,35.37112395398582,0.5100534630079809,1
-63.294378733090035,6.959167774280486,0.49098783418682757,1
-72.62134122368779,18.20181287105043,0.379702392345747,1
-63.1007342230213,3.0119722250728875,0.7637851452103397,0
-50.641320589888664,25.12325908149744,0.6994877660725151,1
-80.053310258048,16.542888545261853,0.8261690492267113,0
-97.67492010829423,0.9505169507517452,0.4551365118553118,0
-57.80563618563164,12.788320208844706,0.7938897615193095,1
-59.689661087456614,18.043245647536974,0.6288022740788569,1
-42.876986741997754,30.19239472373224,0.7128319436550817,1
-41.75004100857187,35.646750994570894,0.19400648012694732,1
-93.81468420341469,24.021970503416206,0.3223951233729887,0
-47.2352959907389,11.42182006591467,0.18167859097903805,1
-89.00091028782758,17.80419513325995,0.1269863547039466,0
-71.50015295713757,33.63140759760809,0.9139058913589235,1
-56.841247978550584,22.385808052828523,0.5364870672885916,1
-67.16302952770752,29.593156864397233,0.10144751120068884,0
-70.43752916996571,7.661196424212942,0.6453445868128481,0
-93.60592178855427,12.225549604095312,0.6016627250824749,0
-69.09657224609713,38.502169324816876,0.07704991555536056,1
-97.60348449481185,31.36917669590759,0.40600753645140764,0
-46.29015293357563,21.063734075859234,0.44401385384853365,1
-79.02412527653766,16.39078525697043,0.8179903095380308,0
-59.34047958322855,22.77035922907363,0.425986093241705,1
-98.31579928516258,5.963575180833258,0.008102873125010457,0
-73.64726924594773,9.999597186312425,0.6329125308373991,0
-72.4650534676996,35.95304741155252,0.5958649365087595,1
-86.82490603202004,31.575834331369496,0.5678588009474905,0
-57.5896495692383,15.294126283547062,0.7990115405342902,0
-96.27621360759069,14.466984145081998,0.8023904588019262,0
-84.22772007041304,38.113479410126516,0.5309202705078404,1
-66.68466280599662,10.843697839725714,0.6083845200026012,1
-52.08332523146189,4.435871473364119,0.28234433473306,1
-99.70855973336326,8.881781007755496,0.8159874996068008,0
-91.00351132395636,25.546805364672345,0.5656903550395463,0
-42.78993911030976,13.705705503639196,0.11555437176417871,1
-93.57576563010304,15.45681218497418,0.659330009279355,0
-85.92789097352208,21.344141273886656,0.8844258619881087,0
-98.90613562066098,4.878696073441162,0.18883524164633292,0
-69.50995865122749,5.687947495875876,0.1127338223407891,0
-52.7845373498717,32.823328117181234,0.510516053914428,1
-81.13912344220572,32.47422239872965,0.8317052240241787,0
-52.58348397554579,11.277895364775667,0.35852815772181823,1
-76.75129725818954,33.51365614432594,0.8377822146990704,1
-96.43822718446458,36.37898449976661,0.130644483714368,1
-78.29891949867098,2.2734937829548763,0.33629711726059164,0
-76.51048122816019,29.313097588157277,0.7547497772023026,1
-47.30111614636852,26.92730661466854,0.30103332738618716,1
-60.30032420993434,33.19528210294937,0.13608785198371753,1
-98.18940682502303,3.65727223434396,0.17704126610326965,0
-77.8878719427107,2.987195207640383,0.3134007220845336,0
-99.10146364380437,32.335318642333455,0.7062529042493678,0
-42.769006602991254,37.362966253198024,0.936294980715491,1
-66.18860578182776,38.49391830765205,0.8674945712620815,1
-90.18900735242381,37.28724280406775,0.22628237274352925,0
-85.32622940284762,9.526520268099974,0.6783653079028876,0
-81.42087819836894,2.6927383621642065,0.9374745811757986,0
-40.86758983030443,24.490325339161686,0.4102922438549398,1
-48.60711858552651,37.13542810385085,0.8272741602415477,1
-55.770895196968134,29.393834554878083,0.1023769820469117,1
-92.95498670749521,0.9353398164072191,0.12661152603818515,0
-70.4746908967602,13.599868721863558,0.3514033869469455,1
-40.431522563773306,2.3819949872169577,0.7623058149971234,0
-78.89210430149282,17.919636295915513,0.6927863174243043,0
-81.83470850526086,29.10346255850435,0.009767309235793165,1
-88.87748363185086,3.5077676872116914,0.7208903364093194,0
-45.582686605446256,26.359668550249644,0.4001483621308991,1
-98.8140132794385,30.862222102274195,0.10747259348074578,0
-99.39360133412448,12.746805022603462,0.5670755289649333,0
-63.38635333400525,2.545589659253329,0.310062582819268,1
-69.80936978606722,6.890742098670732,0.582401245407103,0
-77.11906590474166,32.832098195696666,0.5954763439632719,1
-46.69807281622957,10.279164638841127,0.8063427160835633,1
-67.51300236670656,12.38614935674108,0.409831569132064,0
-66.20463205178143,20.283744768549205,0.10264412607483198,1
-65.38153077533809,39.185071231365946,0.5444150760353851,1
-79.3297088993472,32.27121676007931,0.6007909285563328,1
-89.60817480200829,7.0711889060425115,0.27446150362091837,0
-72.53302358718884,19.74537353829151,0.46832982941299817,1
-55.08913198641427,22.809182463977923,0.1042650562824946,1
-84.57147777152824,27.976459789011614,0.8019372293361275,1
-45.21077497916753,19.876029833643045,0.7419037857391166,1
-56.911021810081216,26.69622405067603,0.1623272325699907,1
-86.94228839818228,12.995486936515409,0.5685442736555306,0
-64.4423005304793,6.756110704218954,0.7568656723744671,0
-90.68722045353455,31.454273859312778,0.3296242891822355,1
-60.16037059503551,12.81031489879803,0.5731669601537516,1
-93.4439647865087,21.470231874877364,0.20477008554272158,0
-66.78754959462331,4.302499792511298,0.2626515001219515,1
-92.91242640312859,9.56782240366175,0.023628981157697848,0
-58.92627559637936,26.974505551713882,0.5777812572655348,1
-90.37093580368827,19.629342983314892,0.8571199759020355,0
-49.65581614709719,35.39766256967872,0.6643506370910625,1
-58.55771121872197,31.11616934529423,0.2394653039129927,1
-69.43008369173351,6.839276589515801,0.9361831632986415,0
-59.7781297702593,5.9272239964208895,0.5584707622109691,0
-48.82432413883586,16.01146380920452,0.8484499519941061,0
-83.75447492093198,8.172480685362187,0.8603915435096204,0
-65.41665159007283,14.548420721957962,0.8567149294199883,0
-85.12589861012903,21.63415692968247,0.7702751817703385,0
-67.64344106478505,13.32562949715049,0.5286796445739571,0
-73.97503843340955,33.74187611054927,0.9336262186893604,0
-40.01710893622643,1.7343942986407512,0.09688458025375912,1
-73.01353349216333,18.827690341216588,0.22089315435072188,0
-62.615709786277876,4.627648389140986,0.658829999691024,0
-67.91132213152991,21.557727491961924,0.8133422084308503,0
-56.916259801944975,16.49939135228579,0.37825639439977254,1
-72.4206853903579,10.243620038894408,0.4777911724790741,0
-88.70647768622003,18.243953563434864,0.11404793848848338,1
-76.88967826503871,9.234059856773559,0.5008147606925855,0
-50.25770465489905,8.486194407029362,0.9994809782760012,0
-51.31714290863412,27.898250121592376,0.23977852704383662,1
-82.31356302552743,27.50182067801431,0.825668636951927,0
-53.149698728857125,12.820041162154832,0.6286422275573299,1
-71.42456148479646,26.437374338145343,0.5966325976740976,1
-71.43197073457537,25.17866765441266,0.80991863430146,0
-47.45523901842119,1.032921799291029,0.9223603188542083,0
-61.107037583717165,25.35013008533611,0.02740990075385974,1
-75.29134620486579,27.027240872082622,0.4886132130782421,0
-72.70633589604167,21.24122777478015,0.7634625143136599,1
-98.99044364483052,31.422038291444927,0.07554760734709343,1
-81.11800518177202,29.35591811037891,0.5365299124150953,0
-78.20570928112798,22.686450601040026,0.9698145599327529,0
-90.83837839001339,0.3026931733839344,0.5628096507497321,0
-63.27506470588624,0.7438412636984149,0.25457720946693296,1
-73.66531238169719,1.9336541990420875,0.4020337673740981,1
-79.89719612051454,38.73810652511482,0.22330985471724185,1
-54.632751415415534,16.576721843924492,0.8818387732861517,1
-76.20683663026915,21.976158026734154,0.47262915259992844,1
-97.15817360204272,30.951269593686956,0.05134535823185471,0
-62.43706736527542,35.03525742084882,0.3599375321544521,1
-80.45831141574493,24.81748993922247,0.1818550254419231,1
-85.37007283741016,26.67457858662102,0.5868878969824544,1
-56.3769611098837,7.606421277146533,0.4760576379997994,0
-50.21261541205521,1.4109496346442807,0.1145391152070685,1
-87.37938427463439,14.375427224911954,0.245237435232869,0
-80.94068675168755,26.06428903974763,0.7234251814556375,0
-60.90284875260508,12.324620050076351,0.43023862004550484,1
-94.90876075400769,32.822581083979394,0.6172841862299968,0
-51.890497807037136,31.91557386594817,0.30369293656849605,1
-91.20507382586194,10.987218170443818,0.4228899192365939,0
-53.23950094118678,14.51514489891891,0.7242293242405298,1
-49.89031025297022,17.81643035585404,0.03865573107149567,1
-81.5324795430661,17.01085950381046,0.006701909660760008,1
-67.04380590390016,11.247225219031506,0.6972486286165758,0
-82.27640296623335,10.256578047945752,0.5356686612984249,0
-87.69696408860901,36.744865565426615,0.23893449307855386,1
-73.53535422296295,8.636055975424748,0.7001594160759891,1
-85.84016424276685,6.104004903631508,0.42253745299652345,0
-78.59245524800471,24.700201343245087,0.852766387608447,0
-42.50338761269491,26.650467092511807,0.27486607146188125,1
-41.865250988662865,29.42850437515021,0.7836865085611515,1
-56.5592648689391,27.22126334244731,0.3933518434118257,1
-53.79444766245468,12.815218026877663,0.02761990821945448,1
-95.22815785115174,20.084783085447675,0.17928055639960871,0
-96.67114719304614,25.826885384613952,0.3890151064476153,0
-86.37473312243372,18.713577252570683,0.35214645948224477,0
-74.25843271855524,36.223272084195585,0.35980506016918434,1
-94.69586255795954,2.3947178924050805,0.026255968367898896,0
-99.4399256067985,16.803716075961944,0.8160159279377653,0
-40.10629113292877,9.040969750159174,0.12427867024155403,1
-87.42421310039342,12.476273478077267,0.9066008772175476,0
-93.44306253312652,27.752452154859448,0.6729667568208703,0
-86.6859612223706,3.482007400502165,0.28838767871418514,0
-56.38032314278704,13.121363319365113,0.5102334997148489,1
-88.1286615528555,5.209082799494946,0.9782913182520123,0
-72.7186969824355,13.264450413228822,0.8639566677325434,0
-99.97302843554468,7.560897758289662,0.32160762600705217,0
-70.28196301684949,5.466981843245362,0.11910141789644957,0
-58.41413326919734,22.94090809203894,0.35135941161510165,1
-91.30104800817145,13.813555590456161,0.03854634117119504,1
-53.98830878183121,33.32665725997788,0.310414827202126,1
-45.35352161910415,15.06328664710221,0.4505308440027407,1
-92.1465801489703,4.512804034364621,0.34663141163170164,0
-82.79847847257548,4.3677925431362,0.5007410783760657,0
-97.80190349178731,25.711771519668318,0.35145608883685386,0
-53.888980444061346,23.64455271791798,0.4273047174662402,1
-83.2336016368316,37.70342714373153,0.23144640623101798,0
-93.13328086173219,24.179347793509677,0.6502122103765134,0
-85.56079146605413,34.96550524516614,0.22223677345471127,0
-84.69252063654197,6.231341597190596,0.4289531606172986,0
-57.00263459636122,33.95974242340701,0.8730316949509983,1
-78.53609947505592,12.85507219849583,0.8456294250545423,0
-76.15996694760756,5.742462185300452,0.4446724848395477,0
-87.2955338334325,27.04599836671679,0.0337763147351432,1
-86.80659743589631,16.071280263368898,0.9512851022729146,0
-75.30485063011177,4.965695205365828,0.15555975326537652,1
-55.19262331905844,27.300861187446603,0.4473941416007615,1
-86.32193366660906,10.193146772649605,0.26896399702555274,0
-99.71490730225116,14.887308443649854,0.8259498987239531,0
-74.81136633665285,21.547386894620338,0.8963061806482762,0
-60.64762834102957,8.59023295418309,0.0634508311613523,1
-99.72287206940034,1.5754112143698817,0.9564694242179681,0
-92.39803421707431,33.226568694707055,0.9407375805883679,0
-97.31383060069508,18.282853795321515,0.7318230560604708,0
-74.62196347226634,16.227550013903485,0.6747432002340873,0
-82.16022843360807,0.32891894442203196,0.8655069828673815,0
-43.843750033856445,32.7805438301012,0.7114815533561958,1
-71.28925234351696,9.499947690041356,0.9476207596020673,0
-60.30184790856909,38.67895740686243,0.8653639331763919,1
-69.140840013119,12.708124913869018,0.7641226084775746,0
-95.88639303610915,27.346753672831483,0.652508189403592,0
-66.35335752627927,28.962306850731228,0.8235822454441057,0
-71.91487711266441,27.382989076718754,0.5607427494864817,0
-43.20721332735947,32.893714994687635,0.030363528999139078,1
-83.77954176834166,12.347855504535627,0.721852752928727,0
-69.38276384941825,8.775502131246032,0.4714140247291032,0
-93.68454437301298,9.431502930925454,0.8089251184323608,0
-83.18619347217174,11.385465405003568,0.628777744527787,0
-97.93239179329981,39.30210005729328,0.8254541471016326,1
-83.26834250570788,9.616507495080931,0.1320442515205571,0
-91.07713636096011,10.48516901788075,0.7325754005014523,0
-59.85540667436924,36.08388317093607,0.6142681342881491,1
-40.03659780912839,37.32135622637987,0.42419544281139654,1
-42.43599488371153,14.76883745932514,0.5410737744675937,1
-80.74978624361097,13.300252193118084,0.6461333945487173,1
-42.92320314360295,33.997396316264805,0.08828353237242492,1
-84.18233684385736,20.014113338044886,0.049040068118892055,0
-69.23062952794436,21.80022735885618,0.295501733152561,1
-51.47692769426512,19.13341615941323,0.1396807527551046,1
-87.01602620312407,18.909443890046916,0.8406852061535814,0
-76.33444422564432,2.549956974390417,0.572808129103658,0
-44.47822742479203,22.718718388876525,0.3443114441089312,1
-54.10006855503846,0.8319395768906235,0.48639974244492323,0
-46.10585021381693,3.220770190188569,0.9736144131370454,0
-50.481377230353964,10.962127425884454,0.37893175512734767,1
-95.19883446840342,25.50526900368478,0.6783624121230718,0
-59.43096846000903,19.24979129486218,0.9036811329922203,0
-51.24901958512212,18.790316699411168,0.1276810084578326,1
-73.04241649169147,4.336877754485982,0.1591983175409133,1
-62.44524727807674,5.200393595839783,0.7302976949310347,0
-64.95619943823696,25.744897628322807,0.7123312030522478,0
-97.40948649658692,35.021363633909004,0.8874851627345255,0
-85.18544571235209,10.364192966832618,0.526100358939448,0
-57.7709354787786,36.21859956927675,0.34480786026013444,1
-56.94165114150594,33.87881688689991,0.05444016502150828,1
-69.56594934635076,33.497193188169256,0.1947647213574527,1
-93.26874003639203,14.359049560628119,0.7895679268878053,0
-75.91103933660952,1.6443526978523382,0.1870905248741258,1
-62.82584462138128,16.151940358430764,0.05566604361902916,0
-67.08688104281879,9.480926641222904,0.3109426447090722,1
-91.75621304108341,20.08795201626777,0.4649403065780313,0
-63.26659737747906,32.089860103762355,0.6677386335773697,1
-56.00772333587464,39.97988837426203,0.8858606379534584,1
-79.83220188823758,16.682118838652524,0.8463308000766016,0
-40.46701343194378,5.3806066547150255,0.04884427922255352,1
-73.42515621318378,9.372035230808073,0.9942902420480947,0
-71.87444217916286,20.105420094232606,0.7589365001415537,0
-92.25014823385612,0.6555317321522303,0.5597077838699588,0
-96.22419922176721,19.490846829492227,0.17188853685967131,0
-73.56350654862833,35.100844962106336,0.9062644807390022,0
-56.40472562696998,6.771879084678014,0.061710339183597585,1
-51.76703558146759,24.945207969851182,0.5243829303149996,1
-58.83224139983304,12.90255597384017,0.4087207927552988,1
-86.40966508412947,30.41937327783537,0.8001829114076783,0
-72.35432402249253,6.014322778440899,0.5965243685947964,1
-66.98058965814164,23.496693467310333,0.0542914600807356,1
-72.44937780363088,24.983451353176807,0.20623395681993661,1
-76.05066220140685,12.5222101371787,0.6793962510594165,0
-87.92773011244763,36.07069413291903,0.5638253582507112,0
-55.00467030995449,30.27250279253621,0.7142500097075498,1
-40.38742019278915,7.488429367683742,0.8104334532459792,1
-46.754626111795815,10.122309112612577,0.27149168943873947,1
-78.68310762683339,6.8649928947515315,0.32190877594164014,0
-91.0489489668191,14.343090422930796,0.9371022192836502,0
-88.28550261821978,29.027386886132597,0.24388755424773678,1
-59.954261464932245,22.8942069493867,0.6279126769761232,1
-44.22206873654654,15.449314044486755,0.9831570390869778,1
-51.58993316857269,4.097117536558352,0.774241894084771,0
-58.37670567440967,11.969347251179908,0.8519331920163752,0
-74.46442876634924,15.027918762571915,0.33284342935629285,1
-82.81842265856214,29.45689549342232,0.5213082515720934,1
-86.50190513225648,21.075415321329412,0.1041368345975785,1
-98.51332749030419,26.13920750331751,0.6705581769945849,0
-98.09697083134674,10.449247237038787,0.5221942187210762,0
-42.324368995097224,7.409173914017915,0.9969737697390788,1
-63.6853383509449,26.724443082381374,0.8845217691959534,1
-92.09471002647595,20.972047031520344,0.6223840095276134,0
-94.38502327969763,17.28124883895337,0.7505180729921013,0
-84.08719263324605,23.415340709782633,0.9085327269826057,0
-61.43621615253428,13.016394411907308,0.2538389650282987,1
-91.88671827976084,26.952863779271503,0.09773785486117748,1
-78.7284419122079,34.19082806789604,0.8799734463008907,1
-69.56056122441584,33.9657004506307,0.2651910535922971,1
-91.83835328674562,24.24853370939221,0.3193382727999836,0
-93.65962477829022,7.578118726901448,0.8430972924303148,0
-91.860750517855,18.094584338617416,0.5191765569460398,0
-55.3845095552616,26.67924959111819,0.6160752527219168,1
-75.50061864202067,29.592009997073433,0.41461254922140667,1
-87.58702414593598,22.908925393571216,0.13058548817538507,1
-86.7472699090276,1.071736212724499,0.9123880129515192,0
-46.24578892144696,8.064586346940237,0.6739247328912914,1
-64.77256356778116,27.28599778811848,0.08669936392175137,1
-68.09326940292343,6.1263719507217695,0.9240354238453339,0
-61.909586859021644,8.808502669481516,0.43099084243991037,1
-85.02656907840664,30.15278224955441,0.7733459323685014,1
-85.90326728481581,8.813246733459156,0.8095653759157652,0
-91.93348173821923,23.8546757462166,0.9151770404280241,0
-65.91994148811182,4.49860106129889,0.5382378112586502,0
-96.72998110052227,33.8547797329371,0.18347827863885524,1
-73.57868844175694,17.453797255438555,0.018745396165627315,1
-69.9567356575191,1.8616612239277108,0.4998902353081712,0
-83.40015614401088,37.682597986207334,0.1661217842766859,0
-87.17015072332013,16.08880904192461,0.8413333626188371,0
-47.1029667254282,39.72128205478578,0.55763027916985,1
-69.86332529146407,26.67958078361999,0.7103204074221513,1
-63.53826943489222,1.2370368677414278,0.219579387999577,0
-82.30259136014482,8.295667806006811,0.9969667370390504,0
-69.25117826397835,5.389565258241533,0.6160456413905204,0
-82.63503198663844,4.9634398823123105,0.4493477312676806,0
-55.99030572623021,1.5852686187225373,0.11813587843533913,1
-60.80654170148544,3.677437202668159,0.9872977513113715,0
-99.33899920026788,10.275354373627215,0.9195538144755238,0
-62.69989524908291,30.817076556775937,0.9762119913500036,1
-44.47646826524943,30.904266176765482,0.29026424248753424,1
-44.51789996680668,13.581024040732132,0.9905214557530986,1
-54.589417415227096,8.992778916215718,0.5271604123703302,1
-95.96236913613066,6.184104412100275,0.636135280608495,0
-46.375839599654995,33.53183488222308,0.4830390490913954,1
-75.74341262017306,34.189324824965695,0.8369236514331369,0
-47.866885996491824,20.070465064626617,0.05504201854452073,1
-48.61542216065564,33.24022784814285,0.2598813921410964,1
-63.60807397552332,6.66328977789326,0.531862264195692,0
-48.60314295445747,15.040709441987481,0.9281149072819286,0
-87.0657573801869,5.107965427470851,0.7007097860760731,0
-50.91500736823882,22.303737083456824,0.8116632602391876,0
-67.06272803833025,0.2997539255249926,0.76374547749469,1
-99.96887535005767,36.92003353909099,0.2931787610005093,1
-66.13643917844928,21.643408791426076,0.8620552946744113,0
-75.45789207725622,21.839686175666802,0.426111018173463,0
-78.14847893367676,8.807095914674532,0.9105253505448782,0
-44.3938365106604,31.20263702727889,0.9196171350735408,1
-70.30908630459061,8.12343516173533,0.24937002632345528,1
-55.50312203610908,34.59715283219973,0.9390429068259739,1
-61.311900829930025,18.508255075947453,0.8474277103913262,0
-62.384679057718664,31.289657639628487,0.7657184340005546,1
-58.04125745835343,14.349960089419046,0.8197288694135254,0
-89.50132975075071,36.87526525144055,0.5046619397421217,1
-55.083518832583046,29.7728462735309,0.7932879975272654,1
-88.55434285200015,33.9864003276886,0.029593611945688436,1
-97.36850299492504,21.896375122916186,0.21983583190767075,0
-50.36959452875882,27.400953134109606,0.4159663289514125,1
-43.73041270150103,22.72041397013605,0.6797895420779172,1
-90.30528253770868,11.305065114722005,0.8650638764511753,0
-79.33022687526378,17.83414097847229,0.926647553254019,0
-40.55141406693267,16.892922932443796,0.9007189150124789,1
-99.76324239836833,1.394118789436174,0.27554039849268797,0
-48.39857302699281,13.17237650176808,0.04944487358274219,0
-98.60664669057745,15.240223821397896,0.00522750596635424,0
-99.76816705949751,23.496194742215728,0.5261713497802686,0
-57.29697280469222,30.406648220026902,0.5179389971122159,1
-91.69583205902788,26.02223409947316,0.06486519311129257,1
-60.18273720037888,24.05899689599583,0.0019592665721701596,1
-51.38251952731873,7.91975195183495,0.34964138442913884,1
-71.34964758233603,25.488289912946172,0.7260739282905505,1
-90.78846867672317,9.298824790089967,0.4300067027187059,0
-97.06397826844942,23.48587502702204,0.36986790897692023,0
-59.95618671407216,25.06361688719249,0.7105574563907324,1
-63.813570559676464,8.038534047912815,0.7971326592965348,0
-92.55881108140628,20.368445278235928,0.020149015687771832,0
-66.96089634037585,6.854408949023041,0.9547174282052087,0
-64.26764134440343,24.283941379813996,0.4274165922069757,1
-64.13323956219772,15.62169734688359,0.435865184017196,0
-49.33518720044539,39.76225751197359,0.6567187608609775,1
-58.157918256438165,9.796777386457354,0.009343491855526853,1
-64.83343696513802,21.14461575700996,0.5491927877481593,1
-58.34146400222706,2.305418800703878,0.7199711380941054,1
-48.626259772203554,24.074023082380684,0.9351817471959545,1
-71.11117434887208,37.34270174893128,0.9338806756803277,0
-92.14472127121006,28.46310850105241,0.2016300634333913,0
-48.760937431166255,3.0650264864791987,0.7599498714084149,1
-81.02715089055741,37.69625743864617,0.653638783834341,1
-55.283129670725664,12.030040446000738,0.24537481556075558,1
-70.52455321651803,24.391404005726738,0.7902413614852474,1
-85.37386151385797,10.332956103078597,0.6504674278677705,0
-80.72167282689372,27.64744515929943,0.3251984449270712,0
-72.10104541597218,9.485302170754562,0.3818370092920915,0
-86.69060186951933,20.904792088171313,0.2625112990561205,1
-98.26002980773184,9.950312297341647,0.32408507002760856,0
-87.73805837504818,34.92105908138197,0.16416021511665668,0
-52.575203899265645,10.893024247913644,0.024747352628982755,1
-70.17456029160411,15.987273361946315,0.2778595612367204,1
-70.36541541073606,7.748592658876148,0.9942242754297259,0
-79.46385554271863,0.3398055267433664,0.08635726785875641,0
-97.30214545007036,35.34819933812311,0.281218240106868,0
-89.44901504313964,34.62150808039406,0.7400078924455995,0
-99.98113482135479,1.8467374729719221,0.5255038017451873,0
-53.40109384667704,30.39441257648926,0.17772414643015855,1
-64.58827703403243,32.04999237067083,0.31126356016866963,1
-84.5709715581534,14.251474474819016,0.9426617561600461,0
-57.01876232014356,5.929238676679707,0.5541631917926418,0
-74.85314084102177,33.223660874464564,0.8159077776669772,1
-58.561175613690786,10.911085845033618,0.43113151145533724,1
-96.0212309427415,29.04942843971737,0.020011131435277774,1
-59.50437395136643,32.55810311302355,0.048034478369946565,1
-93.51231017490474,17.135351942692964,0.7892857473489322,0
-93.2069630195769,28.952810560754344,0.8373523399507704,0
-90.94041211389595,24.075139899217742,0.9178438371072929,0
-43.1555143658502,0.9395171267768987,0.3481046723240315,1
-62.36146955785341,5.979139081750153,0.42576165667666543,0
-78.36055993298474,8.587091115578565,0.7724891914852918,0
-47.83794936956401,19.805634216788732,0.01038146819241903,1
-56.584304583830736,5.1820430893498015,0.7996302264122229,0
-50.33555980839877,0.6438444637472829,0.6476861839525181,0
-69.2356453235945,10.414762734658748,0.6861658311336846,0
-41.05799901372805,15.721358906637072,0.38287381964741674,1
-51.849548244639514,15.266093915002283,0.24487280071895634,1
-49.210279224796096,12.16266295421557,0.2670660079562953,1
-56.15748739590613,39.90037392415088,0.1628782658773641,1
-42.761309063974956,36.99757388853338,0.8056768430534392,1
-64.31783968494398,8.4303230160688,0.9664342197697029,0
-53.88234463243725,31.511775476605717,0.9313442163496078,1
-42.24474228910571,6.201783851788063,0.5240215465352018,1
-44.32970691500699,1.3267650476728399,0.017422697280147226,1
-86.48546183802328,3.230965932242529,0.6374040800814198,0
-47.60560381876715,26.825382426983907,0.41260924064630744,1
-69.98937086337924,3.5621089755350743,0.26105386096451033,0
-57.09255859257893,7.2315912590941345,0.4852585684088412,1
-71.74927038404955,31.734309555002778,0.6688409214766441,0
-76.30398741228782,20.69658260565806,0.9019545917149548,0
-40.49153701014231,5.242279243657926,0.26860782673767314,1
-62.81988844180832,13.790179940217119,0.09448222644536564,1
-87.63078478563871,19.957794357852077,0.1661526324428213,0
-88.46439195241027,7.457705980540852,0.42317846110974666,0
-50.07589555311847,26.64568232759088,0.5702654188757759,1
-78.13149641338016,14.01670256994063,0.6843065526068304,0
-92.63452405531083,26.43515100427576,0.34881466452617604,0
-91.09341688906134,19.64713783967302,0.23836990323939877,0
-90.29859891032069,4.032753799262241,0.43368458199483995,0
-53.16919962542364,20.989962176408365,0.32773515378840823,1
-95.25596971218353,16.659934547587937,0.29335654029741964,0
-76.61671012609312,16.310085036590873,0.9530500754702372,0
-43.77909994742418,24.673119254063025,0.7308064973242993,1
-56.210864736171764,22.63194436703497,0.6180632871260189,1
-51.46405074455194,3.796114860776023,0.7718273676258313,0
-46.77765878016684,9.136298089764662,0.3726386845356917,1
-98.70082749807779,37.154987486368626,0.22374258785841405,1
-85.71811842436323,26.043806137999287,0.9645402321786493,0
-84.44291194551067,34.435887072344606,0.9698422922627322,0
-89.14440086614792,20.494858518502134,0.6405063924226293,0
-68.52551000371994,27.057861344820736,0.8417156910301468,0
-41.041314859800515,26.402425795499504,0.03333035545779428,0
-68.65128105476833,15.989663362076598,0.514033305201422,1
-95.46131417809056,6.805747905978143,0.2555531166426189,0
-85.32780545489165,27.13424000381062,0.9531181423379456,0
-85.29398305989804,39.14069329650798,0.6364093244477284,1
-92.28626767212216,4.111159179704247,0.4562350701982302,0
-96.96973808854897,10.503083924029774,0.24965138586836155,0
-54.88296950369543,28.17956798670448,0.9874254632638881,1
-48.955965910221714,18.227358066887653,0.3989046665487256,1
-97.2422050395916,0.762159477862574,0.6509696828367448,0
-98.13494919951818,1.8042091568754515,0.48380188047959183,1
-63.63905075799934,29.071433117555706,0.2612730078601363,1
-55.73172773113947,37.686101880751124,0.8952712062235001,1
-57.227156674442874,2.192991638711983,0.6758777597984239,0
-76.58117976600694,28.42743995162094,0.9559665569495504,0
-89.54494943612694,30.95014636036156,0.6488492599107647,1
-91.51971442398052,18.172206367585364,0.0463801704890866,0
-56.31794551729781,5.071659817426957,0.6278513436865539,0
-45.954020647750134,4.023603214000189,0.9083372302771475,0
-96.51761525765666,0.1352858182552552,0.6091498234323106,0
-88.12115521498558,16.8659148182234,0.7559248562107664,0
-74.53887634271427,4.598726458701989,0.941205325928942,0
-70.98930153977913,7.012388368396474,0.25922579263277346,0
-74.18640841923978,12.082755468897354,0.7115637459871642,1
-91.11800679384629,31.544767915173196,0.429320274580376,0
-45.24504713816188,7.13880375228511,0.2617348896353675,1
-59.086245695975585,17.310280085731968,0.8889990944332524,1
-75.36273047294105,34.828735468508725,0.21186808395249246,1
-66.94547389057583,0.05841230194607583,0.29748883343290133,0
-88.50381942023802,1.7437524626339407,0.3750191953027676,0
-80.84026801677172,37.17543779593139,0.07532422545689499,1
-83.80603936261949,33.685314056092295,0.515478785401187,1
-57.33023210835055,27.914813682809132,0.31885075236934834,1
-57.73250271799498,5.8474833160294315,0.4817957831926001,0
-43.607674646344584,7.231547616489675,0.8648672835475447,0
-98.9455629814494,27.965677732773557,0.8523820928791238,0
-99.17928134357933,21.816476743168188,0.18324192496516445,1
-86.47194174143952,7.767339302235494,0.6648101561133504,0
-93.89968582577704,15.946539366482337,0.3704063367721899,0
-53.5626370866422,29.630910185167558,0.2914197555187794,1
-95.7061299962829,20.193494820758588,0.11658261482306076,1
-53.658820739525915,18.721140711875375,0.8148126255387302,1
-56.7582431968989,36.03759557007902,0.06978429751691173,1
-58.50675117355488,5.6612489566727,0.26473521604998074,0
-87.38204234385647,21.054475792607956,0.15793026680851185,0
-48.13297708427287,14.340606295513156,0.5324583146673953,1
-89.36397534298311,37.15661086299943,0.2085186495260083,1
-63.79453274000071,18.79118099499365,0.9257309338599092,1
-56.36148642235414,33.408027806153186,0.9866943047156446,1
-66.22252877282251,14.542249705048697,0.6454593244904878,0
-98.82683502784393,3.947005113151696,0.25732982681427363,0
-72.08515986197025,21.366905769310627,0.8467659060654207,0
-73.65789326631419,33.9600389130342,0.3642905190219512,0
-72.37626477441859,39.25088169114697,0.19883179018357255,1
-44.51149424127837,33.144738820107705,0.9272838317012132,1
-64.01322064269488,35.22086739231852,0.3826247603328814,1
-64.74869316826755,13.007178917902639,0.4392489258702118,1
-84.41546487480178,6.714657377776674,0.5826482056934079,0
-48.120079718134456,25.39675508937693,0.6049592922223558,1
-61.85943847166257,19.381993355265656,0.9243030743046962,1
-70.37967542376126,11.31241428600688,0.5847022906597561,0
-50.25097057925498,29.320977736963304,0.10454916332790265,1
-46.1734093626008,37.2558757660894,0.37719409508251034,1
-60.838795907844684,17.156269295365295,0.39795355494907125,1
-99.38527837699124,13.55611242869121,0.5432594136299661,0
-47.32438649099775,19.367392655386666,0.8254183066213633,1
-60.40025687193092,21.078215516208733,0.6504128083200981,1
-52.04591540209168,26.41179348666561,0.9742583920819264,0
-68.10061429186688,33.790865607859025,0.05598177048352582,1
-55.14964673416282,18.08948940039594,0.598974217053364,1
-53.583242617504546,33.23365005388325,0.2797579704473615,1
-46.85768974849823,1.2911420854398692,0.9872248338368804,0
-44.26419897241845,28.59324816709677,0.7201435779279806,1
-58.850173142570576,21.64673820082827,0.5003941255922775,1
-79.57933216441674,18.491374964860732,0.7007716892387874,0
-47.24570686600135,9.448921302327179,0.7054739505465614,1
-63.56931915478919,26.28044014785878,0.9909478859461905,0
-68.33630943244017,10.136778421921132,0.6893682958295169,0
-96.79894105928909,21.093140832538644,0.33073229147171435,1
-40.27213164498177,0.16657577070799956,0.5980949690553223,0
-99.2768882190445,12.830942643833412,0.9170576210035757,0
-47.03144007132519,30.939090120671988,0.5443478082659097,1
-46.951257317990965,18.955994561911133,0.25601782549530105,1
-64.59544627850144,9.847032895712275,0.8872275296400584,0
-87.31173197477085,36.381304276305656,0.533429083706426,0
-89.76779643295272,31.739605100209133,0.9191411354272365,1
-53.50552579712032,29.70161512351785,0.8536732553241961,1
-90.95535002343439,10.784401312875422,0.079195821165703,0
-87.58885829790908,2.964509670322384,0.18995969332282903,0
-60.798142803818095,10.22357515466092,0.37351030401967356,1
-72.5294683903974,19.868805321389722,0.1540105300724739,1
-58.41171792073418,20.774929194736103,0.43942783576066,1
-73.97325836064442,39.89052632358084,0.7232760847674212,1
-70.3555223214596,8.624725563736991,0.5456676825882182,0
-61.67614522615715,6.961529284598056,0.6755527678800386,1
-64.46757101890313,11.60788487921614,0.20546806049691435,1
-77.71009467275657,17.761929578381658,0.004400990170606023,0
-41.55110481875867,10.4842660670744,0.4709798902993171,0
-73.611457451172,37.396412790897024,0.8276755093412075,1
-80.80686455757906,15.274120586742225,0.6391314025148523,0
-77.29743911167773,3.092390536976519,0.5192982622515973,0
-40.58331477443473,14.30774924016617,0.5109891956927999,1
-46.39320161812821,29.9910246562087,0.31532118755191585,1
-87.29367019202138,10.027364822170375,0.7262451476792189,0
-72.2439963573515,17.17325951751047,0.2526600620035765,1
-47.08556697166435,21.172014796532125,0.4504166990174734,1
-95.96999986913399,23.636855798481452,0.43031019119477953,0
-63.13683360788885,31.736486143237663,0.22939142515993471,1
-93.45674161105413,27.970960692641157,0.12516332273385078,0
-59.550815962362115,21.13451761825854,0.8889326388302077,1
-73.22305968517351,35.18975623759948,0.6307188271482967,1
-76.99943239536952,9.042575226929653,0.13203028991984922,0
-88.6618836182462,31.611198757817206,0.9766344363584883,0
-98.91204097241405,24.32973288398282,0.022528722504895904,0
-77.28960421068219,12.484110365970942,0.47065900057472243,0
-51.05616186693659,24.843506009152712,0.7240671123981679,0
-68.981320662424,24.393869827465092,0.32808867901995575,0
-75.3701762427407,16.31257853609689,0.359082317463601,0
-41.24540562479234,17.870179885311565,0.7371273818910178,1
-69.99026282493527,20.797678720369458,0.5799040396418447,1
-63.02427790056582,35.09906577456877,0.009983914660969817,1
-44.62048080067618,20.061868803611127,0.623475045655337,1
-47.49400617631164,0.8825315066211648,0.7230577601114022,1
-77.75211854604512,17.624642797137934,0.2888681815535573,1
-80.65220088509334,27.45632242873638,0.5979237598819092,0
-54.92057345252187,15.066764480086764,0.9655974881700093,0
-74.45184661410526,35.25854381186991,0.39578465469271396,1
-86.15964754064453,17.683513575269487,0.4027240256302562,0
-55.115742455206444,3.4288210695541155,0.48639587081280466,0
-50.901527877768224,29.77226962409648,0.48669736557427945,1
-74.93645273059022,6.640659820859285,0.2365399394177442,0
-54.30953513080619,18.354862840757473,0.7323884732812229,1
-97.43020005437862,7.441774518423756,0.2283556840985168,0
-56.87187528776063,10.24541524496847,0.14579132869464762,1
-64.19641897408428,18.908950155133436,0.09484214931030965,1
-57.08769974067122,9.253600602364859,0.6716801546576049,0
-84.15636465079211,6.4025764529416485,0.31811448846877155,0
-50.161910381028584,14.204813721332945,0.20896370006654863,1
-52.555721566240365,12.322520375583412,0.798881045216278,0
-54.207054761670754,4.1025169748886725,0.2762282567210338,1
-49.42987745140599,9.289777618970385,0.8801056408963149,0
-79.31012443606973,34.78045853906826,0.7286306342194762,1
-67.35411451106135,11.699295761398773,0.7341957552818954,0
-87.32938479922929,24.55197842780646,0.7659330872795675,0
-89.84198307883295,1.7741811000735908,0.6165418850616528,0
-89.3599802021961,6.195066257537256,0.4222051780340952,0
-40.65594919535605,38.684579664760335,0.8219667080413687,1
-84.98280441201558,11.567309662431636,0.4954936663532339,0
-73.6436762913705,16.941322215636525,0.5586195204047831,0
-63.79564255074348,6.023863348422602,0.6631374123944768,0
-45.99452331137904,31.44824601705487,0.050509417687643166,1
-68.871145050772,1.9905300650628188,0.9941164095450801,0
-56.22825775905366,4.088271703954307,0.2713985166168402,0
-56.29750205521546,32.20903038035065,0.9422970960626906,1
-96.13906106950424,9.353199387163551,0.7559556876124358,0
-59.8958222925717,32.879673685144155,0.4830197345132503,1
-67.93486286548924,15.516824381949906,0.8381523387221816,0
-82.8113691163612,18.352290598913225,0.5226598284116154,0
-45.97115520964474,20.531236463762795,0.9799748916167188,1
-82.88128038404717,20.860243307931036,0.11664474083172993,0
-58.0871731646973,29.47018366573944,0.8310543120981915,0
-67.03741394860825,21.525752354196786,0.5251181779597172,0
-86.72671659852536,31.77616754161688,0.00736316385286373,0
-71.2648955313997,9.523746082627916,0.4361001072126608,0
-92.92936594565013,4.327952745695085,0.7099730003956346,0
-61.659181044150124,36.4130548656962,0.3393211520095586,1
-85.57059509762964,4.63536312172387,0.5398592283139193,0
-79.61113983740242,37.1145225213026,0.5944290413941646,1
-97.19170349107178,10.107802443889614,0.9171434214658989,0
-44.263573847719606,28.284016637680356,0.4940199775469216,1
-57.45738218593376,18.953714456501267,0.5804511504393336,1
-69.6405319713484,27.019366916163825,0.8588839258978928,1
-93.66466354677992,33.84539740525843,0.3971499753936949,0
-70.62827204017135,21.572722970354732,0.6201144073753859,0
-41.7184585548695,12.599058425189366,0.3876744177948246,1
-93.09729505926309,0.8342720189834418,0.10498281784880992,0
-80.40201205429469,12.829478051019034,0.25308994421549613,1
-52.65147760786442,29.914930580538805,0.3616724511543823,1
-96.89501526376691,35.13624056270509,0.44609250474883766,1
-68.10971608943508,14.343596979159017,0.1281569470500742,1
-99.82772133431122,35.197730035111846,0.3695719057261878,1
-90.75568425375837,39.94598047659177,0.26945460239513397,0
-73.93904510648225,34.908408484170536,0.9026829399495103,0
-64.84231755423671,22.889871477648335,0.4534298546425123,1
-51.15877692003792,27.206495824826217,0.212034744918023,1
-43.68335975360514,9.227328035942781,0.14179747546707266,1
-63.398529493305276,39.27417606561613,0.9590727653144291,1
-95.11345112555092,39.651463019434566,0.48380874469067436,1
-65.24682586348624,16.263621755319768,0.8153634452631032,0
-42.99793220775192,15.725834651695653,0.5250757095993298,1
-78.72066543661812,32.305242737901295,0.42641014917707076,1
-93.09743107826785,37.7456748574392,0.796943638307716,0
-69.59207518806369,11.239872901677215,0.9380690454383125,0
-44.11228424146665,4.2203419382369045,0.33379216770392073,1
-79.98700441129867,13.885156381643288,0.27259659010024395,0
-41.77402497458062,16.2718304163985,0.5794730554671664,0
-85.10968730698636,29.048522936774074,0.09578189678884819,1
-67.06674465960597,7.578799343128195,0.9539230718828384,0
-78.57306424620289,21.542794111485296,0.8778035800022708,1
-85.91779065688625,13.593122145018057,0.02777122682802169,0
-74.5806927669637,29.85440340784415,0.2835226839558672,1
-98.08423130074677,1.1680564672337201,0.6328308278195865,0
-57.067360172951076,35.555981723039054,0.2948836980456071,1
-91.21661026682756,26.131557642436476,0.7356707064882388,1
-77.93717171005194,24.319715429071366,0.48765798229767576,1
-86.29381169695438,27.973709166830695,0.9774161237588991,0
-82.72870743711076,34.1083096180746,0.11418254067718303,1
-94.43659973941801,21.271341967226945,0.31398483439559544,0
-56.61317187127683,28.63866352942695,0.7411405204967721,1
-99.08859371907973,15.36856497548702,0.3938176638584786,0
-79.17814244178459,17.843152677848295,0.2492207514815038,1
-74.79821564901088,31.091931178052583,0.7734926240806872,1
-77.59352088798053,19.928254451138145,0.4016186569510982,0
-54.859088602096875,22.89505292610692,0.9622992094511911,1
-88.32349595177479,2.4701413033750397,0.04130210525028366,0
-40.34384925020303,0.6100150743395183,0.20087588859849081,1
-64.00792931034528,39.99828365120362,0.11808396479802474,1
-96.97721570268673,19.80245323838552,0.33017896792632784,0
-65.5421627220669,12.518419225411117,0.21873347976002333,1
-47.50616797164464,20.121074061792346,0.997605472747649,1
-65.84117149531525,9.63398460115538,0.45386336121883364,0
-96.74253473512525,33.45447369734352,0.9316235711824974,0
-51.347558925362456,33.325956111521066,0.865313750906641,1
-82.42918964471748,9.36964546888242,0.7447408779123617,0
-57.486389786887464,0.31842725048609744,0.6941430374751396,0
-94.61480588492829,3.468140818332728,0.3659496803741278,0
-85.76106383167723,28.17571692901176,0.9365573323889551,0
-75.2644842121555,9.108895441163574,0.5567083688487436,0
-75.20916562386432,5.793155268565173,0.5559550871330039,0
-99.15432127228866,28.7983567892688,0.8100134696634633,0
-65.08005227461516,11.21137223993462,0.10675055242795806,1
-86.04155548201398,4.056019965064062,0.033067973451222255,0
-97.26516077994732,12.703874145215345,0.12120918595555563,0
-50.93452035911006,10.081749554582009,0.5277423181064005,0
-84.55180640628855,1.247430019864466,0.4704238268210845,0
-42.449767655977105,29.65968863429864,0.18277306439935836,1
-49.239546321525474,34.04934312475612,0.20891518842542534,1
-74.35456300715236,30.856393477187808,0.6031388080236136,1
-97.43656620517424,20.08759520031592,0.8277952986023495,0
-79.81195504739638,14.509941461988433,0.3679396515244425,0
-71.85969525923967,23.21175950727703,0.20048975909191247,1
-68.11533753972535,19.037143669247566,0.6211078160177004,1
-69.35461079508912,5.905718532237447,0.05056812859104809,0
-64.00284924325948,6.4301575713504056,0.8564696041010135,0
-84.2456523303907,20.674395795351064,0.7130540874836038,0
-66.74211188322411,36.18887782920056,0.2203789747913073,1
-66.17037351190726,37.20342810498803,0.13383772870868327,1
-89.60039222224266,25.308383059256144,0.9540815912498091,1
-44.423000735705614,30.758139885294376,0.5593729790152182,1
-70.9998992070318,18.277222770253566,0.8750377760534784,0
-61.35943591300789,15.697451416320494,0.8563771987199228,0
-71.45770442644397,14.380834725446764,0.35093220186496554,1
-66.54499019041702,15.01972406100801,0.6882081043791345,1
-63.183673897184555,36.63445920972498,0.6662190118124018,1
-83.92746387536435,31.463720666651035,0.19886604391276974,1
-96.91718505443937,12.434102315626681,0.20391997735677458,0
-80.43219144249977,4.908751756135348,0.7644183999066667,0
-85.74049819836416,25.539552967601907,0.1619498362790961,1
-89.28374945817293,25.58999710742936,0.15942941796638088,0
-62.01104907131744,4.656415766036992,0.8290438640054697,0
-87.87399371602557,29.324053909467583,0.611564930859349,0
-43.627309553227406,15.399470071174814,0.7327557301633951,1
-43.160812256223736,21.87604540187518,0.9139808564556439,1
-62.38285957406387,13.22760485083975,0.17075329801297112,0
-69.77268324097192,27.064194502278788,0.4696029527000837,0
-73.35891890257808,37.07670933685984,0.40765774124431686,1
-95.35383488437371,32.29562820120603,0.41998275888181713,0
-80.86795864384885,3.540087913807346,0.9934272267577543,0
-68.23651875842276,37.92966103025033,0.9719438450129215,0
-66.47954221149664,20.686953628403742,0.6430192072178348,0
-64.83178268956415,8.762418620730026,0.4999992725635426,1
-82.615354685845,8.512981116734597,0.9846579988472393,0
-77.38037086176776,25.362100468216017,0.8916463870510191,0
-68.15660253638595,18.808412560722758,0.29490412311429093,1
-41.67578937214686,4.40030560197862,0.9673610737208738,0
-57.0755722230519,30.14701021015872,0.6874842621800981,0
-60.725802023261096,21.595930115075266,0.8995794954221419,1
-42.56685104743963,23.46599507338816,0.2695215985818661,1
-87.0893035222769,5.103411752559723,0.5978445942484478,0
-89.86761750323711,3.965570610058875,0.8056841343217014,0
-96.68645341868516,32.88467244609853,0.4198067473030961,0
-99.17335868235698,36.780615142905276,0.44138375089940096,0
-49.99824103981552,8.805504986618867,0.2931508321614832,0
-80.24837973608595,18.13328126784758,0.9457223369470639,0
-57.6836554313409,7.082809526971365,0.5765387630544204,0
-48.428152491440486,16.425609026445063,0.23340820723085298,1
-61.431384742676954,14.862020360696185,0.7255551034203971,0
-83.19755247479573,0.6059180447608981,0.317148477585139,0
-88.10972622265386,27.542448886931837,0.0032754674136388218,1
-57.84587802699598,19.960034616341318,0.17999717648842528,0
-86.09548815449811,19.42373171183283,0.8689497431473209,0
-80.67795510813687,27.704100102488177,0.961717084829166,0
-54.22058384001789,0.09198287339338584,0.14731743331904856,1
-63.235470597980374,21.76145682354211,0.09855279880778733,0
-72.83369529323093,9.188031470106583,0.12056395153594557,1
-77.67529530903848,31.283359522963046,0.13497096877171288,1
-77.82570361859453,13.214180574158426,0.2360136413761138,0
-59.90015555229078,6.474280563657255,0.7819757701753078,1
-55.17545196220682,16.261769940209554,0.3487506487975782,1
-93.8006285374905,0.23812576996665946,0.8858006742236227,0
-51.42524786035688,23.164117829869234,0.6889475400377228,1
-78.14831742964837,17.823183614375125,0.727414549999095,0
-83.57640253225921,31.202840874244288,0.6568455931036363,0
-74.72319233900473,17.166494989179085,0.36913357557691495,1
-86.26397354152333,19.80588918606379,0.038648304345322626,0
-89.37991533271953,31.122669709953694,0.8951362230675756,0
-46.644855995054954,16.177089149171056,0.944048948313187,1
-60.66360505340708,33.08079744856766,0.47300777411047024,1
-59.38754597963137,2.3879507063528793,0.43889178868662004,0
-83.28363684199294,6.410291016879568,0.4960843254077554,1
-82.21675067241927,28.666743655792754,0.8416854628078343,1
-52.71735797810139,38.443323717389205,0.8048872527313238,1
-88.79644587883406,16.980788025349387,0.6149410760767986,0
-66.05368597408474,23.029926334700406,0.10896019707829452,1
-72.92708235056406,29.38120340909021,0.49488573435206085,1
-54.584830141150825,2.7685975833647047,0.45833076108640836,0
-91.94766239767814,35.80882194907708,0.9885714657173107,0
-91.67754381047145,34.84629773704836,0.6197928922396228,0
-48.88792865520734,7.504703448234373,0.7681159859657591,1
-87.53615587782511,10.3437208893124,0.42687941751754543,0
-80.37060034851747,18.901853280670164,0.91228843601092,0
-64.2140519265495,36.90930394663593,0.4144237856031584,1
-98.63176773821814,8.971646297921998,0.22074891177888667,0
-98.4389557869058,2.3814233047578526,0.09292180323286525,0
-44.98909554224826,15.030670191724056,0.6856144368324417,1
-52.75406668084277,10.208088009028655,0.28773535438235265,1
-70.19847193269081,24.584810145655634,0.5235835295936259,1
-66.8282815878882,0.37808212023146215,0.3701593721151414,0
-42.80777352948108,6.1690469737445985,0.4750032111835014,0
-49.38550290413483,2.672756507149505,0.39469857443516954,1
-41.19836922674845,36.45576187269877,0.5394112796593747,1
-90.71893302048547,31.5111356099033,0.3265724524515091,1
-92.12770235705345,20.54270042302779,0.794477797603065,0
-43.07365568768726,7.885323832233806,0.25346241009942994,1
-99.42021677438511,15.787630056947744,0.3276448909023605,0
-54.68018963231533,27.902665479162444,0.7182520664346251,1
-74.47464220997585,1.366282178115501,0.8035275008908261,0
-79.21671765815468,6.627432518177776,0.8777540021234856,0
-40.96632017342999,23.398328313891447,0.9589879486315577,1
-91.4186874900019,33.06383372405428,0.2875016095171421,1
-44.332274189663174,11.909906405266618,0.5713881754428211,1
-97.4468909411934,22.21539173823627,0.27730933429956084,1
-49.96000234429575,30.484821620232175,0.7770135255366212,1
-52.60564109586475,38.68396691213952,0.12633341655747432,1
-56.65843896421298,38.78192689074754,0.9657208521747049,1
-70.66146907934353,24.76750189409597,0.6633970088918923,1
-84.46990490889297,15.222134640766942,0.9558582266764598,0
-65.63775184400838,18.899369679487176,0.6245705499368085,1
-93.27261019165667,27.666997468404947,0.9413148942870815,0
-68.30556238476048,11.218365998149874,0.013975616360012877,1
-88.13998106472162,35.434457362790994,0.10070376837390449,1
-43.150417297312906,9.773304556184392,0.540317638743148,1
-56.685749141320855,14.58956945338079,0.7982963612559077,0
-58.42440456484871,5.52905445753026,0.5492829324892818,0
-87.96625172070677,17.521553913805704,0.3462676300510643,0
-98.38385407547304,34.06923723344113,0.45621520076031874,0
-43.82329043172006,13.206109906469813,0.06531022860736901,1
-71.32736355857526,1.2922405717863183,0.2536349908172345,0
-60.62385764035059,24.319290421527175,0.2914860268283572,1
-76.5732093761824,7.905348434750885,0.4626987612797415,0
-58.36843994745992,24.611019265642852,0.4742476828706117,1
-73.20419859294952,7.845547172233656,0.5966751781742086,0
-56.97883163422668,26.736875607191678,0.11165374133078265,1
-68.49440599930817,16.469225508125174,0.3273988024570519,1
-61.093109764741214,30.834527476404503,0.33704683959654524,1
-85.16060358761395,24.530089058527214,0.8050140969203784,0
-81.51238227782389,19.860245954558806,0.29901412840986763,0
-83.87036686669052,32.080599107732,0.2082844629777535,1
-66.78914890078278,9.72464657737409,0.5817199769114154,1
-50.40107566058275,33.557602714333754,0.41616329594374724,1
-55.91649215316521,25.329839428778662,0.18402815397920402,0
-77.3849710926669,21.225416786965713,0.2852638838224858,1
-87.16885147264006,0.5879399323470968,0.589138371460013,0
-98.20991379401815,3.2260562399942883,0.8873894901794349,0
-68.79748693884905,29.44082882626393,0.8104106841833782,0
-88.70068151131889,33.333962834492375,0.7937612040530255,1
-89.70174924226905,0.47111725728159914,0.7724450960121576,0
-88.18659136659792,13.01778292272546,0.6183997461970397,0
-92.25706462610461,16.926568451613015,0.6127435598300014,0
-45.93368121095939,30.07402420906455,0.18027395803110502,1
-71.24359706222504,6.27367551511155,0.7400875994633775,0
-90.35905643332227,35.04006206402578,0.24144820075446205,1
-66.19183023625112,27.175747007976454,0.011396067764782858,1
-64.34233431917077,2.070472638469667,0.31814630412133826,1
-41.019670055428705,15.81759335387796,0.7964069315506718,1
-77.92573958669095,32.48396176148675,0.12846727043362072,1
-45.627055807156886,29.068154657424458,0.586003791831002,1
-44.38367227856638,26.12153531678367,0.7142518511820412,1
-52.04718866551054,39.15143071823764,0.3128195601225233,1
-62.68827816073957,12.940371869522064,0.5373135088912893,0
-49.64178567593478,1.2654437429407395,0.9121165660968518,0
-62.46502152769367,25.595451293165663,0.40234047214584745,1
-95.70150741432016,32.703092330118096,0.6252961657873995,0
-45.573782670627104,22.49515190922729,0.549255217704818,1
-91.5016619216257,37.642202162598885,0.925001685612354,1
-61.961493299134894,11.862100028864301,0.5251793489020143,0
-48.15349877107927,11.294649048794687,0.5514791699642002,1
-96.35020794991831,4.816731671937418,0.1702505871771487,0
-49.21941898060184,6.3625795204905256,0.1251498895293619,1
-88.30973881111649,11.889401282131807,0.15172431764546557,0
-69.12223947301901,30.335181639673085,0.7062553576291646,1
-80.65045916988008,38.887444351519726,0.7324794635900412,1
-85.32237203445828,27.468543750237234,0.10447215449330238,1
-73.30595092199009,31.85694793777572,0.029921906840307377,1
-80.93665991144238,34.268788980768726,0.34514647854265024,1
-90.54859952095123,9.871858782539569,0.38802090237032727,0
-64.68084088046142,4.60180154362734,0.5838754613276652,0
-86.32793280682998,5.440225743125908,0.2960283771369646,0
-81.87570587298168,17.704621157748708,0.8602804437794483,0
-68.21196334555174,3.0856176352356,0.8482553817797372,0
-74.12174013280155,3.408161838635042,0.6074881362384156,0
-81.78049497340785,24.95766316186032,0.22930923331271347,0
-71.83940588817728,24.799402838655013,0.9874052447587592,0
-90.81044904792078,20.6475050774295,0.5380627750786954,0
-52.16426846366635,20.910497224792334,0.8398299932736506,1
-92.95121884536734,35.49104216967383,0.4667409766035516,1
-67.87035435793939,17.920227463972505,0.3459481043748124,0
-43.5643354182689,8.948903617160227,0.4710187315656543,1
-64.26733727699225,2.55092526041766,0.09224228657896794,1
-94.43463535453031,21.453537235229074,0.24933040216885782,0
-83.01884069356905,12.93806386779288,0.4472748073435431,1
-88.6623769468188,33.834199650105376,0.32395219633075156,1
-78.37708838019938,10.381837529645907,0.7947769231476925,0
-58.34697641872052,15.470219254951157,0.20488149415559775,1
-79.63228176575856,6.287033294185664,0.2522964344595148,0
-67.07482733648374,29.912242002209414,0.5929716183777028,0
-76.42708026127588,29.19938122918444,0.9291348267141065,0
-71.6928567902184,26.680838197775746,0.32223662240415885,1
-81.85967827885008,17.24303953520424,0.3194040232994898,0
-60.89106873654555,34.49019331828523,0.6633983273061418,1
-64.53503068630864,36.82504013060437,0.9720083663354617,1
-77.3343975204421,34.60758723671786,0.4088272999145004,0
-96.80495989161169,34.38715295296342,0.2373606692884701,0
-74.32329192077768,20.291748422225268,0.6846067342594041,0
-88.35999733042337,13.462986620411645,0.6509463762838361,0
-67.74954024776773,34.385896327356875,0.2086563115321841,1
-44.23375439933805,15.054335991992023,0.752714916610162,1
-84.93630006332074,8.013447631114339,0.43422474862231963,1
-85.82394536330018,17.495264788908766,0.38198583273912357,0
-51.973011260892946,30.69444483776533,0.2328204657708639,1
-40.548049353636195,8.6861055843048,0.0943823675493507,1
-77.04066977115178,26.911802183238272,0.5332945478191349,0
-67.02948715225615,30.542496070733268,0.0859582966645338,1
-44.09786401959261,14.021266274310245,0.6211465327558524,1
-65.50785747833595,17.911461994688203,0.1424465119168037,1
-66.1422276502368,33.50507727100841,0.14674859944991958,1
-56.372580080971055,6.5226650423177235,0.7525359744187902,0
-42.27285101850487,6.462128615458136,0.9947427003607232,0
-89.33283354515352,36.8751397979033,0.6882041586077422,0
-98.45777370548355,30.208527690212126,0.7060524001799148,0
-59.09099646122087,15.79501239531401,0.5931767163377466,1
-95.1591772951201,33.19875322723825,0.4243978369499758,0
-80.85205068402004,37.11677048853002,0.5673120142193134,1
-77.03051039379221,4.4409171961958815,0.7996250336316335,1
-42.403454839336085,22.096766045677608,0.07231427177993832,1
-68.8499659051407,19.28239787400588,0.024874674040482603,1
-87.12491963082824,9.046668194040826,0.7315089038554331,0
-59.79317508494543,2.8076179288988845,0.31904633033093965,0
-42.1288668316479,23.67467609565719,0.0727486728040293,1
-56.12725908410719,9.209299753377413,0.7142448658562552,1
-98.85795113095081,28.476541710312354,0.843896932185448,0
-87.76836236022737,30.193486274216465,0.11388766040838005,1
-91.88308428932861,27.368493409291226,0.9741288203735904,0
-72.97325259136579,2.4323715384621547,0.8859060005137254,0
-45.158796203121284,36.50611922477095,0.665212418282473,1
-64.92166995195007,12.68392958500499,0.5389158254824645,1
-60.32736526179288,33.60590467948875,0.783425652147205,0
-90.57388583569279,8.913972096088223,0.9658045866168189,0
-79.23617062571591,29.840956983712953,0.3912968538354481,0
-94.02942142807257,31.185844059236953,0.548644228202503,0
-53.48600486840711,20.436294186794242,0.6419756093150326,1
-72.11922172856023,5.552402094579514,0.3898626635283189,0
-77.10750096232623,37.13765393876225,0.3316487990973179,1
-60.81459602174903,26.03545876908762,0.5076550603517804,1
-54.24459448224156,10.377939043775669,0.9425571677470318,0
-60.84884795484021,2.181013910159386,0.911142644910069,0
-98.44825584859011,25.838788759128693,0.5724159876532829,0
-52.77551062434201,16.811801443529298,0.364847457728404,1
-66.35627282045417,5.879913917324613,0.2538189420537096,1
-69.27748399219273,15.154975896956584,0.1851383268923158,1
-60.79628802955555,39.495296905907374,0.2799082327310134,1
-66.91414436274681,9.809164668272622,0.38279771235865234,0
-56.8989662096107,34.099144706307484,0.5634014471684962,1
-77.99541406420242,12.444936768300106,0.4070771513651906,0
-80.0270424751572,28.22624219873644,0.47070452604211566,0
-55.03082311844032,0.13812428302113045,0.8662267202355404,0
-82.79536594124693,25.93907750640264,0.12486469445537696,1
-70.54120969970323,21.17705834193194,0.7884894634377253,1
-74.68399867882368,28.532672985614262,0.504679155687256,1
-97.33255141381717,30.901242121928686,0.5122782166223382,0
-47.97966394860414,1.1946508957908097,0.16738755756478985,1
-86.82975094309941,12.397191719808674,0.6066047196070601,1
-83.04793592279734,7.271194422471479,0.7955173748696003,0
-89.62033328850437,11.340723470381612,0.5388730865187122,0
-74.61481682198034,26.267280122542893,0.7455515904300818,1
-63.342479294998085,38.30414915891771,0.45671535874938163,1
-71.94085285298725,17.482606658482162,0.3993932665870106,1
-46.32931013687314,6.6171659571639285,0.5922834138561742,1
-71.92042201736233,6.661150639301132,0.12092322850808601,1
-98.56177866832267,1.0966194762159276,0.6008121946634913,0
-47.213412636347755,3.372210822654984,0.43039696100382296,0
-90.22256525276174,10.470799336499411,0.8989346499505289,0
-63.622036108437065,3.437028902204222,0.5707349392728889,1
-69.49883569318348,2.100457305579728,0.9410698046655295,0
-89.43740080640467,35.00654525877272,0.5157046007704,1
-89.80628925818918,26.1444703740197,0.33999116512736316,0
-43.14786402004046,29.994349988312642,0.8615624548261347,1
-96.94237104550683,11.486966887832084,0.23308193873142058,0
-59.004498540471225,24.25877277606468,0.31365217159238856,1
-96.3322358583945,19.120566012610738,0.2567252387173685,0
-76.65716807037019,33.50401730774513,0.1914802759302342,1
-88.1510768882033,18.8241337057582,0.47150717233910855,0
-50.6343032037502,20.151552210809815,0.12958866518214218,1
-77.16022433790155,14.295786393845615,0.29963062229388715,1
-72.30654048624667,0.20490775259013994,0.5326839177538959,0
-49.024884582141894,26.12552125555604,0.2243199961971235,1
-69.70166697047877,27.72021225299993,0.09456660802025652,1
-51.504911676141894,7.086568144041161,0.6708650452525811,1
-64.61468566716363,10.912937356619619,0.6506277194844805,0
-40.392058583177814,20.725680310332294,0.5033578696312434,1
-61.506320442138865,5.098972829406319,0.8769522874987219,0
-88.79262426657309,35.216664043780284,0.9122241817484913,1
-50.74799851462515,3.4776521681140338,0.4344949393082177,1
-43.07364516980472,27.263572308504116,0.6869497501005363,1
-67.05133698401923,33.39844782033397,0.004393375631808416,1
-79.45389462028974,1.562989287484955,0.15783642235136386,0
-89.52685698548373,8.723150001329088,0.27558209117429855,0
-73.29903670876047,22.64420482892629,0.6346130131281326,0
-60.49399442900345,10.880329654965504,0.4161341416079757,1
-75.60986777397338,39.872511835919,0.8935213984693163,0
-92.6791040882297,30.446588137995626,0.2568243653440683,1
-67.4956857002063,12.858474036804953,0.46755944708537023,1
-68.88516445891878,2.137369752821461,0.748696028051323,0
-47.01238707784459,2.3001819300772297,0.09107541169513189,1
-63.434237890181954,14.367990780117355,0.268345523536747,1
-98.00601023412766,12.793290823653702,0.3388813071024299,0
-62.2614546165238,19.810741616797895,0.20741247147782482,0
-55.024225240881435,5.756521105528196,0.16843337902421673,1
-98.08616749377826,0.9120460474283831,0.07335842455089314,0
-50.89006576738753,21.92310151472455,0.14308297873343645,1
-63.08415472936879,25.311345876129295,0.6129925222575031,1
-45.1240453376943,4.651793765428378,0.25370206687956964,1
-62.62844979868403,30.197482080980148,0.16125930470536431,1
-69.47678660791841,33.81830071739937,0.36362110414006676,1
-97.24378017359663,26.46232545307624,0.7260654529747277,0
-93.50617378978791,30.639652945076087,0.9946828749722579,0
-41.32008858629635,1.5390502918453564,0.6202173162240183,1
-67.82081336664228,22.52748489019381,0.08592898690957684,1
-70.82936239066996,23.31044720416933,0.5423955583767085,1
-46.34264383115544,38.78585863076276,0.65283756208366,1
-99.80753855888896,1.3640087958971225,0.1965073327833725,0
-43.51798592378519,2.592241388708696,0.32214434803345704,0
-41.292710171289755,33.396710413631425,0.778281826494924,1
-61.7237953452013,9.544107829238264,0.7695678700400258,0
-79.91753087253925,4.016437756504563,0.9359727554912446,0
-56.371090229683574,36.283438076740225,0.5012699411938051,1
-56.59411789736281,19.979291406830303,0.7539218658599656,1
-77.46642145254951,21.598716387797644,0.18244983435620177,1
-80.83517644578654,17.280811935224673,0.40881084990697614,0
-41.95520117809825,20.114067375648432,0.00268961778556176,1
-88.00088894857963,25.503703112695973,0.028746273352176277,0
-46.67273401809769,22.179704247850374,0.8941585843162043,1
-79.68451340735116,21.885956034904712,0.9370924705227666,0
-67.73764089677599,9.645275126742643,0.2541174745148427,1
-96.68740259752117,0.4446516296836833,0.2593968479857016,0
-56.8189598955816,34.54396477780359,0.4407356867642932,1
-82.78645518619271,6.571605472543567,0.5980446623623257,0
-86.84369494461454,12.0134914218636,0.013232489499863775,0
-99.010524461341,35.895113584356565,0.968902523560753,0
-84.38892067942052,28.039319212510236,0.04834389865124189,1
-90.55102786145896,36.53507576161202,0.5431877918382538,1
-95.00264677692394,9.893653700039483,0.2634243453950068,0
-70.26076152542866,25.93936719456814,0.08541075699609513,1
-60.98726354909746,3.3401433202746356,0.5363867238948418,1
-71.36602540145222,32.439458192848264,0.5036541038392313,0
-95.4693771918246,0.5253502576949032,0.056262637487973444,0
-51.490029046556025,15.785539752930461,0.5758815617453686,1
-50.306498361140704,15.298001616414192,0.003614407803161357,1
-69.2428590119531,23.980242684702606,0.6629529136731086,1
-44.89457598328471,28.504440674562872,0.8335864430607582,1
-86.63853886244281,11.95989382962312,0.10184189076509831,0
-94.93114625937568,3.920406415824016,0.34443656838862147,0
-91.6965742810199,32.59200271697105,0.7667140666244839,0
-77.77241763790786,10.783943900998732,0.8819537243677824,0
-49.61274256862911,18.122641187193725,0.7486653497189888,0
-77.86729715575176,6.220137501560221,0.670177787618894,0
-73.10182781448655,17.293066182379743,0.13198493893480812,1
-97.6680618678467,16.530315685162137,0.04633951149462534,1
-56.327146480088686,2.7873519885447395,0.22037334795864394,1
-83.24784323903015,20.170014981977218,0.849657363636527,0
-81.69082414848441,5.3344986457229915,0.46626465622664026,0
-85.72815781368281,6.226117974371443,0.15081001286085594,0
-69.56508205229704,21.487666071015514,0.6533700454270183,1
-98.87496479582325,10.05191986609232,0.12737888085501647,0
-60.22541714739428,6.756128216942514,0.6400094942186162,1
-75.26616101873819,20.49318250995009,0.006193902111183536,1
-97.06840559451706,29.68425929037618,0.7281429840313776,0
-57.94713939276049,0.4337232826446602,0.28639094672815457,1
-75.34422834828061,33.7324515559929,0.7049195664784405,1
-51.45616869371577,8.027347643866761,0.7679868629112427,0
-78.55070947611276,7.778701518085986,0.503443818590761,0
-85.31220990699127,38.22643764979627,0.3673319153845752,0
-82.54492971159289,27.20702974680799,0.31185450791694913,1
-51.10744343887764,8.137898870682708,0.2944053934224421,1
-86.64259817054862,6.145364351140676,0.7377924733752174,0
-86.04580356826757,19.222228784489257,0.7871952665001634,0
-79.44385860098333,19.05572485331735,0.052391196691928044,1
-89.65813710493626,38.304968840612084,0.7074928416967561,0
-75.86985405122067,17.055448986763743,0.4982212530095673,1
-80.27320532165577,37.27257944174232,0.025549432270005057,1
-76.02673750003626,9.338540974596423,0.7356060051396396,0
-56.060894669931095,20.248428066935812,0.48415906482849724,1
-92.07382976190736,4.3575258679198114,0.6422895115166096,0
-60.125217428361154,9.163706612516172,0.7320002008347898,0
-87.30740638097004,16.881954021556574,0.528720275727282,0
-86.33550782946836,38.73616122903898,0.24512812691556884,1
-74.2377474579893,32.732765771567365,0.48359204361369323,1
-44.27760430675377,38.967717862653274,0.9144235036980259,1
-83.7317969264351,27.86028929584524,0.23590558463758493,1
-69.89938024859168,21.792766360564055,0.7944648016226737,0
-92.07142184911969,20.428727332846837,0.5514039362627243,0
-49.236970169291055,31.155877268796253,0.7459081157385061,1
-54.61186355466738,29.574894989258866,0.36407638529596564,1
-78.43965796219668,18.230399287288574,0.36707366872236535,1
-84.72011851834644,26.50490952270498,0.9114885280759042,0
-98.40533410016249,37.262134993659394,0.22651399553432416,0
-68.94968533638705,36.26186992883711,0.9162526941113115,1
-50.060841746948,13.361118322832342,0.7979803952917829,1
-41.9494160539474,20.13562964246313,0.4374875956063975,1
-59.050642839875906,10.476663713499331,0.4987938188463179,1
-90.32475622888455,2.4945625398558313,0.87206044079839,0
-66.1094589401255,15.78347049701161,0.9116375111664443,0
-97.47601347681635,28.527863374995576,0.787426361305573,0
-54.583069072476086,35.27565881986082,0.28322405597369593,1
-71.61219724308783,12.097606011153585,0.8610566151344647,0
-57.52936633591313,18.8930704997375,0.797950748690724,1
-95.96175575986021,1.2816229517480426,0.8837155479095015,0
-54.789966193263396,14.320716675313703,0.2097425928097063,1
-48.98297889067695,29.149037714526504,0.47658391627730623,1
-43.449722845991126,22.25276108335549,0.8719120417022548,1
-92.47691565580269,4.771071857184523,0.5675034655786557,0
-88.48463748907936,22.556090968055912,0.16982212781900863,0
-78.67813406078574,12.261390035950978,0.6651842361319199,1
-42.8214903063938,12.88029682893729,0.23179610051990363,1
-45.03650012189034,16.252765055637894,0.8442139952272115,1
-49.19973696950539,18.36036457711603,0.0863248108166742,0
-51.438912818905294,16.765999649051512,0.06467732949600224,1
-77.49318081546579,24.14693356607923,0.8014033724686886,0
-72.46934881245551,7.74349907326056,0.07709219924197075,0
-83.4252315379653,37.81741434484438,0.1382883476097153,1
-57.346739036230616,18.642459705226887,0.52135599455449,1
-88.11293551527456,35.02632209159874,0.10844937509169661,1
-98.61038952803986,13.767721034312817,0.6610167566719669,0
-82.41773953403089,2.9018816756890597,0.6535535445221688,0
-97.41980495559693,7.648031961388231,0.6135984877851517,0
-47.4935432006493,35.624032583018476,0.45506302265633747,1
-74.31830910509882,31.970047858047415,0.1279644242249358,1
-76.81756382412016,14.866510839437321,0.15781263350925034,1
-52.02924365690628,3.498531858132523,0.1321567255268633,0
-99.48971616936336,22.016741928929985,0.9350591800059732,0
-50.21500539250531,20.28870302693592,0.18024381309474424,1
-70.0483464746666,7.5109816304618615,0.7528701932384856,0
-68.87467450216941,25.097516397426503,0.9210445498782273,0
-82.38351376350582,23.434607420747888,0.7875037714067459,0
-87.12766164639137,2.960463433505449,0.016707469994604596,1
-77.41843159115042,19.576111346309805,0.15927640544405708,1
-73.9237429528834,20.16212257666931,0.09596536586544369,1
-67.32709587751962,14.001812969219433,0.2605768953705545,1
-91.94028725086636,28.094263609731186,0.9353297586011887,0
-95.51841279801089,1.834764196555323,0.5214271137103466,0
-85.52900138648192,17.019632786753593,0.5216698014901333,1
-48.94017279687014,7.604641380803856,0.9219254894020933,0
-81.30651169636235,31.469559919111155,0.5363447961265855,1
-98.15998129215821,28.499581748616624,0.4663615582312961,0
-93.84438566416952,23.31220639391413,0.7842406190539978,0
-47.75599760092817,36.440276302526385,0.8106056926629949,1
-61.31365381403158,0.8134491541281985,0.33245299076765356,0
-60.7538554310586,34.938829498472415,0.8663062078001735,1
-44.846674037856985,12.03832544734706,0.8351853172343733,1
-79.71486511996271,0.55947093905242,0.30257135138189917,0
-97.82165943373148,19.614973405814172,0.7074246384899401,0
-94.86654153889641,5.078051651284561,0.0815612251830693,0
-93.61482808771703,27.040607332682814,0.5838724245212231,1
-43.35309307020831,23.9340190610776,0.6841894073627871,1
-68.99468549041246,6.295765904532793,0.33363814302877093,0
-89.89662108127744,15.858290650256022,0.8307624338148599,0
-96.97924922581188,26.65337580831425,0.9233785314189463,0
-91.27973732637146,31.633246892931876,0.19631391843976387,1
-80.84956169396023,38.37812297546832,0.7646921591921586,0
-65.27531205288358,19.99942996856663,0.1749614197603664,1
-65.95614550621656,9.406708349331057,0.5927073574799167,0
-53.62629477430853,34.63858475772032,0.19132598276438106,1
-61.691948334115565,17.21456465358014,0.6684987307971607,1
-41.705432505516626,16.465352312166218,0.182620838902403,1
-57.59824472120645,0.2715689352038009,0.5577532601993226,0
-53.452073355934864,30.785160946398737,0.6077168850750697,1
-63.163248211692974,12.79342470173984,0.6949672123335504,0
-78.86725038609255,14.217395302234412,0.7726770162733181,1
-88.41848862763776,18.971981159645285,0.7942734599370193,0
-88.40444193313805,4.208250399221152,0.649417483151055,0
-91.29218472009703,22.74293009626767,0.5337785773483824,0
-69.8263518112453,36.497331818082905,0.790943185014738,1
-94.76287660914733,13.784399065904784,0.38239650459987906,1
-85.02710944367678,32.59275540294575,0.8037517706711093,1
-91.66891679495022,33.66073341762524,0.7787708543868386,0
-82.85245137336418,22.36735087007279,0.4315370600141939,1
-51.41384925712272,11.789207209176386,0.8547508306440132,1
-53.99790475406284,23.107393401177756,0.004387640324011399,1
-64.8637743120652,17.56512779129779,0.2726424226318268,1
-65.32326571542248,11.110950834300972,0.909640079597469,0
-92.44821073779603,0.30902388463057484,0.021982755193005854,0
-66.58224255795159,21.283804521171604,0.742549168545007,0
-75.84957244633489,33.69683804324676,0.19660902256061685,1
-77.00081063335541,22.06231563434155,0.35304644749360403,1
-62.43874599389281,33.72377865342039,0.770388120922468,1
-99.2478874192915,9.200267187051896,0.8851096657114238,0
-82.3206346686755,29.652657764418144,0.8969873571201404,0
-82.6099531690305,28.417008339199207,0.14004205276530568,1
-76.48541940001876,36.01187291239188,0.6961702876501902,1
-84.35135573738373,31.73272183254006,0.17834965543912207,1
-48.399610116243764,2.464506586608892,0.42283325194222565,1
-91.96136684625954,20.61466710436712,0.5521333294365098,0
-48.346829888740366,17.875164715839507,0.2280520483381986,1
-46.60605957566014,17.86238707543927,0.8174115361960517,1
-96.94335465981867,30.953611793877457,0.3430185089063451,0
-93.0340415259066,5.489652579075579,0.9531547383084784,0
-79.32154680930293,19.59691990584181,0.8804442001747422,0
-40.970769986103626,0.1626845939433208,0.10137861289433237,1
-44.99918293003797,5.969074909297842,0.037703983253280726,1
-59.092639481821095,19.41708876867927,0.3967257686868716,0
-54.921271323811425,18.264916470037416,0.5071735734004167,1
-67.9833688559257,24.677511987226232,0.16395136743495342,1
-98.8689052577228,27.064960284848564,0.3703490871989509,1
-49.77336919567648,28.510555875634505,0.8849376804510574,0
-60.94684442058002,31.66657933494389,0.4212679414430892,1
-63.480414842392975,30.749486007827528,0.2842413218679337,1
-71.46632960602392,36.965738986170976,0.8797635548175021,1
-45.085253438177176,3.242279659660574,0.043087209187294806,1
-75.9567995471401,11.792460002317213,0.8930040218959819,0
-69.1743729428986,0.38352241637660267,0.47707460745893315,0
-89.43170204961521,16.714338376744813,0.23416919345165776,0
-69.5855689916676,1.0913785372725604,0.20010087577044333,0
-60.068761243218596,33.7614552687078,0.13582987516891332,1
-91.1329976474685,11.729916445063658,0.3470601101203731,0
-63.32816191583381,0.45003116395739173,0.4427179011425506,0
-71.34088073756504,2.259086492693201,0.24701216649486413,1
-98.2993737657161,0.8084606824015861,0.6247700607589326,0
-44.349708422497024,8.332805845196031,0.32460971544882244,1
-63.93996694385932,13.189521188480864,0.5314722656990835,1
-54.31404620895954,37.30009761108683,0.022438424178080507,1
-99.39174585155803,33.57089465608313,0.54196431878207,1
-43.837148779910606,27.08069292544178,0.7918643055298717,1
-57.62535329900519,28.677047737166465,0.2868556014057624,1
-80.36974849144565,18.41898111767856,0.6615060062572119,0
-92.85855100106988,8.302208766038635,0.7911201175582142,0
-55.49074518562494,33.20312640266219,0.5214799898112342,1
-70.04318458155112,24.12894954454415,0.6292970269430012,1
-85.55481572714383,12.436342118542306,0.7608804140453628,0
-91.46504473946217,4.1446699133152975,0.7689638423261415,0
-78.79558141281451,26.571707539562684,0.5252915768344263,1
-94.00288865352921,9.508350509031768,0.5446853800308561,0
-63.184363737033344,15.800438905825299,0.39183006818949695,1
-80.12930530227206,24.308531353379013,0.6764289823111291,1
-66.23991917008402,13.371931055980642,0.40206928840341316,0
-42.07504279109587,37.934950960161366,0.6267048016671259,1
-67.0613160082324,27.20051773441865,0.39315636104757823,0
-51.09731059551437,17.60940128128179,0.05540330751073397,1
-73.10703474573003,5.791505110435438,0.08179202075995373,1
-93.5006395457265,24.596665075173682,0.947336674894272,0
-86.80039364036432,3.1025909359769566,0.512295018352256,0
-54.7545663888656,20.377103955468982,0.19692958724013987,1
-66.57838351675414,3.3856682561135676,0.4057136467005281,0
-61.54325967248659,5.968823435726631,0.9628803931151017,0
-49.22434819525244,18.48408017493479,0.4269121453183926,1
-53.13799554685466,28.391922355555085,0.8897280751950938,1
-43.86748336944069,1.284719060288353,0.8033176606477329,1
-41.24652197756322,19.828557179686875,0.6314137165698048,1
-73.09853456029248,38.11790801750981,0.4432567997992767,1
-56.82550031824827,4.732124747886823,0.3345505505639862,0
-93.16556471085867,14.88367663235505,0.34596130131990066,0
-77.4859815047247,17.09450584457054,0.4199882180335953,0
-89.95856384133707,20.872881263360348,0.7023620004762445,0
-75.52452433711947,3.597891926924768,0.9075575279687524,0
-45.988846293709216,17.221674388018094,0.9151326888166651,0
-98.83563097035895,38.123311771886456,0.33212452333000897,0
-49.050782728026086,7.739291541065381,0.7889708351184094,1
-74.65102439027294,27.304216193761253,0.33022635964146185,1
-85.93800205029635,15.892008990063502,0.831907664628826,0
-43.47593597971843,13.21544769310953,0.834833821242536,1
-80.77616778416153,23.438053617941975,0.9679896628054555,1
-72.70448635994165,12.649638227742308,0.9011829424987111,0
-95.38754531957198,5.514380489545876,0.7954532293546085,0
-52.794647670625764,2.9255432967086703,0.8020666643853535,0
-75.76020500910826,28.021855615892868,0.6405665358016424,0
-63.370895959492685,39.10924447154704,0.65303474175151,1
-91.74910783209019,10.7219794704812,0.5500530047776457,0
-46.31628509711609,6.3709392501789175,0.2471163215827189,1
-82.68903377770431,7.284619555116816,0.6392931433296289,0
-88.86854862208557,1.6002228707091648,0.8430142434577048,0
-82.18741152572288,20.964986896474098,0.8225070718305034,0
-93.08041371334072,33.86845190598252,0.12510461569842046,1
-61.59563982441529,19.120837323724235,0.40176596003471454,1
-47.42637334962978,31.958790560223594,0.1812904538644542,1
-74.83579904214174,33.17873460165704,0.4869019285794861,1
-90.08169114774863,4.133448205508485,0.07859851482115243,0
-69.17973655914096,9.298106982079934,0.761555792363161,0
-85.50949286517142,7.973934648355554,0.22693531292751212,0
-53.540715031489405,4.855667458082906,0.07406513707339124,1
-86.90924772518159,4.570104599060478,0.9899081757575677,0
-89.4997022626097,0.35629015293264565,0.8079633464855352,0
-41.659225123984115,19.402145220214017,0.6175094919209541,1
-85.37995275665719,33.15113530684713,0.3532640040561389,1
-79.64067125580634,2.161263659342505,0.9139453275940881,0
-69.53938015229333,10.334536434847257,0.8027268950225491,0
-53.840202428910864,17.21629196208639,0.38288236284489496,1
-48.98354206997669,3.440377123435261,0.7044391667274529,1
-55.37342900403374,14.992415657002214,0.14822903777623375,0
-50.28112912438028,36.10243861597433,0.3858342029783829,1
-70.18470806491321,8.205874091978203,0.5485275802755828,1
-96.71355355657383,35.3692406738735,0.7869380999775983,0
-81.88435651345051,9.854792371337586,0.012168944152816885,1
-84.19304113858566,9.04688618984487,0.5243727382723925,0
-68.12243471088371,1.8213685485475306,0.9841514082894958,0
-79.05504355060779,18.602617468648557,0.2453536902176754,0
-92.356832696515,23.080294223591782,0.027703283856602923,1
-63.846594068457875,34.49726299811453,0.7273205065705627,1
-63.12616352228435,9.255144841863835,0.1615465989371213,0
-54.60981713636137,3.5854000774205153,0.9628031000992252,0
-55.07715468593006,37.221567227067325,0.8649377039523354,1
-62.08246140436814,1.687768590517571,0.8694526088904388,0
-48.462025018394165,32.822826788412534,0.5381958907699724,1
-42.01142555869697,36.883998844289714,0.7866457477156802,1
-60.20571828936693,27.115675958362175,0.8050691804194776,1
-93.53501497766503,5.870577643410231,0.3790250220216266,0
-77.80093792916813,37.07144520696303,0.6737422379145025,1
-40.84880797346034,26.20869792182145,0.7870858197119064,0
-90.73461471867145,11.41371833291835,0.07802451744017258,1
-99.88750912760483,16.789225101170693,0.4257969505815916,0
-76.84472251220711,32.53030900468306,0.4124700863858096,1
-90.5911058605338,19.29367462998745,0.008253397456059464,1
-41.87117654421056,1.0321044182866768,0.9424692033289999,1
-54.116546851494526,9.881019990069987,0.7327170900256459,0
-88.85774961602107,11.425238673221845,0.20550865684630204,0
-61.68452822016751,9.359352477581272,0.7710249998050568,0
-52.04662470045668,34.12598437923958,0.3794161310577917,1
-59.301363495897505,19.39585796989501,0.31315887668192544,1
-75.12711855458087,39.32011967263237,0.7748190512506293,1
-60.79364745943029,37.396907310580055,0.8366034345893086,1
-51.28918923107889,37.91140469150307,0.472114569370234,1
-83.94107589640885,17.452267674589056,0.04223791096965601,1
-45.688434627192244,36.542556631736055,0.7934382246044733,1
-90.33725903080361,31.479677028080182,0.9628621010912565,0
-94.62886441970181,8.741165735008956,0.23878577657835154,0
-80.38483268846652,13.1629704291373,0.2559562831484148,0
-89.50498283375687,3.6948019179904,0.8109380682858872,0
-94.591781077704,21.059575063607234,0.046938359658809214,1
-46.620614699476164,27.400375765985775,0.020354166128724205,0
-81.22607002905804,8.045393363185243,0.6393730016944728,0
-77.35649371570074,27.39967260587816,0.9636174392700434,0
-40.58657997464191,16.86624912060571,0.5015473327028218,1
-59.68674485407048,35.691334611515686,0.6764562096148161,1
-66.05258683755457,2.9829591081634144,0.3488855872876909,0
-56.5864387544918,15.96868606141982,0.16483469184263821,1
-86.72252261916088,18.006849259009584,0.2560174475584339,0
-79.95219756990726,34.54689707514162,0.683824523025003,0
-54.82685178053015,16.89569261271412,0.14702559674260662,1
-97.81408316140833,30.78738915800095,0.7740307106269498,0
-90.4881982528325,28.592288764428865,0.0173510904916917,1
-63.37556083399161,13.643582184604979,0.638843707134199,1
-43.48219068468762,12.921176107529195,0.17851885302928372,1
-75.17669958014869,35.21647476180955,0.7452674406406026,0
-84.33963347184421,1.7012369793749604,0.47920755239697466,0
-79.62025217174218,12.32222831346113,0.8744065443972294,0
-92.38803293188975,10.842405923434839,0.6168300591065479,0
-91.57833991259449,1.323473795539285,0.18818648047131814,0
-83.54568566647968,24.026980525228552,0.4823471687964547,0
-64.65050533545201,12.464097043689474,0.37499702976618166,0
-87.37041461369766,8.374508816503191,0.6709713466263395,0
-49.3161965271359,11.781911214252867,0.6123579990487378,1
-61.448446726688,15.415689493980643,0.8399229690438553,0
-44.84384432031575,12.048782874370705,0.9916909276151193,1
-59.89233293771727,32.03372738993141,0.1860125599546648,1
-88.29140985184081,24.47733863304794,0.41733663929687426,0
-61.867522421615305,17.739429214499562,0.8863089996928715,0
-84.55465825927772,38.625151893304526,0.8927755685723912,1
-48.38308682686355,2.705634823821419,0.08530633657700504,1
-46.261907116978186,14.788503976172457,0.3179806560194808,1
-77.23684474403424,11.333231845859917,0.5313693105667191,0
-76.73932910750648,26.975990119756247,0.5388697096438622,1
-76.94859940478153,17.590772667149345,0.1157903863858194,0
-86.49858221892086,7.1342325711993215,0.659423514771146,0
-84.49549548596123,35.75389970316231,0.41362288940007363,0
-42.0911037023011,1.0527014473156537,0.2746949709785116,1
-42.92680678175347,26.77623117423868,0.3937553241083226,1
-48.56318401903091,29.35673216264461,0.2567732490201523,1
-60.46959583326115,18.313709318684005,0.12487882647810344,1
-51.346074859962386,16.37217046591578,0.745200853198525,1
-74.14690615534883,20.607221865982225,0.16119378568964282,0
-97.89455404463152,31.632391989138142,0.4563705983798786,0
-74.23646035421908,9.230463376778747,0.3615472196155579,1
-91.68516691345224,21.587196417972304,0.020953578565168884,1
-68.7970412803547,39.52487800038722,0.845433340417355,0
-74.45724857518496,21.646750920380455,0.32566276967031316,1
-47.875253451788,1.215723436318572,0.5342918764676163,1
-97.62638749658849,37.2778703515604,0.7136140613017897,0
-70.40168123861466,11.989963641292857,0.6574641081936701,0
-88.71374631271892,36.268642682944375,0.6438013419096376,1
-59.4496592778849,12.160908848580174,0.928874578869964,0
-78.75012550203625,18.507544243609587,0.7664347626177529,0
-54.81560358276942,26.631243988912914,0.352510391515124,1
-74.99606476635732,34.18051892426114,0.19841560767878264,1
-57.26039233268281,0.24777119987995366,0.5669003715009022,0
-41.99574551967544,5.60472977262374,0.14342780083070827,1
-82.28034543539601,24.401470387109878,0.14855882725117486,1
-93.3039779050464,33.20753012287328,0.12155112318136785,1
-66.8689042864402,33.74629925028976,0.15150696943077524,1
-82.91721650726004,29.528785051950507,0.9138572312467214,0
-47.84753135017033,23.22988596014531,0.09488095271763886,1
-80.41851923244545,4.310656755782261,0.8891752210177852,0
-59.25939830982882,24.65537303697079,0.08779521529904322,1
-66.91167278250146,6.451902350658121,0.03977660000427696,1
-81.27728300198086,4.83228440518328,0.27701608541336753,0
-96.73357435633554,36.062918655181676,0.13694425089311546,1
-81.1553849602257,39.356886704252794,0.7515411081794124,1
-85.72987690709253,29.78093315823845,0.7452981963730017,0
-87.84865552454885,11.097761921344823,0.03766969887240412,1
-40.51082219229457,12.695622759430375,0.11584172877090804,1
-84.44247943863121,12.642041647759324,0.2027121566371214,0
-89.01117600719974,29.37716959861664,0.9294679838148558,0
-66.61083456935236,19.31009056850954,0.2091544258867929,1
-87.94178564386179,5.431129640339352,0.2268350268639182,0
-55.016120983221114,38.16142747765168,0.8962612570474395,1
-46.72067028366521,36.06169516776072,0.11382391983950846,1
-54.33870562111021,14.03685111844236,0.8808465107349454,0
-46.7457346907174,16.026233856033198,0.6376144242088488,1
-77.0531099230349,9.596325005368268,0.17903074310426037,1
-98.37160246694918,27.093952073019576,0.037438325280435336,0
-69.68338466241426,29.275062522641434,0.23670313328352477,1
-99.48296457197488,28.819217043638766,0.40617439758356044,0
-94.93930633370132,21.870197077977434,0.05425929534359697,0
-41.990807315066,0.6784189707159882,0.15039609344834026,0
-52.13052857040226,19.00715855328287,0.9999937332940072,1
-73.11289546117924,11.150143970104814,0.6980332163970788,0
-74.46736191701672,28.37648474648329,0.29727920753371906,1
-64.0552918627399,9.372680867943593,0.680275107148724,0
-82.69679779514982,38.70581527749417,0.349467043769362,0
-56.184054263197204,6.83512236369884,0.4167319253210101,1
-90.35387772384436,3.990025009682352,0.878319084455656,0
-85.67288023847901,18.417995250456247,0.9926809508396212,0
-63.43066677462886,33.569095222162936,0.051140900600851746,1
-83.26718653253619,21.496384109243515,0.9820743291818652,0
-65.450703695779,12.014681004080101,0.7512946328662687,0
-57.29765074483673,7.838715930550411,0.2983171832448509,1
-79.78860737000389,8.874563256210104,0.3792969675380081,0
-74.04529420251075,18.565319542409696,0.9593741342167357,0
-58.38757182479683,6.229254793196559,0.3723663773511354,1
-51.58334653875786,37.15276775087622,0.7415435837894,1
-45.81425472047262,20.347979767652554,0.24410768506919778,1
-95.39920880689374,20.15438250524387,0.5928560930059388,0
-79.78080286799195,10.95955786926278,0.35535345235746596,1
-84.8070614138019,27.56477048435634,0.5315180528854934,1
-68.78827398198897,5.75844313332436,0.04775355117238478,0
-94.13272015327341,11.3251361996657,0.01800280481856542,0
-75.39707278510035,4.684551530687933,0.24312946832605553,1
-50.25474499984583,2.418688775456186,0.6799798568691372,0
-64.92472052989467,35.63314410827248,0.6982551712882816,1
-64.2872295751977,21.25943700409245,0.07225576250809995,1
-58.037879208277275,38.461639696260285,0.9900083361957738,1
-93.53116929817479,30.824902154740776,0.8130985037623214,0
-96.18808392590306,24.611369058635493,0.992215412160422,0
-84.72704112236308,8.884784483104301,0.18286340337425733,0
-58.20018400059175,2.628192996615706,0.8120448342386193,0
-77.53792998234576,36.993635193779795,0.06389318505219854,1
-74.1309425715331,38.714701888259086,0.8493863648894987,1
-45.48515855754358,3.091572646654508,0.8340749656393157,0
-44.2502420637358,0.846080187994569,0.8798054373787128,1
-46.16069385176194,28.711702139479197,0.3996175001140826,1
-88.9724758086335,17.405868859115227,0.8199960955679787,0
-47.45569084220754,26.51428797441153,0.6580680401576513,1
-65.03308586734241,14.225689638083727,0.29560710458547734,1
-69.92745198769214,22.455328855226185,0.16972803576531237,1
-40.068205576499025,20.881002343602347,0.17022999222835622,1
-53.274945762052326,27.309147634421024,0.05608345950601734,1
-48.59579893379344,27.54681348278268,0.0008153504851846627,1
-50.342129680445076,28.58619507640572,0.5499038569824861,0
-76.08131074879509,5.895928867320284,0.9004159154460931,0
-84.66233536185462,13.628721687686657,0.9909618421759712,0
-76.77904721275803,19.442381037334094,0.5834965309635662,1
-81.16639781188064,6.063032487380133,0.7023143566229407,0
-69.96034956032382,13.531393082288536,0.8436361171154982,0
-45.03842471005335,10.377353072705557,0.3705322929014586,1
-80.77053029931903,14.537293584004999,0.7193463302363192,0
-44.524446800881066,12.856133235101318,0.6755349424684512,1
-91.20261142813884,38.2631811812516,0.9243916161100973,0
-60.86454361204868,15.354372973662965,0.6102409512141718,1
-81.1481508118716,24.174848883947313,0.05549550840571138,1
-47.47370561234551,34.40797853182335,0.20420782331217935,1
-73.91193492700435,35.8699045947411,0.6368769032887273,0
-99.81838060745554,10.58284132679022,0.6782279982546094,0
-64.18975992697321,37.87789824537861,0.6901531799064236,1
-99.63445567019096,24.304707357765224,0.2654248236902632,1
-55.070379971899314,26.310927457204315,0.8326079513035541,1
-61.67466665389376,23.898042738593116,0.5563084069579372,1
-69.66064662158706,23.463935191808716,0.30308776064418164,1
-56.742270170397326,9.183564685858867,0.6734121669612714,0
-87.26337166955543,11.207413098907114,0.5457563557598293,0
-93.70121704623577,5.660539670883509,0.8206468947877075,0
-87.07029149123797,30.393286433856076,0.530958307405696,1
-58.428822706224516,21.062433024228604,0.3489633637002848,1
-45.03928929174352,2.1721580848030175,0.9708577809314796,0
-92.35999362960116,21.087193196761067,0.3058108456790489,1
-60.44076178248432,0.9404576256223862,0.0752227622294539,0
-86.85299955492192,38.82923376964711,0.541591719267331,1
-64.39959247531615,12.488966898671187,0.29083920254264084,1
-99.19767201276753,0.5663453929565332,0.49329124459522333,0
-46.11629064650366,35.894690005975704,0.813681113241716,1
-50.963666843303336,5.1673949312980705,0.09246595907682054,0
-50.60174162617254,1.3046680518759013,0.528016469365614,0
-86.75212472746395,9.835619162299917,0.08184119139701451,0
-68.61543925068541,27.9713265373376,0.5139344873553385,0
-88.37371170875397,3.365500701988018,0.36650548455909226,0
-82.65498510170849,24.39669709055234,0.770782464457092,0
-81.12510585784945,39.03602185287712,0.15579526550897416,1
-79.86653815750844,36.94584893662717,0.810785552849152,0
-58.287110616398884,8.090217400011088,0.20452417914913246,1
-49.036506897493666,14.320864416164202,0.1836624738108803,1
-63.27100745742915,12.849079057000612,0.1868445855700186,1
-69.47241167359113,4.326071360750521,0.5521651693989201,0
-55.22912196309246,1.0020896374980515,0.16835850689043663,1
-80.23526703329392,3.322919959816031,0.20370971554104023,0
-75.41793540706033,19.82924357086192,0.23690333458628388,0
-45.18744109882064,21.09335264810214,0.6049612712590439,1
-74.57156664155974,30.535664655171647,0.8310003745167445,0
-41.432296558497534,29.011412048070465,0.8895173246811854,1
-71.33254559089707,10.881415534370253,0.2377754578564769,1
-87.45654048386551,17.77946534366542,0.480348608585745,0
-63.98071179720132,8.218533043328407,0.5225778724276167,1
-85.77142820853447,39.53697767202476,0.5732061867035743,1
-88.74344243409799,20.442244820057034,0.5691043114786211,1
-87.43402980842438,21.36043600632586,0.948792549120316,0
-65.50768422261798,0.6338361021292727,0.6983700415299322,0
-40.44089233002781,4.9082969415016064,0.9165111317249867,1
-46.894420706391955,24.690879182609514,0.008182312715612428,1
-57.77763189020264,35.7915176632346,0.5800342417233988,1
-91.5244314456344,30.79153724868544,0.3225627053189696,1
-80.94186193818629,35.59221087238055,0.954562212572338,1
-51.75797329695071,17.537514927305665,0.4071938308756158,1
-51.28196067469099,30.364748605378054,0.2940403466935978,1
-40.56412426042835,16.86412841187324,0.471444215734653,1
-55.259499960382016,4.755663611064458,0.5181425542421358,0
-52.79327948733796,33.66809100489493,0.4390551819426032,1
-97.53525440170918,25.975944361586585,0.7657315614985112,0
-53.92855746197134,3.088188834055008,0.7459244117865422,0
-63.55687279423016,39.89358846281118,0.5967244195813488,1
-65.44736448784703,30.48471602963176,0.9654231886098982,1
-97.83623743361647,6.143159120771826,0.45576325145459684,0
-47.35224845540063,1.3001992132133422,0.023725345185734992,0
-67.7668669783396,24.103408438299084,0.5931924536686012,1
-93.38979729363201,24.809133560526085,0.3980891746684946,0
-90.51698253286924,20.50369324460314,0.720728738710751,0
-69.05618914247395,28.104464172787964,0.248946218370954,1
-91.53836200299912,35.971013179450956,0.6704964107837382,0
-89.77977577734458,5.883512247234535,0.8634562756272405,0
-84.94811155256617,19.766906018569124,0.8790869647795904,0
-74.56249773980997,14.959581432130179,0.17169781825536745,1
-95.12411836314865,14.456936353266517,0.9922927285532613,0
-61.72457502395059,35.4998903019647,0.36103367139195996,1
-80.45047851171088,30.0166362368577,0.6532814027431533,1
-51.249533856990055,14.595310227612291,0.26092882201477563,1
-92.19850029892582,26.097137241651325,0.029841485580046734,0
-91.23187564473484,35.02183848270039,0.3721290346257905,0
-54.28310928614949,39.41138328487444,0.03540061506691672,1
-42.80766850568866,24.028351242437406,0.3822495175760411,0
-70.83728502634762,19.183256787526105,0.7152110551564097,1
-54.88558151558699,38.62292854217846,0.4248223062292976,1
-68.11517130416537,28.04242586078812,0.7426538466979051,1
-68.67151316745989,30.583491213309927,0.579577835561214,1
-71.23782615252757,34.10565450243542,0.9063261563989532,1
-88.29254553445982,29.354037500219064,0.9208765764995112,0
-86.99235125611332,32.54681868757744,0.9877680084100704,0
-83.59809098588332,36.91779942679434,0.8258044951764497,1
-60.24822433802801,20.896172837362705,0.731563587681752,1
-42.13797950017601,15.572546873838625,0.2371189881221205,1
-97.60686383721136,29.961048016292075,0.1940211549483829,0
-95.97023416253799,13.72795565625907,0.8189163158300465,0
-66.86003498555803,39.6568836613471,0.19518854940777408,1
-44.85477232188666,9.371627058211116,0.9791282640383745,1
-82.78637057006117,34.63836593621479,0.22083563564868292,1
-85.9976980770602,8.710040035422363,0.26351104241593104,0
-89.33969428072324,14.221234852936387,0.9442356899509342,0
-79.10344699231263,33.99284072484902,0.6875679102505108,1
-89.62436153398411,1.911742687498097,0.9316639524713956,0
-64.64013003235144,33.156167075691975,0.041875842689424125,1
-59.116627881768316,21.001099597072404,0.9825238677132613,0
-58.95999378633663,3.7173642357883407,0.9973021507144342,0
-67.69639059480252,12.049291752622008,0.9664595191304303,0
-86.14593883531737,39.348519210844294,0.49507189206112956,1
-69.52204939300226,28.607291063307677,0.08166520355632478,1
-45.66295617595073,5.911807298521712,0.16038379681212278,1
-92.45157890126289,17.39646591894307,0.1421233815175672,0
-97.55600411167023,35.90072131886157,0.42215832885871274,1
-57.514525858984726,12.710761933154707,0.0478307207771691,1
-89.65796640614516,13.278456248225048,0.41699982740748376,0
-88.39687841040664,9.816462785116737,0.398661890746135,0
-73.69980422574511,4.226069803093129,0.7603310459177226,0
-64.53137103334173,8.077717314024184,0.8151429025696821,1
-79.87384755232233,23.084878601813593,0.6409784681662928,1
-52.12448482249665,2.959013791168874,0.44721002697689805,0
-93.28931185715936,10.755314345004997,0.12449909642473767,0
-45.01911882770933,10.841276551208905,0.1356933025353767,1
-86.15522168396699,28.624625234314035,0.5720193027212902,1
-71.70187977750777,19.426624358774546,0.9707596255762408,0
-53.7536071800778,3.102519100295722,0.9977689698579149,0
-54.88221270550507,24.874212072623433,0.5524041081544417,1
-92.56858713224189,18.29346267087616,0.8695186893559265,0
-98.06592482622165,20.499861308419057,0.8644530766150585,0
-75.0980961606918,23.556156711494026,0.6447209960989779,0
-99.26459188809837,5.453628861163904,0.9532964562404395,0
-94.91979569406705,7.55509614021201,0.8548395663047746,0
-86.83926185086139,3.2796441541319155,0.42948513498613616,0
-74.38515989586634,19.00806284645663,0.8628225569703414,0
-73.89482553376493,26.3475254820149,0.8652895375621029,0
-72.67887271339077,33.712174312266576,0.3369456492633127,1
-57.31564915122565,19.4445202071268,0.5936236131682223,1
-84.70594577184578,31.97474135691712,0.31936235285838144,0
-56.98658865046026,22.644279496959733,0.17983801797713073,1
-65.49909750588978,2.1355590088655463,0.4312469531677957,0
-50.53506743899043,7.757512060638505,0.02296225281921105,1
-43.33114862063516,6.240946128305822,0.8914229985988523,1
-85.85071069012896,7.459470945632627,0.5631244061002828,0
-40.654483630005856,27.127619815652775,0.4856288497777719,1
-47.22021170922619,23.781847495247984,0.4311444558840114,1
-83.02122754832124,0.05660593317031726,0.16869344802085384,0
-63.98360311653509,29.35542093073397,0.02401886800637143,1
-48.389790619049975,3.6189166413946694,0.5100942336387013,1
-67.81081062650259,8.156035490781456,0.6103598637484788,0
-85.77077097222842,4.71077944080001,0.23694440315799103,0
-55.61350230393641,25.673255440535044,0.42532891242323756,0
-57.007588359883435,31.777494347769007,0.7833300561421972,0
-98.48770317243027,31.774812834261212,0.4709375395958131,0
-76.39257556070069,9.766295474172626,0.38427014421081807,1
-65.28344219124854,36.46646316936582,0.9442579018538231,1
-94.3082781933287,26.391928624182725,0.33236113624133046,1
-79.96518677315183,23.86447690611224,0.655625768538933,0
-89.2208063911043,8.550878257246906,0.27886586813319203,0
-88.59754669047081,1.6966543434756742,0.6611698811955393,0
-89.85781920762217,23.28989412497306,0.3469898713639925,1
-65.17558982917478,26.42200332291823,0.7285271597150654,1
-41.791809325705586,12.246642536741504,0.4060633910720962,1
-96.54663784336273,29.819600005026675,0.2947141547130404,1
-74.8674394233425,36.90180760567217,0.9118940676584439,0
-57.30651750419333,4.284755741527042,0.921523732912958,0
-43.78556271214278,24.9666417125388,0.1164113714625662,1
-75.68555939100217,18.662995572826272,0.060095078196613305,0
-66.98561848550455,25.670163651464538,0.05003394996921284,1
-98.53099351194338,39.091877194594964,0.9228271210341674,0
-91.71371572787508,16.858047391291105,0.03416166638799467,1
-56.96135687761574,20.386082925291298,0.3043739546199713,1
-76.40939875574821,19.52213443811946,0.9442698104587417,1
-71.24171903693286,38.657093463291716,0.08102213716048301,1
-86.31523552261501,2.5283381142603645,0.9485158118967896,0
-77.24404296482362,25.975172304578876,0.7047306058944351,1
-80.0702171377929,13.400635404248153,0.2869861343747758,0
-50.766575041608355,28.996890486972212,0.10957865630068986,1
-52.90234815276032,34.13103247759349,0.1825583806720502,1
-85.31409738663339,13.993047373013606,0.49151102421902526,0
-61.817808492480395,15.095014212866289,0.8604602568459463,0
-74.88350195257723,33.06059526852194,0.14081288095608635,1
-71.1664065520649,39.148535294261066,0.9465250889000668,1
-98.12554126056101,12.642598250980445,0.12007378074419606,1
-87.25026368667879,35.35710812978331,0.7690784858978861,1
-67.23686523547397,26.1353709354128,0.380317128352743,1
-83.0387358792812,2.2455899265305668,0.7021243819057823,0
-45.76468405531684,35.15551765903477,0.35094402645862577,1
-41.804087017011476,11.373839143846102,0.5433542457994361,1
-80.97080973220127,39.88584351354496,0.218561351728348,1
-91.72014895912568,18.46615689630514,0.49770592089567733,0
-60.0451179638504,36.228137832336145,0.5705419202598819,1
-86.58458074743719,24.00342927229474,0.975636440238624,0
-96.45158067965043,6.069566789390577,0.605006515797621,0
-50.287184509672855,31.56746539590211,0.3081216728276176,1
-80.5148730135515,9.89249930782266,0.1199021942009817,0
-73.46718168895734,32.67537571832861,0.64573510409843,0
-66.76825112162553,28.143591971962067,0.4144675858752551,0
-63.231659520314345,26.610542468353344,0.2572231008196292,0
-74.29644124951206,21.749214036939875,0.099825842346144,1
-64.53534298276988,35.55105613289767,0.7148221905485792,1
-80.76495625300564,23.981938482116814,0.18666673653557186,1
-51.1134790889085,0.12593604783994738,0.9810085709297065,0
-71.25889256116464,7.476381499194789,0.008593109174588887,1
-59.120231638618534,13.835410281632669,0.3513987111041722,1
-62.100136052676106,24.47519926366178,0.35363160776300107,1
-97.96362806264678,38.946513369545414,0.46049182216046536,0
-57.75286657872514,20.996612495225754,0.871096707903596,0
-46.45093976742041,22.482544551669545,0.5370152795961458,1
-80.24425242413383,21.723584742508866,0.17988572706770178,1
-82.60649968725399,6.928720535896775,0.5459715013240256,0
-68.4724808830298,5.680669561256768,0.4023474673426466,0
-62.85285481438156,22.39553252149708,0.010514271010912402,1
-48.58910934378034,30.361339481770003,0.3956443384828926,1
-40.35533365285729,25.850799290151393,0.3689219832511683,1
-65.56928187852415,0.7335578979028057,0.7397724501034352,0
-86.57543238581574,21.17325687816901,0.2853950522980182,0
-75.07544913108842,17.449443786898854,0.22921481270283028,0
-80.18092685347449,33.1603568475207,0.2458725933474215,0
-66.78523596052025,24.935304444706574,0.3930007425318919,1
-55.74909176213645,5.9178668069824525,0.5836061388954663,0
-53.76344004169408,22.690600365650834,0.11094333852212401,1
-97.76350672041768,27.300683356001127,0.9089425393476475,0
-90.82765707155315,12.613803775660525,0.14046213980532163,0
-97.15694597094408,29.52583121462375,0.8640301375423504,0
-54.72561170691192,30.908403887403967,0.5627141721896852,1
-90.66725200376392,24.53214935606872,0.05277033505786011,0
-75.32780937706646,31.174308580793635,0.5842858019559167,0
-59.41791231295815,0.1756405738448752,0.27216429341811155,0
-60.670517886461894,11.416766449405763,0.46363714114986465,1
-58.95690752694474,13.820511234499321,0.9597195103626761,1
-59.0263206430813,37.72456469182961,0.4993871680176053,1
-97.20118574448324,16.165851028011534,0.35861120566560234,0
-60.47479541099794,18.88734688227103,0.8167754370488917,1
-55.892234348821994,4.740880128464271,0.8205230455947101,1
-67.87326873646714,8.227315224148004,0.309856134341548,1
-49.184063365449866,24.731952786521422,0.9132974115724388,1
-51.83770143238727,23.635085185928983,0.2645907104003,1
-63.347632665793085,39.768550345359884,0.853191696586332,1
-68.03666343605559,24.23721975209212,0.7479740588178585,0
-46.96799999128985,25.292651762250976,0.8699819607789199,1
-60.29443952428187,27.102201618781088,0.039702108516393775,1
-85.85042638291499,2.5147753782351234,0.9158894119331044,0
-92.68186214742262,22.279110665338994,0.9826923657436688,0
-49.44104555976791,7.913362226558589,0.2651827434565459,1
-98.91036736513816,10.999636620710923,0.7796932643503073,0
-55.91782525675754,9.683419682013117,0.5231969794248394,0
-77.88269613744393,23.758124118610382,0.5078874476930185,0
-58.57826128277896,6.309180326092778,0.8851287919529023,0
-44.30568111327009,33.88747806554396,0.6320316956728846,1
-82.91679505972387,3.0499775227856096,0.8490008398718981,0
-66.49112959564934,13.853431363644319,0.06952909880569713,1
-69.4150496008852,27.904582582532107,0.3186722143554527,1
-47.17870707923109,32.559589606484145,0.022547916451349903,1
-54.51873501098159,7.857045424714433,0.6050388169581244,0
-85.60431203520962,30.178016610085855,0.3448549605727834,0
-62.71249560988335,37.93741716276444,0.5784756675400357,0
-65.25903341258933,4.965609463898484,0.45417443310342376,1
-77.54194617145166,25.085208733929015,0.5987814552333649,1
-51.02549729510365,3.9372662138598624,0.487650582483489,1
-94.99045731903654,38.81786038174011,0.6590120906119236,1
-83.0180507162419,31.404373671937403,0.6859505730031977,0
-83.65068447296807,6.001596893093355,0.6238625094949499,0
-55.988704733440194,20.971104409177702,0.6983573485137876,1
-45.59156478366698,39.38464093331576,0.9139402060244346,1
-66.73500687760398,11.76976612375963,0.9437630377460123,0
-58.7124632142287,18.263698756258187,0.5718494933673033,1
-45.37525961010246,30.88370282101993,0.3383460430889883,1
-61.4364811191964,19.303502815582803,0.4450992462269644,1
-90.0707345450935,6.454272320468024,0.6566943414823379,0
-81.6502506601104,11.457508892229944,0.5766466401776832,0
-46.104973289311374,37.65346576641862,0.8217449385217203,1
-45.62911805511317,13.56238052066395,0.662886072691225,1
-41.88671134583466,11.994995743750163,0.6805638507542979,1
-77.89564428568343,0.8780268988639373,0.13650091348581916,0
-88.74818429891424,6.732257569910982,0.42340579052272465,0
-68.92049364675427,11.698432970123292,0.3896818931430075,1
-78.322066068839,26.090805289268587,0.09870624486633206,0
-84.56015876830101,9.172118055921331,0.0437018160028777,0
-61.10897621997194,36.80011378645128,0.9535823875270856,0
-79.67826199475498,8.412197258768831,0.7428009031591686,0
-79.10822691070823,14.40712153727008,0.8718174124531811,0
-66.28918317604186,19.521238778431965,0.5666173306677462,0
-41.297786666651405,5.3879496542261185,0.45297396386186717,1
-72.64090903035638,11.714647785910861,0.5095229319461302,0
-63.00537521522863,2.8588643180634365,0.5690062630049711,0
-95.36665465487994,30.09219631704168,0.7029975009599521,0
-74.23459701870831,21.120010218479198,0.11825444410559072,1
-57.171447147840965,20.82484080873297,0.6425390205560805,1
-41.408649932001964,18.032256215737736,0.3021112588879675,1
-81.85941327146301,38.02984869013323,0.808367293683538,0
-45.83090751159534,4.406820364840827,0.00023101024298965989,1
-91.20475653875434,11.8795032275984,0.6712102482168477,0
-84.54295462969026,28.815137553931915,0.36852738033842025,1
-67.30650076811877,4.368287386346159,0.9444485947511394,0
-97.335579782331,16.309042883554103,0.01558430919086129,0
-91.15444279086485,30.565502198994615,0.8803684871656373,0
-64.14170986240943,0.011500911460036178,0.9499415348728011,0
-40.92489750740314,20.433406705331173,0.039220702923732476,1
-84.96945783466029,1.5287710351495498,0.32267589681168407,0
-84.806642528006,18.800919105775883,0.8888180195133005,0
-67.99046951317634,26.78722438437709,0.12658685689951532,0
-77.26944658161348,34.21927388822655,0.4328087810939698,1
-66.69654413666345,21.504735499554567,0.810812807783239,0
-59.910011388450116,24.679138378743968,0.16625454867142397,1
-52.7068574800166,38.65642419959167,0.5990153445039056,1
-53.60199951943623,4.446322966370153,0.8206009078829458,0
-43.06941357965295,19.90430433095646,0.6304647108962811,1
-47.29167067624073,0.9242472727343687,0.7890673263184544,0
-74.9998353422471,18.925831691466293,0.2698925179663093,1
-72.32105489613822,21.17779865177685,0.9308643151472533,0
-56.62396007848473,36.520840110693904,0.13457732932987065,1
-69.14429621898279,10.822637668443903,0.2290992332023204,1
-84.15156018511271,10.493800404500075,0.9772872436443579,0
-90.04042531077836,21.800654483792737,0.7947048282988197,0
-45.52328520734457,35.14356296783917,0.40114200451415316,1
-61.32303819258046,10.089366171250521,0.3122930292044447,1
-58.533569225831805,13.095581531356997,0.19261295549063373,1
-66.60043595875308,3.4822422812079656,0.15480649628844412,1
-74.20701458670666,1.8911785662937053,0.30439042916510806,0
-77.53216381306373,11.330260488032216,0.9393639968606461,0
-80.32216987565218,27.067582496141135,0.7154082823589561,0
-99.15347444292948,0.4992671287860295,0.170591969047736,0
-99.02348904007167,34.410951553594266,0.7724147118289267,0
-71.16345109043274,23.292293129156576,0.607491077570687,1
-79.50770426790262,31.937095391669352,0.801971412734942,1
-61.50037567820458,32.03285788132308,0.563743007880126,0
-73.76430545571361,6.4908908549302335,0.791987703783803,0
-74.40190014673296,27.662668304163844,0.02239860121277082,1
-81.02347736890154,15.15194211942041,0.06898672618823376,0
-61.6472404038099,30.174013284163593,0.9061577641933029,1
-64.35424078292874,1.3725097249230434,0.977016713875122,0
-56.702707898202,13.686972316791683,0.11631584607057566,1
-54.607182195885564,16.869408040231963,0.6164952222629265,1
-88.10774636722613,11.73945648030804,0.8694913731115523,0
-85.13931995859026,23.910309003270243,0.6080212631085014,0
-61.12735114689577,12.909185698864722,0.6323415127252937,0
-64.38906445346846,21.483587405030605,0.8056434532219616,1
-83.52578539234491,4.693810878922182,0.786868091793141,0
-97.66247263503261,25.697861424038702,0.4255210041456421,0
-82.25410809152913,16.276055657796654,0.7459230998194999,1
-64.18637791157118,37.41088819776443,0.7771166150022163,1
-52.561071603970305,21.06566780120339,0.7083710698399108,0
-83.55594407825669,31.741677336339485,0.5468148973014355,1
-46.21719702711272,12.45052305420069,0.4500299037597628,1
-96.07786166562276,39.25371150567998,0.8358266217192544,0
-47.79844714857174,7.82450938813823,0.2838148652626268,1
-88.79522693981262,7.369052205561237,0.2599389041670762,1
-75.11474655028151,1.8630599063024755,0.8879580413516146,0
-53.310914647359255,21.579119676039188,0.6198324292060391,1
-49.51408893136744,2.5503156380954772,0.4683586001296469,0
-46.26972536818694,21.485911978812474,0.5154418584656767,0
-64.67375302062567,28.251508399234044,0.11179423468343819,1
-79.13967816034318,36.32342402760637,0.271247503054168,1
-50.615943005895105,0.4523851028802195,0.3953939439073504,1
-57.08603020271372,35.93943336044887,0.2388888505932819,1
-94.48911903519823,38.35595863967716,0.07159713619856467,1
-91.59977866116441,15.213277644744757,0.40982608431439405,0
-91.81179012743866,32.85072459191882,0.6758479508036178,0
-94.51178586838128,23.220232978284177,0.34555426907380893,1
-45.85060195462488,23.37945493652867,0.8563766531405875,1
-42.30702222753805,11.43661184228491,0.7108367051814015,1
-62.43386129144737,38.48386480057485,0.17630796247899905,1
-56.26167963996547,36.35474177828595,0.5700779828535937,0
-47.274182813047624,31.652053332099324,0.24590322581637858,1
-67.5713984697547,32.634767736397514,0.9537003389804342,1
-88.23277869132927,31.138056686019763,0.17499813049462065,1
-42.29001956845794,15.111598579825841,0.5403261177521138,1
-52.205696211838514,17.82463582262087,0.19499923489107374,1
-90.72910598594277,3.098200853097053,0.7384075428469418,0
-85.81837387698732,1.570569846208798,0.1624224803016353,0
-88.69154181926191,17.017073186877802,0.9305212225648339,0
-53.84544512210672,23.596011309366087,0.18394295868222887,1
-71.71091660397937,21.794480781497857,0.4925607359597933,0
-53.620178428514365,26.003580720138654,0.9354892870310985,0
-44.923449902627816,8.610309920183749,0.823067931980626,0
-90.95238900195895,18.447485843991135,0.7065249774731364,0
-94.9015148124557,28.22341345230886,0.38581540375180723,1
-56.53839430943192,31.20484547470355,0.3733164863284435,1
-48.610239945904496,19.014616276546032,0.47976756379118257,1
-90.3721202363217,31.735884896213236,0.26737441765043446,1
-69.26265743770325,15.26144519747512,0.49337489692593073,1
-71.47999291700138,6.113004311109496,0.3826427491883836,0
-44.54317697925635,19.61802944014027,0.24557344432238526,1
-89.89043684167574,21.925254039026896,0.7179391717781058,0
-60.943364594692746,13.953353143954764,0.4204105254217043,0
-86.04681908777945,29.884594258297895,0.8663572897847326,0
-70.08162718742109,37.61260480907205,0.2691709874131021,1
-83.21044489631277,10.42325964811944,0.14394131322706294,0
-63.926912016389615,16.842358669311484,0.46729074745102295,0
-84.5528824405622,6.639813742958247,0.7880433710803988,0
-71.65187934613071,17.123374567592077,0.9124161566161313,1
-54.25588961771702,30.66193625135739,0.3465523205277835,1
-83.76790354538946,5.084636456054059,0.10194245233752586,0
-57.38851631193375,28.133136898158785,0.7850236745162796,1
-92.98316601464751,7.496008986163676,0.8992035161770081,0
-72.2320637309929,2.020473517596302,0.9201058310102181,0
-64.45613965049111,8.382281173978567,0.14502581501976552,0
-99.04502181761734,0.4180860966649691,0.8656187709887149,0
-88.74437908363052,18.188609443765188,0.47416437307756165,0
-90.60423702876676,35.19926212526059,0.18041134884468202,0
-42.36817216571772,21.775050363629298,0.22815530122786887,1
-41.271480733177526,0.3975329013698303,0.6262489687828047,0
-85.80025822014514,0.300330348758977,0.20751531478613894,1
-78.02697491198455,8.51252926829217,0.9813102698661748,0
-47.77674367584742,15.908191505604862,0.34575837214332117,1
-69.74928373655118,1.963095334742584,0.1270290461244179,0
-42.67706695574509,32.99131261543572,0.09049929981995375,1
-68.08309264287627,17.906421715452858,0.1016578487142813,1
-70.21935459781857,6.918415478967228,0.588363985319903,0
-56.685593229239416,34.687853771433254,0.07686160178735224,1
-71.2671700639034,24.69989104006245,0.5548586190099463,0
-78.8353076885024,14.2276381962048,0.4918349007956482,0
-89.47524974817442,25.067478674775295,0.7167054750443644,0
-69.15710823766811,24.612561372696344,0.07818869591160316,0
-62.01365577612187,25.734919689440336,0.36966611777129676,1
-81.43397883715903,17.56322921281769,0.7811955748481592,0
-88.74453287077127,3.9904987849071727,0.6530183742154777,0
-81.83850715138487,9.18837950437521,0.26322776983619434,0
-82.22471587724166,28.113254915380395,0.9934106049294609,0
-59.594741312256296,9.214624386275325,0.9692977774030921,0
-83.43220794084019,8.144324888392799,0.5121998547162784,0
-64.51824341489741,5.307077968483469,0.17268213749279826,1
-62.79810743729977,1.8252712574230356,0.14179410341230292,1
-69.26881478200335,14.773683758726953,0.353039277792325,0
-64.81691522197002,22.6929466905861,0.2658130287377045,1
-84.38258141762851,19.56927765437801,0.006868403948100288,1
-77.83173722912483,23.651276943623188,0.1726014152262606,1
-92.32705693886102,38.63569850359147,0.4323481185875694,1
-57.385287919840806,20.692337013817884,0.24381477023426879,1
-79.75061761693368,33.9834798522657,0.04333699728008622,1
-85.89417298716043,11.975523980390367,0.3627425178420094,0
-58.266878175241516,30.858552357447092,0.4374322314437935,1
-45.76479110810705,18.63299566128109,0.29420705775136136,1
-62.199289325416075,0.9052114416582091,0.06897125732061327,0
-66.83493735565182,24.549406777562325,0.3574559692462673,1
-97.37177405276627,6.335791927938965,0.24306197121286388,1
-49.41650554205492,28.82179781909614,0.8863426812634736,1
-59.98227018619563,15.006308993384994,0.3780680884528793,1
-43.863592811815515,14.908486239689186,0.059217954563286046,1
-41.92559611099839,23.318325922692203,0.6250939040200285,1
-95.1911674077675,19.216379188948338,0.22895033560980582,0
-56.056274004700896,2.026807075980317,0.6812106415214104,1
-79.59236644081949,23.285965253075762,0.6939859036683218,0
-84.16338323191448,5.903487632484219,0.8004716625859839,0
-42.820052033921115,14.043029100831266,0.1949462234323197,1
-98.50843051682462,31.168023426111738,0.030246725384152073,1
-99.67481201090813,12.405400575272756,0.9890376467579453,0
-94.9898982768061,19.69261192518136,0.9106201810754869,0
-55.03882829805964,19.447247183176046,0.6882101142591905,1
-90.23133692940651,32.208748083670535,0.8393491765557228,0
-90.144796764744,30.925146246070906,0.9830000161306436,0
-77.83454291473114,8.9081984467001,0.7620322469123517,0
-76.68786817262307,13.56013964331343,0.6370256909924323,0
-46.41685091480484,0.7421955363743971,0.028637997625840406,1
-89.17947409750347,10.19619585528206,0.9674251702867092,0
-55.33736192762251,3.53391748791136,0.4419663186552353,0
-70.17844922695107,14.88584350840295,0.5671899081693482,1
-79.8171347165976,23.80668655716311,0.9331669384549617,1
-75.87171550578677,0.13816899428510165,0.1171504573037957,0
-96.30429634514915,14.575936871914937,0.5587692289103197,0
-48.58837648500577,9.35069471338155,0.7944153655517987,0
-76.44789958615476,24.32281510603062,0.23858851377545953,0
-79.6580834861507,17.411934202096354,0.3484553650728266,0
-57.610616883958706,9.283868794301661,0.6224123983026763,1
-82.45193771160618,24.91194090822884,0.23580260937366126,1
-75.13877368033832,8.694244902284133,0.9778854686047291,0
-44.50948785891627,15.14734261206097,0.10233070071413763,1
-87.3196124042813,31.8745125895598,0.44022034870506777,1
-92.56371673354734,37.139639734165115,0.39310954348349414,0
-73.56530198931227,3.5172395881709884,0.3910497932892366,0
-99.73818270911708,37.07416637197387,0.9273103935004581,0
-80.30932332367169,30.300254929825424,0.004137006357357809,0
-92.92137873360637,20.706265322008992,0.8110017504233102,0
-44.567497652774705,12.394170203750999,0.8882908292077254,1
-88.27750016164212,24.581914701942523,0.8451416085162523,0
-93.65393597438037,8.135044377203497,0.3101433293358672,0
-99.55911165614424,8.355603547226602,0.11561372396245817,0
-44.0733844110783,11.609503128758352,0.7446486649626198,0
-63.4479904044335,8.041867838893616,0.9127065978194355,0
-50.93104436534989,2.417551399126374,0.781536037062749,0
-70.10845879370112,16.354345942808983,0.18159160146454079,0
-92.97378604599336,36.247697319441784,0.5415876091416923,1
-75.52348293212307,15.223918347231407,0.8796425488406892,0
-69.32962224995661,28.666085116501584,0.6905125870576319,1
-50.81146850571856,39.451298829328806,0.780770652443811,1
-41.21964190343912,6.154731574244869,0.8742689250215168,1
-83.45684898291336,28.963423622591854,0.3160700791531754,0
-64.10992719755352,37.55645289028421,0.30888291300325443,1
-87.98762181442473,3.921271586406152,0.862359499148552,0
-41.600396556744094,1.8140294463590667,0.5058879874529016,1
-64.1229692128146,39.462189634818245,0.16941322451344643,1
-55.6821770728092,0.1700718161630732,0.9883186232422828,0
-48.92445842953498,34.97049607342142,0.737403891309692,1
-79.07747266621098,32.990780441929545,0.9798011379783377,0
-93.34549689619185,27.9867492107724,0.9127029445355472,0
-80.3676490628478,5.144010633266594,0.49767023706269387,1
-46.71827450634694,30.029712573142305,0.444515111229855,1
-74.34363956266385,34.33412844052602,0.14131208274661344,1
-81.781291927712,30.253828745706564,0.953317651160514,0
-78.11513918255784,34.76888539703408,0.03557056732003694,1
-94.5999165372946,2.975913092524789,0.24260908083061428,0
-94.15081903632073,18.57677296185059,0.3429452804326112,0
-63.06899831451093,31.48495690429902,0.8537351293952233,1
-91.57299049665865,33.7746001197129,0.2071423675205899,1
-60.52820289756833,11.360940816539046,0.16338846390844586,0
-63.8683047560691,18.042747758927568,0.8097605206269909,0
-92.02341380355757,26.51265669314015,0.8161216803904696,1
-83.55874152748888,10.329986265366134,0.06892432602564291,0
-65.64268770320825,21.284551279256956,0.39724912329772577,1
-71.49865335973836,1.4809449536334052,0.5900635226885114,0
-93.30871936171268,39.746307695299365,0.23793178572846307,0
-82.57177993426615,10.671183982937498,0.589882484921011,0
-65.8472769741594,10.487239426990392,0.03386440605220431,1
-43.18502629456117,22.750888228286314,0.6290904040021243,1
-68.67249442581095,2.480213716144619,0.7774249518100478,0
-50.19884925045831,39.28252461346422,0.6300902089328305,1
-45.499771008741995,13.900323500493261,0.03393601898643628,1
-93.54740194750363,37.40400008433449,0.9348692506268165,0
-59.95060461119452,16.52610874383359,0.31782361719253405,0
-59.150644450407526,8.810964405472621,0.8420754545768206,0
-81.7997420390681,29.30872207001294,0.7720070611874708,0
-96.86710269505942,20.73061042357636,0.4756258477262223,0
-46.80126651233071,25.58530103471645,0.24524696238438703,1
-57.354307898684226,30.46089168954239,0.35036943882444505,1
-45.72961897483317,15.063382180740081,0.5425791678166649,1
-54.98404072310601,36.93577847155317,0.39551974650421695,1
-48.90149042219509,1.311702839808544,0.4500339483038285,1
-78.91912663667675,4.994540238533234,0.5829286320106826,0
-65.02068244728676,11.88460898503774,0.36267002475466814,1
-96.56182272756843,8.613547392258699,0.021434538577945972,0
-75.78879146180098,3.5188110397529915,0.6042258304996679,0
-95.83500811303807,2.310700139347661,0.3146622201771908,0
-84.76701031787513,27.447699993034963,0.6202103596914641,0
-61.983772843488346,4.509527002350682,0.7401881609961447,0
-60.14118758035675,28.67006789280074,0.5120998733428421,1
-91.61485098344141,25.13512498646903,0.6183178543705979,1
-82.10705263777326,20.8387463295298,0.3969021279399487,0
-90.96083455402523,25.263610533565576,0.36293633342233045,0
-45.20090219006321,7.653719220900292,0.06221884100623021,1
-42.53839551907461,23.873102718633874,0.10431171433693198,1
-68.05508081722783,29.58435286649879,0.030781052794839114,1
-58.8851540736568,1.7690157495403191,0.9977471963158865,0
-43.83421196016702,37.13000159867905,0.9751051048281658,1
-55.2039421566927,0.8440832961924372,0.3924528249154441,1
-58.83453572986411,22.80549796560254,0.18704422698030887,1
-94.98994507444431,35.82242445046638,0.9024520522836503,0
-58.10861646340519,26.23419808566822,0.8413059291625596,1
-79.56455226450854,15.038592347569942,0.5561844399927647,0
-40.70941452657099,22.11567343607653,0.16318994578506807,1
-76.18359593512996,27.08173231159082,0.06860207539155394,1
-52.489162612535566,36.09609059937117,0.29683733971713977,1
-44.82807611288305,16.156386124771394,0.046478188930265674,1
-40.41492508416961,7.03128851171241,0.2955227246330936,1
-49.833052924488726,1.272926470558997,0.2204501199356561,1
-48.35599828810783,0.12037582113376466,0.5772204776100307,0
-49.07987877116024,9.295158320645548,0.8474521299810405,0
-42.268000687917876,37.55879275535486,0.41349659883678136,1
-65.11558142246102,20.07390293270027,0.6002835393166873,1
-46.22315372248468,39.20699783806097,0.8502005921436901,1
-77.37131917865915,9.174738569979075,0.8118585727344663,0
-87.83257284345046,2.0524732181489336,0.4401209480269783,0
-41.44614757792622,31.164536217429074,0.062022983970674184,1
-87.61454340560755,22.304093037877514,0.15732863414466314,1
-74.65029496491087,0.1541248792098937,0.4898190483577264,0
-88.79471465731581,20.118134570353583,0.1674105664686104,1
-82.4300719581741,30.401935430445505,0.987757339383573,0
-61.409947387596695,11.385551209076876,0.5849192637882338,0
-90.80294100253036,21.137146591069275,0.009085575017453107,1
-98.93144710181977,28.575388856107054,0.9199335748608767,0
-67.19119238556937,30.422343207038217,0.461139854561583,1
-93.4546021793508,15.691045702155563,0.5827633313522743,0
-99.05180565020223,19.57014911117833,0.17575118996987016,1
-86.02886290337763,25.534311639568763,0.02302286822474997,1
-76.13430648506352,35.75941022460713,0.5562756192391327,0
-77.31909355981907,36.30992297650603,0.29549360630463695,1
-52.79279727864947,21.62930703675031,0.06522278958565175,1
-91.61274457180791,25.318100708595583,0.5660326646683316,0
-65.42294075807482,5.09367290584215,0.9982428319495054,0
-83.59962056847924,39.519586330272055,0.4174132608742688,1
-98.1446789751452,19.39455179328091,0.02423644891295884,1
-50.48718618104175,27.848014832846996,0.340032677974352,1
-61.54668192483044,12.902549865351713,0.7944990068013981,0
-99.43385634234097,19.988726767629533,0.4114287058362941,0
-40.49379194483777,9.970598545061833,0.34375208261766577,1
-70.49124511522541,22.127890367122024,0.28649513876839394,1
-78.53484628523054,17.36388471366928,0.01743904959462783,1
-78.32353593692312,16.91260068399629,0.7150396539805958,0
-40.45746615664978,32.12717991018111,0.21392359326567445,1
-69.04657597333998,10.214329027411765,0.27410488580395787,0
-62.805041188953695,24.847827034212063,0.7276901388839586,1
-75.8114048529464,14.414078098175477,0.4665206035373297,0
-41.61636078895286,6.683152273080304,0.31500255110005204,1
-98.17114545252103,12.422285234385289,0.8744257038754971,0
-64.53116878378509,17.564600261988073,0.14809740688192297,1
-68.25936399558594,26.378205254915827,0.6308466027978843,1
-69.89171109543592,35.26975078667898,0.30697973959747726,1
-50.81305026040965,13.485522469523819,0.13533317951700297,1
-95.052668949342,3.657414265304859,0.6035159640113705,0
-90.5439092026913,29.706196814586963,0.9972731317532062,0
-68.05119523268672,6.3370057222960785,0.2188023944931613,0
-43.57891524770917,19.533480688025623,0.7723942732002042,1
-77.72484177470338,35.40782882295165,0.840443421127811,1
-90.99762530510739,5.392760700802182,0.8619027494453438,0
-77.56882571179058,20.455248937803812,0.6838447658205287,0
-40.88224460582504,17.677304398757563,0.8958831618333792,1
-59.17487165980468,28.85200475806867,0.9507167898857548,1
-55.86607768244607,36.827961158475276,0.46844391768545757,1
-79.31402836204273,32.76200599759041,0.42277574135619056,1
-43.84427731714125,28.004820405838103,0.8109614878538629,1
-68.69548632839059,2.3616146655223957,0.7770972448948372,0
-74.39621202538525,34.234629667141405,0.1804107446217933,1
-66.59980860670854,32.67828314486436,0.24707168274535063,1
-76.24044451717783,24.603876644814527,0.9354665138431706,1
-87.47638699378237,14.511022235446864,0.3567360126042841,0
-57.50686117547417,6.196370332994516,0.8858102224000374,0
-64.89587463442876,4.488092383446176,0.628986977907132,0
-89.76133843703836,6.9195923660738545,0.9080578040490817,0
-89.31766549820428,34.690196232844094,0.46475996943207065,0
-66.54408453247271,2.8794317754240284,0.12141844771616017,0
-89.38906791357648,6.0495872300651765,0.6014573235474578,0
-78.83143382632844,17.245733335213934,0.07229439516879499,0
-75.51059990613922,30.03214402270158,0.8642061093201636,1
-95.41057388494319,34.090254994766035,0.3516368029010418,0
-77.67096938487138,0.6336316318782709,0.07099191732004473,0
-98.77789157893734,17.029889457663458,0.35771660416915696,0
-75.97292528528331,24.32700258829051,0.8740586888449194,0
-78.30411866154822,16.55264717772599,0.8166725436455164,0
-64.85372049071665,8.909280839198619,0.13202455375963829,0
-55.42562140851506,31.097779791231865,0.4033841155238852,1
-88.01659017873803,17.265028815034597,0.9230165694523235,0
-49.335483150065606,19.395650745842335,0.017635955847342344,1
-73.03257036916037,32.74436902908669,0.49311600592120075,1
-47.15182371773322,12.780707451255292,0.2673219706498984,1
-61.626203725773394,9.777758074831592,0.11161709610214932,1
-72.12384476841783,26.528725018033057,0.37854758551978274,1
-46.64188895396719,0.5660295029934348,0.6139955746480001,1
-60.559962293897584,9.02760970280724,0.6737668056919998,1
-63.8415608604529,1.7424008753826925,0.7482185812766162,0
-94.6832803747002,12.794099220441657,0.18145486462487403,0
-58.87433675433915,6.488170705795104,0.0358076181363971,1
-96.77707809128646,29.6116159541764,0.09304637900675528,1
-88.68654571338155,19.948611690092367,0.8970411990899892,0
-73.92374945914207,29.155532072337472,0.7241792390424527,1
-93.15884851992695,31.170349008379258,0.26358272863297105,0
-74.12090310905252,18.673886867367237,0.36418452059612316,1
-79.65953556382726,3.3287902835136007,0.5130857323079172,0
-73.98093471313136,20.405907386936168,0.0770322528625742,0
-50.757298953295404,33.13915170387809,0.6464153439372309,1
-55.94829590690528,28.085120346470426,0.992100952447988,1
-50.41850859571859,9.9545587758863,0.37214147335848113,1
-76.16600191163056,2.2613171455844405,0.960379806354148,0
-85.03674545006729,2.3036087461755317,0.32259099847226924,0
-59.67861320723488,4.727612635532075,0.09659243685264596,1
-57.05954144116979,20.516351686060826,0.4186844141894722,1
-67.8258678986742,22.507806661287972,0.7846879252508555,0
-83.56562988363729,23.068653234580246,0.40765935664973585,0
-74.9866378843069,10.649083915381832,0.11332994156746234,0
-92.78124594421907,24.505721680722843,0.9655018406811737,0
-60.46923109159443,33.847921901038774,0.35949417573988784,1
-82.10021409203512,21.45321003829901,0.984448339309153,0
-75.87713211057584,11.07282852788407,0.8245228099770766,0
-81.73200841143803,7.486599475056677,0.1659522816610769,0
-83.96201987136418,8.39125536749702,0.6958709397725394,0
-76.63995966450099,39.113036846773035,0.9969634839947431,1
-93.71213865139629,21.167879013180997,0.7481632224797942,0
-94.2816037289374,21.689999810459607,0.16233569987171825,0
-61.514925729193834,23.394069421056294,0.21047607334165508,1
-49.061294642508756,9.168534422837912,0.48099278345839014,1
-74.31319165809745,30.560361503389018,0.22327716213042514,1
-77.56632630754822,20.965214396548273,0.2378650638003572,1
-50.530943725640284,17.49353274169385,0.21848123362736882,1
-49.22910823930073,21.163894135997015,0.4107733502587143,1
-49.868188113334504,36.839004850482404,0.14843966422401456,1
-42.64836794866448,38.512810452894904,0.12287273670061494,1
-86.4685925030149,12.791916473686102,0.4056957599416824,0
-75.2737098891356,12.179096994406349,0.7281084156753312,0
-55.69124406362634,23.9179491605354,0.6367740348896682,1
-67.90611082144777,3.156106321568166,0.16697360968379416,0
-55.21966459102654,8.855939718933158,0.19439436864832993,1
-79.89718734969192,18.992513358714515,0.6685409293328257,0
-68.00835976575034,15.915617842184705,0.8483349729219062,0
-40.044405897672725,19.47840510636427,0.3276421516117418,1
-77.90605682509775,28.165867523927663,0.7450331541504724,0
-54.11127996333228,30.563764593646923,0.9203156143772512,1
-67.35018954105104,11.70444315338572,0.4489708849140682,1
-72.10001046978924,3.4886559168230935,0.5149047450804946,0
-50.815090600129686,10.629714125750063,0.8087751227253012,1
-99.13215312388164,1.9406875342386964,0.3622801887801427,0
-45.52401263088443,8.09085154876163,0.5085125820418687,1
-75.4987482748402,6.1180591139560425,0.7183316705409643,0
-44.083337846200216,18.7758514685865,0.1837101795845536,1
-60.2850091163863,25.873062690154136,0.5034132540191462,1
-95.21706523795373,22.512550491215386,0.7161869870699322,0
-64.15632825556955,33.28774339957554,0.6999783468927869,1
-89.31710228454673,1.546517711302231,0.33673379468556874,0
-66.7324180005602,39.47692339259631,0.3854042248176188,1
-88.7257852578114,25.85545412412732,0.47897362912606767,0
-55.14797655136959,34.68541758619453,0.7691852230677828,1
-84.48772199254589,39.70390030259491,0.16911997741952256,1
-59.87800677550414,22.319398323617566,0.16652839922959517,1
-81.26919564359223,15.645714406597705,0.5117802216227227,0
-78.47963250832532,22.58466696079491,0.9724560602748271,0
-85.7994459107789,22.691425056529205,0.6050573992115408,0
-65.68948140873346,9.118287093948467,0.5216363031102792,0
-96.53415912431143,21.25579276128977,0.7762488475419183,0
-69.01243584186155,17.228516166484482,0.7947346707304584,0
-60.112294382584956,19.514515515466854,0.8656390408984548,1
-87.82481301630798,30.960648212692796,0.6597021199284009,0
-93.31810163280473,2.691810443091014,0.4695082940932477,0
-50.85526953515665,3.5627512291242303,0.41538050733199805,0
-97.99585221619755,31.538670669600997,0.8331550603998925,0
-79.85821221103559,25.968010852182335,0.47564063512330923,0
-65.80090348361853,5.98366344665914,0.9199268137454,0
-50.72615280412927,16.250690619610545,0.8205421289429602,1
-56.13163738551641,35.52751473972437,0.002174768785014325,1
-82.94207893530896,30.182764923165163,0.34306578824815126,1
-56.07045402995649,0.9129867605167696,0.013019718596254393,1
-90.38353539332066,31.713429437308093,0.6952495186340051,0
-67.0222554356298,31.650386924895134,0.4147437152293554,1
-53.522567122466214,9.70243952471387,0.0036814481367616336,1
-59.13898200238149,31.068399486386994,0.7552682461102879,0
-53.42825027440448,23.88573813270473,0.19975275885078414,1
-67.72921533005791,15.900695736659669,0.9195823110398491,0
-58.00113869066432,18.249353829684036,0.35921560061416,1
-71.3750280251574,13.729457758152094,0.038993853217534125,1
-70.9023849853831,22.929807850139547,0.6375641276288615,0
-66.36181031749561,14.352666963722388,0.6676557812105463,0
-66.79610754292665,0.9801516169627789,0.08405898119857258,1
-96.64507489752236,14.643119102198598,0.9330729412989961,0
-80.66067650028468,35.56860100286917,0.4173745737545087,1
-51.16174268086837,1.3213957395248022,0.4171374278996234,1
-64.13523490272442,2.83938440848877,0.29130413405879896,0
-57.91558827709722,21.668056192901346,0.33234365122266696,1
-88.97151256728996,11.7268058393222,0.5852567325604379,0
-60.80525936245475,13.510632231089307,0.4918200099079948,1
-47.541138082551555,24.3955578092525,0.06348638661684058,1
-57.91653392539406,3.7520055198414637,0.5307388589512119,1
-82.27655231740897,15.618090123224624,0.6263566120453816,0
-49.480407337632215,0.43781271072532046,0.2695876173620333,0
-58.57026692693121,30.15501325260425,0.9289170698926749,1
-52.11762992367888,39.98405252531009,0.9526665625207948,1
-86.13322334638875,9.232429811765801,0.5094326631065306,0
-76.13351673145898,30.62841354247602,0.9201406146062617,1
-81.24187874831355,29.04325429878814,0.09817722081735869,1
-65.0699759053253,15.842125311439275,0.47851848563131083,0
-61.46095529970789,30.565238788868143,0.5366970241100796,1
-78.80873021674235,6.423328043796803,0.06743700715202516,0
-80.40718943969321,31.123647701522643,0.0789172493997281,1
-40.79728525310801,38.87073522379915,0.18461939242821568,1
-65.90862648588251,5.561363971413891,0.025618611099659128,1
-53.38557670259017,5.642820208267683,0.7573500747558125,0
-64.95591730640778,36.105817816992435,0.7061331653837352,0
-45.361706372146884,37.25132698243015,0.13797455500158096,1
-94.82602501793826,16.284421656065973,0.7371180378403744,0
-67.39891495457454,17.40087162907156,0.1959348187556733,1
-72.83494754374857,5.543327856759173,0.3179909782118463,1
-71.89500152519375,21.330364663984337,0.8829677412266284,0
-64.37907973201875,9.809385311982295,0.5894715218015206,1
-64.25717351885635,31.368120487694302,0.13303015384907002,1
-85.90959020444613,15.841553131717614,0.5156870493079526,0
-71.30983254184906,2.725051009696844,0.5484243918226995,0
-44.87237914583915,22.993202546362404,0.6941894273616149,1
-91.99496977490875,1.3879636756405622,0.6970252780915678,0
-67.27724340568554,8.875029462241617,0.5053439279994436,0
-82.70804192796615,29.026120630063218,0.7895423644021305,0
-41.47574057042671,36.2631260712397,0.09482639311569929,1
-97.90505249063521,27.9160220715723,0.5110203300936462,0
-59.31930674969223,25.886049941238962,0.25078694970667437,0
-65.75663842484985,2.646549079251632,0.11693306192523811,0
-73.54224209211779,2.2166324298316153,0.9253131815004008,0
-98.69659265775462,7.455253329334917,0.42952985941470867,0
-43.03821698266086,16.584689103549984,0.6904803028053305,1
-74.49509394915214,31.405654367629403,0.9371768656865472,1
-50.816393731316026,38.324973142445586,0.2725244309589404,1
-91.89771423662583,33.94104785165998,0.15621369059022117,1
-69.65426111543553,4.1994153345826435,0.5166139544848567,0
-84.25669163598252,37.758987792687584,0.2584675291315762,1
-54.72578227362212,11.406271529308079,0.43104779970973683,1
-48.958562083110614,37.81199068074577,0.3970283751789361,1
-84.11147576095998,17.076783576673034,0.7724293329016365,0
-47.116677738709974,23.25758663371763,0.896819003935255,0
-80.29832769971867,31.19828845931096,0.7913304777250089,0
-58.729776404230115,15.69823497744947,0.5347506639268736,1
-58.79476248751254,30.108953506830236,0.15809547538162116,1
-70.10325047738019,26.839054096446233,0.6172807690812829,1
-47.71881499907635,8.250791012986504,0.7912570556169028,1
-83.181367417892,31.75287809244193,0.5983766532201554,0
-55.360316638300546,20.835899650207615,0.3825661288071337,1
-55.906410261382554,3.653647116405052,0.6290658320006733,0
-89.1428430351224,28.602117898454292,0.6380195653361372,1
-81.57688504224947,30.561507037269063,0.8762691867817535,0
-41.970601359029985,35.81317344705565,0.9022068134514601,1
-42.38643972862192,20.641920320193478,0.11167185677111569,1
-43.1381007120797,6.612277460280098,0.02531732343749682,1
-96.56255519666286,23.400622776289097,0.009053122710199424,1
-49.252182531871455,0.20450052468161228,0.4911695964991012,0
-64.70452000184676,5.64415949715074,0.11208046718733666,1
-81.89384208883024,32.56573890009433,0.21122812539838454,1
-49.66703428214272,23.402178172837896,0.9927397631803513,1
-60.13930789394477,5.294204082937712,0.6005661506476536,0
-98.95449683698544,25.638394202288023,0.9143675162524042,0
-90.38365118901451,38.613903346454364,0.8644370734224684,0
-59.60679837499493,14.4864185292716,0.019012523834616157,0
-44.12582585859389,0.7765512159776833,0.4169351083829361,1
-79.51880066855738,30.37776321537828,0.9868022652190366,1
-81.6961110123165,6.3382432759378915,0.2942757234291906,0
-81.84020065711422,37.54781705598021,0.26102233742810543,1
-83.52111144294832,10.231116764000326,0.3501955864297981,0
-73.48593557529577,23.272975758583307,0.7961559568433234,0
-63.123626844854435,16.278913444478494,0.35116447268758344,1
-76.76160368076128,17.527199360356022,0.23484529696272527,1
-79.6686618634237,23.70076701864444,0.1793953635794594,1
-48.80636948206322,16.198003575244265,0.7652302148757275,1
-87.01664147902152,25.859123565752427,0.9983289973991871,0
-90.11763157054814,33.810839647856355,0.45081442076697964,0
-70.00255238874342,21.67441053542669,0.5449837989342119,0
-74.44174211122905,37.557812948405605,0.2611090850083907,1
-72.10773256852654,18.22161758034798,0.6600794831964345,0
-85.06721631112727,6.23187304293773,0.689464155909167,0
-41.6000854180373,28.167745681209478,0.3548056779208427,1
-98.07738463730936,9.466321976959758,0.24055202817772736,0
-47.41631495494725,3.300721152833117,0.9215312031070688,1
-71.24720412148307,24.327851769788236,0.7600217268228106,1
-83.16854767513064,29.656114848330645,0.8322009670273027,0
-74.54640297800574,34.170122011548536,0.2602119657138665,1
-47.06949578026312,8.470507924346716,0.8581336218714031,1
-64.72580151890958,16.31980452208099,0.24521834996559833,0
-69.60731330061968,28.173730292380963,0.34681240729819085,1
-59.81116031904938,13.305350673969102,0.9416185392253299,0
-68.28025488621338,9.899424314543829,0.09926030852629797,1
-42.20732658703722,19.907680786281553,0.6033947600323524,1
-99.67420995227798,31.135705274435388,0.31062578058466006,0
-69.9075452740063,19.466099167084188,0.2556410052066954,1
-84.15797786346316,13.191538331587807,0.033790236252435935,1
-68.82483654569978,6.3810469155895255,0.9896721499016505,0
-47.97419107116933,25.738442447257995,0.7439618118857153,1
-80.7080205110601,39.51509402694711,0.6703560500444855,1
-67.64990245858013,15.248366189656558,0.34565868016354084,1
-66.00857979785721,30.150399361930816,0.7094013212078183,1
-42.82427256243914,32.6877372864338,0.2726923799734866,1
-83.72355563752052,33.63361278370453,0.5760616185804103,0
-40.87035245346492,18.677298205053617,0.1523811787190148,1
-58.312101325074345,25.794050009217475,0.7246906995205081,1
-87.91910085683709,39.23092014825103,0.10576554955578221,1
-66.60666905674327,16.393960400265417,0.2989861948339191,1
-82.51658960824298,27.21747754522422,0.17694999758819696,1
-87.85819811228617,14.718536817506095,0.6399114745585177,0
-65.5319404437185,27.778348444408945,0.8785052639393307,0
-53.2078093676613,38.36347835482709,0.8162787182371545,1
-61.307613119328266,15.395987274087698,0.3612802667936197,0
-73.45662436594327,14.401292059970658,0.2573860320786361,1
-64.9148378317038,12.678718635332057,0.8135519744917451,0
-98.70327520718017,36.94285665569183,0.18624539551802888,1
-98.5746096125688,28.043500942736372,0.019125089622585856,1
-77.60395494275777,19.878228144029716,0.2304317856588569,0
-77.18586496604173,14.027528954470782,0.537917479624231,1
-51.96498275956899,5.232173080513389,0.25429601695755244,1
-82.70749681258381,31.04003834338114,0.3684184909544609,1
-71.4608735949088,20.489453157651894,0.1546904163960109,0
-57.39085372684045,14.208718944765689,0.6034379962390953,1
-96.9688182176797,20.281801292682268,0.5976673022111709,0
-45.271779706010534,0.045589523602567184,0.32135933445148557,0
-48.73643254039009,6.818607600737572,0.22488897039028743,1
-65.54371180482485,32.50318356602514,0.841145075928455,1
-54.006568389406134,29.461813560960305,0.9362108605955696,0
-50.20080106090668,4.7235306188159365,0.6689428513091572,1
-59.91664085879507,2.2049730154963587,0.22115824484265334,1
-73.9948146694896,9.064664621779812,0.9693136083935305,0
-96.4650796398518,6.369112900335896,0.42124561447906805,0
-92.13653490656121,39.499675573962634,0.9980040097954245,0
-64.37282638400946,30.440201489557293,0.1469521493071425,1
-62.353234593557026,23.114700703067406,0.8945204418702903,1
-59.86314046050522,11.659279672201603,0.060168749005857,1
-98.2235626522832,0.9194790298560029,0.3712511599543601,0
-47.634984493726634,22.46282418311868,0.6392686195063857,1
-90.17781630886849,27.146390638835545,0.7593541318409944,1
-96.73479827741386,22.148493691531694,0.7920963658431724,0
-97.56349915671031,22.32692021250709,0.5593001176177886,0
-93.82365717715601,2.535821898837196,0.05997984469807793,0
-55.88008859906571,35.182624901066205,0.9429383277639499,1
-98.25570314987218,2.8358107883256656,0.49254862017996204,0
-78.87756819739475,15.71500885268064,0.7027706012783023,0
-68.79568526431072,16.800535558553356,0.3243351604727177,1
-51.033063907523044,4.744847795811649,0.8642296796316205,0
-74.07457458523065,25.41790262984984,0.11504438156527119,1
-76.54236316430165,17.364931194034913,0.15036258433273086,1
-90.78322605636191,18.413634398811773,0.7078214111239601,0
-92.87100544647554,4.719860506511231,0.35196569594309035,0
-89.42667008760905,36.29153201271692,0.8812130828403819,0
-56.47572937884291,26.3518790469282,0.6091380727341225,1
-44.85342012600369,36.2040516187906,0.3053702181186885,1
-51.878447183584385,37.101131657885766,0.1020715736443073,1
-76.61972884102806,0.2773435058985507,0.8050522574225569,0
-54.73833587610102,37.28777000875344,0.9071823190247289,1
-75.0963519030313,34.133100571278725,0.5512723296121684,1
-58.089137927930764,16.08333553032282,0.28079529412064974,1
-69.90028947607101,2.428928903565488,0.7201578461047922,0
-73.70102143513073,17.55052298557681,0.621055103987367,0
-75.74788718161648,2.7100506872558716,0.05731382541994878,1
-41.983171681904174,24.905061483603323,0.9364165040964652,1
-71.6455893455757,33.65019133982298,0.3642175270137886,1
-68.26018413295839,13.237078886542403,0.3412897563611236,0
-70.80050014971039,10.817009117177289,0.8548694969042162,0
-93.52041312105634,14.255447603018903,0.953730336686887,0
-56.7562967999723,13.885018947430812,0.8821960484458288,0
-88.9438000799907,35.2074557529376,0.7966222354121691,1
-88.18201264243137,2.94873871429012,0.7053692781308766,0
-53.16973097497634,15.78077229178319,0.6891117338361247,0
-79.12595345460446,37.18240546928602,0.8972556243124837,1
-67.73017606011896,2.207121533483134,0.7556634925689666,0
-54.50465307970834,3.5919118815751894,0.5986040073915992,1
-94.01032709110241,29.718221023004546,0.5661001141230881,0
-89.03633910771345,15.80391277202271,0.4401958314342447,0
-79.25817816094852,34.120329545119986,0.7339738743303492,1
-54.488828209887394,14.953242477088114,0.11619058251729963,1
-40.07827044877704,31.247294739102315,0.7970569124749614,1
-99.05166667359197,27.45096515788571,0.055367494773533754,0
-92.40780348563764,23.437003610026863,0.4114418042001081,0
-41.81109299766584,11.632331322195192,0.6554387258604235,1
-99.65614595721271,14.494416131957365,0.4687760626202294,0
-80.84258545324774,8.64820370188632,0.37109238976819137,1
-67.3534531166988,1.9881413607048959,0.5930650520067882,0
-49.60754303609565,37.918092728304046,0.3869506184010635,1
-87.86148286947412,4.544175002813118,0.8566617149520281,0
-91.97916858689598,38.077303898302965,0.9709637265590971,1
-43.30019032633971,26.56973151829176,0.44916527955000163,1
-86.41388859401343,20.432749088328407,0.4479241308271399,0
-69.81196643252555,31.11038468257025,0.9559038811532073,1
-40.49353144427736,6.938828693406838,0.6115867322380646,1
-53.35643612274233,23.616134549358403,0.0755259356746083,1
-60.04493319996175,2.040590659082757,0.4707231505704217,0
-56.545445456386055,31.13801278287948,0.17886996867283866,1
-54.53700875124075,39.52997106123896,0.28771842438874884,1
-62.39050103294748,35.20829772603512,0.8394001479980538,1
-41.696335997345884,12.241681211493557,0.7276320210088763,0
-52.95903994258552,21.85379699739105,0.6438097468791006,0
-46.960463070937465,30.223074366445488,0.02056957115378988,1
-91.3505710647185,22.45406535414837,0.9033579249595041,0
-54.70287207508127,21.654718535315567,0.7186675489272899,1
-96.9643352260538,29.67980305350883,0.24984622566729842,1
-97.87275205553496,31.5874273928565,0.10183672936811183,0
-62.13607342768675,13.486573323125883,0.24672881768863586,0
-74.08326033997108,34.29801110678249,0.8493223285302791,0
-72.23726988431056,19.514650205248504,0.7910774389957983,0
-44.02399249278969,33.59607586905041,0.8029477919254768,1
-64.99038691182542,20.655816830132565,0.5285513447962473,1
-88.95164697104906,12.120502823176578,0.7124234965580548,0
-77.62649044261198,5.711986771985438,0.49263447382353864,0
-92.5509992253593,13.994792643125589,0.33906402344797204,0
-41.554166503227826,9.588506670777154,0.5245039291417513,1
-80.83639071055791,38.59272616739272,0.15460439205949994,1
-83.62397639501206,28.196629091058707,0.9334972456329593,0
-41.86048801738519,4.287374054607098,0.7423847482082613,0
-76.75642421413878,17.404399312752652,0.859056358503985,0
-42.48644720551328,0.24222424465324188,0.3769983743370917,1
-52.781193018134466,24.631902567068845,0.20659491587244505,1
-43.29523687771588,28.905424351385427,0.58631689506546,1
-77.76230430966203,20.895707090532078,0.3202053734507678,0
-92.96203382681107,26.63910118146763,0.007106315379408201,0
-42.81109720524845,38.46510826614745,0.790652289943967,1
-83.9807525210191,6.999236367836916,0.7722932916989212,0
-77.42315533908813,0.5116451067086603,0.2607828012979889,0
-97.32105466154327,6.678698239318308,0.23307984619236755,0
-72.48711509208694,4.888401111211844,0.9810105177894052,0
-86.22063820006869,31.464286148163048,0.31690125905234356,1
-56.65133060995177,18.551653581383878,0.5636271748156207,1
-69.96723147228792,3.068170340836134,0.589153813948479,0
-71.29039371151092,38.441906441623274,0.6927287067259044,1
-63.0985370857976,35.390027930694586,0.7472363628266752,1
-59.455089306365835,5.917635783457431,0.2724064487939962,1
-76.8488342593521,23.496602287308576,0.8990908878613453,0
-47.456454900013455,26.02867184281882,0.33137756092781734,1
-97.94923534430438,33.64515545578784,0.23410246519766253,1
-68.4167149665943,34.584941431955464,0.6179439812444242,0
-91.3989957874277,2.5900700280035105,0.5583049017072816,0
-68.17149260460205,25.852006626306352,0.5989735488422729,1
-91.13479329567356,16.707471106562018,0.3325692527081119,1
-90.0681099072982,1.8991613557690634,0.4439742674498559,1
-67.28928144041357,26.367859399935845,0.8947109880253686,1
-54.419637760720235,24.603094821031046,0.15175001371629326,1
-42.87565723996017,10.280999293010108,0.9815837839663273,1
-59.92456779648782,3.5817973574946516,0.20915976684647786,1
-85.31629763705797,8.199131333669634,0.17086916512260486,0
-69.14662778857513,38.187465573956175,0.07667271971256717,1
-44.628138224488566,11.937242025733097,0.12297588935768078,1
-63.24271127238708,18.551050007353123,0.6460655796536751,0
-77.2571757500856,14.730800433653757,0.45209535453093574,1
-40.13995645968185,1.7067474223218415,0.45192856667965164,1
-55.02910134770377,28.843968385669342,0.5142058488258032,1
-88.41500755235108,33.54391348720428,0.19258739426320703,1
-45.41246297023799,4.943227746188197,0.19714012160523897,1
-43.18646253197454,16.328714991830108,0.3437974243393953,1
-60.434641918485895,30.436622203213673,0.05236868014359053,1
-78.13857571988925,7.829011008512787,0.7270088993839715,1
-98.49080346231926,22.302449300280397,0.9433651090824527,0
-80.47943616899937,34.49509221723444,0.8320379329108243,1
-82.78962869581409,11.816917028804902,0.944044110629573,0
-62.91945337705429,37.898159960127316,0.8657579011873119,1
-91.9650613807865,26.007407974150297,0.7333780629716133,0
-93.4206460484981,9.046834432896285,0.0012681204417029912,0
-64.5677554848566,33.91872409500247,0.3026212896684891,1
-43.52958344048887,24.06235615902368,0.777382660148642,1
-69.39002240213398,25.527126325851704,0.455209354699607,1
-95.33531998449747,37.675160795091806,0.08007284104433066,1
-93.89207286216484,31.96929636318067,0.8610559851340958,0
-86.39808088511735,18.764376820255766,0.14874010288318018,1
-49.596579488685904,18.241711766497044,0.5966173789880377,1
-57.713355921094234,34.00007252166092,0.1927722698679839,1
-74.16216042905086,15.567120233076178,0.7414499010647726,0
-47.83829038728858,16.17371985267475,0.03266255992449574,1
-72.08725170618561,22.202879596795544,0.6727389236084531,0
-69.59416361978603,4.5479131495936675,0.19664656072512532,1
-95.0362000046537,19.885901843772547,0.6396422677419699,0
-40.72366426525452,18.26165724277032,0.3562279144625904,1
-89.95810002134924,29.515942882585865,0.15708024072273807,1
-86.38543905694695,5.823238612778394,0.38827344922977824,0
-40.91836390832681,21.21402799563628,0.2674255193203441,1
-97.77036029083857,26.440665383998656,0.9246944164173854,0
-94.8964312197535,12.049456510580319,0.17727942180737866,0
-40.414068236941844,32.24582904812756,0.10952102848559508,1
-97.34855085031103,10.210149554767,0.17377356739452188,0
-46.59204954839214,9.959066936271377,0.9752685220072005,0
-89.22294389829081,10.817628659077565,0.10250058166962706,0
-99.85364317568396,0.12171930499487171,0.22278200792140657,0
-65.95967998927252,28.788570933002884,0.2570116577081881,1
-50.61252340299431,9.416822722659326,0.7028820015262072,1
-97.30536283646026,36.51305926784682,0.47658214417901135,0
-79.96900892978962,4.606238253633239,0.7348078616631109,0
-68.58236982731893,18.28154336615695,0.07136604954768577,0
-46.55245054728851,5.577254773594471,0.5811331310703819,1
-54.4019869779562,8.885237520614142,0.6692074652118586,1
-65.0577908909167,2.6342745580081317,0.1288260286571774,0
-65.09170845157325,15.180090935410298,0.33505616665007654,1
-90.10737392649587,31.44706786260641,0.7393524625023697,0
-86.33133093481696,10.949999999871434,0.12417628671234948,0
-47.2541872485212,9.106110373295323,0.7208498748052041,1
-65.9842487782272,27.054195602542592,0.776598713755872,1
-88.01230416051204,1.462053415983493,0.8974000649761122,0
-93.66371254792598,31.401114803480908,0.9731885574948622,0
-74.69868671298447,38.813871185748326,0.45923075032776384,1
-61.45715489706219,22.834661652226718,0.393469868817813,1
-78.87503232194447,10.69990589410072,0.8856353101583594,0
-86.5780255702591,3.542462035303515,0.5197609634797413,0
-94.88220546760553,14.890849883215092,0.4895300843374166,0
-52.3850792900819,37.78574505777638,0.6625471095866129,1
-52.62650775996066,39.3065077135627,0.39600736724124486,1
-82.36237174452575,23.557970148320337,0.9300861791883117,0
-49.84473514498946,27.237388042202344,0.4340965254276208,1
-58.54580914674851,1.8354035607431163,0.3465084023608791,0
-65.31764512480409,39.49715744563201,0.14817174751905182,1
-72.33403419070555,30.17801605109493,0.8676630237964277,0
-77.99654962492194,12.700561044849334,0.9855459673511908,0
-87.85507396469116,9.24271869872824,0.11780216040069325,0
-53.703543993647884,26.202595287634992,0.09859579806041507,1
-54.11178684356594,0.19802696249987317,0.12015812152503991,1
-41.944418440151665,22.68449948321759,0.192611886100586,1
-68.77255337396633,35.81668080211708,0.7944875718016767,1
-49.25803596118167,20.714471784665225,0.7007123418980362,0
-72.94302106699776,5.821506984845182,0.5037495627596872,1
-68.85108480486473,5.766468463440524,0.025967863833741833,0
-43.4494442008116,14.905593465918106,0.0027095606400937555,1
-72.65818839872898,14.82619610635302,0.4041427630523309,0
-73.26399821792027,21.552205340471904,0.8858878189262039,0
-76.52383554495096,36.2117643974849,0.8207190481018736,1
-40.11081996323843,8.016301455014112,0.5653815869321401,1
-81.78504090433678,29.172536494071156,0.784945939637239,1
-94.84006170190283,24.969232577955832,0.9420892571805831,0
-93.82412057228419,8.729314478968856,0.6797998414691463,0
-69.03473192457326,19.101140928806775,0.7796846335409765,0
-88.11154819408034,26.234693429661988,0.9494324997045901,0
-63.59928908452157,12.802563777195207,0.057482034522193914,0
-83.61200724359958,28.48564195057115,0.08025374371946925,1
-86.587353949646,0.38991170731851543,0.1773618112578209,0
-84.379087395085,21.082452218646523,0.5175616088081992,0
-98.2623441951221,0.4105414002647212,0.2865193736007624,0
-43.35138117542352,19.695562139525386,0.09786988465440905,1
-55.873279853300126,35.31086835385113,0.4091171427650667,1
-79.63133474746584,23.819773337190014,0.3578770278614404,0
-45.56429254907031,39.357129889380566,0.618664192622032,1
-94.79731098140805,13.574181885024622,0.2511499756438027,1
-42.32965654619905,30.92759531263126,0.14474913634097597,1
-73.63109400526646,3.910077652189763,0.5323626142289959,0
-55.28871230026933,15.100045251490751,0.2586829223872441,1
-92.65546913617197,6.896458587849277,0.40126792682449375,0
-50.349429411578456,6.641126875209857,0.7362841486595305,0
-69.44744261538277,20.592279615197793,0.8682235443299997,0
-89.5115568260197,32.64407491132433,0.141353100555893,0
-51.89189100064657,35.89865129376228,0.5683619108217828,1
-79.08241459842887,11.863392264505652,0.799903600878581,0
-55.49701536881591,12.779065919331938,0.885425603434181,1
-97.07809166116893,11.509335326643733,0.9253849895496901,0
-51.84124972027614,17.694390670241837,0.7295100874412597,0
-40.52532231159833,6.289140104802162,0.3248246070722576,1
-97.99430123728574,1.8460386447513821,0.4495553501983357,0
-94.21654227079004,27.45101334184674,0.6532368324712254,0
-72.80848389705604,31.31968047129696,0.22696223552232186,1
-47.07370223993959,16.332024402594314,0.6911038757808027,1
-48.07260711666023,21.178210664646162,0.8339734200395608,1
-98.96241853511302,15.342704699747589,0.5647991517785884,0
-51.50891139772452,36.1355074721421,0.7622301434297726,1
-62.63851933863737,2.426477373306315,0.41607464064702304,1
-58.58012431862833,9.301640612956703,0.4174237958810868,1
-93.25780755443853,17.46990753693483,0.060718038316151635,0
-45.76826824143868,1.1145513363574056,0.7013360859390624,0
-69.77496597201419,29.32778642700257,0.6347008279652352,1
-63.62821426673135,3.909116760261533,0.5544670647247848,0
-63.48621862005911,6.901450003400207,0.5418613324949086,0
-43.29110273975364,21.750187407772138,0.18324801965419424,1
-83.74821296227874,28.707776105523855,0.32857621201884424,0
-49.15896265484879,32.03478048703534,0.33846486980319845,1
-44.19366884499256,19.001753480240794,0.8506693520367185,1
-48.91992103586777,30.29305884842686,0.9669512390082474,1
-66.23965536550855,16.384421580150118,0.511678512766829,1
-86.22085982562514,4.329097808459901,0.9366332034060425,0
-56.456831613978764,7.677580723693138,0.47274547686619794,1
-69.40066422928813,17.09728405810406,0.4050135938595608,1
-86.5987661791438,3.245293141303698,0.39674533701619874,0
-86.46085642529708,38.769350864851305,0.8988952444840717,1
-60.26722430447789,15.443584700412188,0.5948367681936265,1
-93.1909040138973,13.151999350232852,0.4058453159450497,0
-64.32482684183123,3.464313476550962,0.8058907487926315,0
-96.81032969591634,39.266748902219305,0.42545969805151607,0
-76.47796593631898,23.415225382781806,0.943732334471653,0
-76.71678716186514,2.927623991481658,0.4134584223243526,0
-93.72309419171349,4.970560767660697,0.9065083492956025,0
-74.55911944817845,10.127349170201313,0.8342277908853334,0
-76.23646331298072,17.252153873482712,0.8422916611584458,1
-47.494948056755064,12.879619443766073,0.38536485503938867,1
-62.91556970535467,33.07908071725592,0.7607828337482748,1
-78.8978565489842,16.336377944030183,0.49629671461348646,0
-52.73242896166764,31.523806675709984,0.04352396625007271,1
-75.45160134251216,18.95594191493793,0.7685771957130377,0
-80.10586015944688,25.38170407856271,0.5278602538258668,1
-50.399966717376756,13.20490994278579,0.8676250744973653,1
-63.38260289776896,25.273604501167235,0.8487523151496436,0
-92.28140849899152,15.064759755639962,0.2394402891022669,0
-91.90743589724613,12.472747008102164,0.14390140679506158,0
-80.44053727506252,15.317659857299425,0.2923566438360925,1
-55.84121295911942,20.117354517818246,0.8112925887816186,1
-83.6106075564688,0.5919362353898094,0.5638568087199622,0
-81.7850496860405,28.63741501116925,0.8889113637132166,0
-43.858981636117456,3.19438759505303,0.16185855325822318,1
-93.3549808962159,14.589006400187902,0.8034059223932107,0
-61.57749940494009,30.18238329944987,0.9383712056925303,1
-91.70767770168816,36.280212064469715,0.514647175956967,1
-59.66358713952039,1.9595049585325741,0.23095941192997216,1
-49.092599313093466,5.381845540929389,0.2934452445276404,1
-93.44831516363575,15.247235573753915,0.01269473495084883,0
-89.96252629574624,16.20000855018009,0.8328685444392643,0
-72.52233939002915,30.890244986475743,0.13944936452437529,1
-58.10858531693704,28.907933165122202,0.8928925567790963,1
-68.50467425774109,24.55920696198865,0.5447527308769479,1
-75.05155586976342,27.381120102679283,0.35234708016206495,1
-49.44072269690823,9.881475857384356,0.7388753764368114,1
-89.98162480553776,9.23881628585088,0.27123861586811115,1
-63.88018218834823,16.319002658934867,0.924834806477827,1
-60.442848314838976,11.25194316956588,0.01723390242787015,1
-71.13261389421102,13.557859765754383,0.022079760324097086,1
-73.19221931856586,28.487390388844076,0.13485979423826588,1
-82.60560230707145,26.239018255682236,0.4010591941172662,0
-98.50313687760095,23.098142376370568,0.2618109624870687,1
-75.16512673643479,29.080633071260777,0.20443651872411306,1
-60.845964893975086,1.1138731161269444,0.41673447932648255,1
-89.78618196443537,28.59371920877153,0.8178620138801606,0
-94.5971283534615,22.335006486329824,0.14180982799742825,0
-65.8871886970125,36.76842731894695,0.2493814323042608,1
-88.93324234678953,3.937933315353175,0.9102621814869263,0
-58.83421809367307,24.899307587796912,0.4123360025626529,1
-56.575282588489735,9.649936334575226,0.07990537220593674,1
-73.79695664605826,1.7025521244155462,0.025522724171355038,1
-49.736988508777536,23.599162546248618,0.9202533417266271,1
-81.5445931346842,11.80607874077241,0.3663299811997416,0
-82.73018221363753,6.938348742111664,0.24966142142224013,0
-62.95917400445884,18.022142822069153,0.401310263720678,1
-51.305758238269426,10.57632660245356,0.14357192210510328,1
-72.50427750780916,29.311680821586354,0.34088361893709884,1
-88.25742908864035,9.681465629650416,0.4097050974248234,0
-90.78521325483312,0.6924591640366762,0.09764208625652859,0
-72.31113569754426,5.508718119194906,0.5619663040916895,0
-97.09032506368202,23.60596648876292,0.5904297660409314,0
-72.13590242096848,13.511453099898656,0.6671094015981612,1
-83.04362133986926,10.405333460414408,0.4549250928522406,0
-87.65081241921955,15.674849922202107,0.9054966638694435,0
-83.66550628929046,27.495204272135506,0.8541734561081626,1
-89.41861719951545,19.045839537218313,0.9728041099128708,0
-55.47701480074476,36.73378773212969,0.7727988918128019,1
-99.96146177800757,0.2324570252011826,0.7055890091429395,0
-46.18019207362029,6.510875056242087,0.9873144462951406,1
-45.426865367719,12.12972887626571,0.3646632881996035,1
-47.944128065608446,30.646278628437127,0.388709670448839,1
-62.872226359743635,30.130687581927415,0.35182474883666115,0
-77.5831516924257,31.906384888716225,0.6992038106551112,1
-66.75464526270459,20.407655891147446,0.047052853270618256,1
-83.5040984817771,21.314284858972776,0.7086864266836305,1
-77.88069135069418,28.019271896080063,0.756088178295468,0
-61.707595685238246,0.564395635037207,0.6078583448585386,0
-85.3476999540467,16.43058433146081,0.6115539237705719,0
-75.48899979184873,1.7878746582745286,0.37603378889543804,0
-68.71340739052035,35.515637839020435,0.3945445422889281,1
-69.77938677773935,13.803003318391838,0.6632935078398454,0
-59.990002858573,19.852297116299162,0.28712541968230954,1
-76.30022138964623,13.928892808517421,0.3237869339145355,1
-65.26134851498546,34.55970990198825,0.7343579078249955,1
-93.61667901925553,16.270024647605595,0.6271993566539871,0
-61.22255420628645,38.352729485087266,0.1370913820435503,1
-73.97590157875108,17.323707706686964,0.06857778280790872,1
-77.42364089883499,32.620340595363146,0.38424563823096436,0
-85.10295155918632,18.07066059220134,0.37658005345952983,0
-96.86581009011203,8.23283093140656,0.721202063745044,0
-62.493396131891764,9.342797534898848,0.6395676268538161,0
-77.13786718607253,19.57343938003146,0.4304354425224213,0
-94.3814317271787,22.0453132914213,0.6603957876062212,0
-66.81921961933566,38.57604200001794,0.8437617808834109,1
-81.0581856497084,38.785928611029036,0.3175302672592071,1
-71.63296163446012,34.75127272385267,0.8238578415860601,0
-46.57851990074513,19.031076217366348,0.8065557277333399,1
-70.07026453439073,11.35263811344788,0.33803261726045974,0
-85.54176549965891,27.352846299834212,0.6533717002147803,0
-89.26134258457577,38.04337867233028,0.6671727215608355,0
-79.37996108314859,17.697939524740747,0.8309242229699748,0
-43.598859351549116,10.772056476401954,0.5998248440936063,0
-85.28446161860742,21.866000355013398,0.5608671245122139,0
-96.63138755941513,24.181025638562193,0.9168411748772415,0
-80.58559376503999,22.248337706249846,0.14608381381895352,1
-94.56525648787364,33.35363084093083,0.47511566332985244,1
-96.5931379572959,1.1495937832565462,0.5999775686683283,0
-67.64398232533506,6.070817457958868,0.8684781655555281,0
-75.00342201585113,12.275410447879569,0.6458445715392559,1
-44.884873055852125,34.4525088116331,0.07058925769758029,1
-77.02012346983939,9.638456137877487,0.49401529164076874,0
-83.70607776735534,1.6666135266076854,0.40520842882175967,0
-95.75009220175966,26.892731386116854,0.8140253408791166,0
-87.85568322977426,25.998323608905963,0.7073730589406255,0
-55.17334763875534,33.57685926654601,0.755242085700588,1
-96.86307935072062,15.423890241494878,0.09863566529588297,0
-49.64956802594053,6.794394579502394,0.5978401735986646,0
-47.506055766610324,17.350036660256634,0.48670371465419415,1
-83.76762227887504,25.609500338569426,0.24216839641482324,1
-83.75585903023439,32.536229344255496,0.14411845231008968,1
-66.7348241532413,35.640824211141656,0.4293759065529571,1
-68.331015878725,6.623410006124257,0.09916979573444673,1
-99.90035753951197,19.37087356470463,0.05636055398076967,1
-98.57815587287591,30.395861034445755,0.3396358270394215,1
-95.4801602532578,31.72804565300341,0.4298393766282862,0
-70.4199611330218,28.428781604781722,0.5533028281456691,0
-81.04425689015241,36.00929868213687,0.3639035560911019,1
-72.65555615203036,35.13933116334785,0.18065945463820987,1
-87.54176967436482,31.037513193937,0.2939324248128323,1
-51.26218321178284,25.28763128569131,0.32211204342845556,1
-44.87533472907072,21.774478086684276,0.8180430037582271,1
-97.62236431249505,16.534540485105364,0.44919043101198386,0
-65.3014928848796,20.469797707918648,0.7840592890952631,0
-65.55666965309072,23.00581721775721,0.7959717807667828,0
-42.999893765547526,30.799295247473594,0.7372775243137862,1
-79.9817345003057,38.639070199489765,0.6020769798903751,1
-68.97883078903425,2.5598665757484262,0.3320670758400629,0
-86.78311088148627,9.814122453981193,0.5097588561452133,0
-77.21684041110005,8.878739147384733,0.5442440987252205,0
-75.62715315949359,15.005081924407527,0.16569558404052254,1
-74.81407797407448,38.44717038986735,0.5684064974032454,1
-93.31764342892936,16.81801150737722,0.26564519783359863,0
-77.62747170752316,24.229617000242797,0.9239854824204717,0
-84.01220094994923,36.46006944264982,0.3763583440171562,1
-56.34657685872405,10.757602553594566,0.043795095752943713,1
-78.35008713290489,3.4562701339077284,0.5690910176073408,0
-47.36947801726501,35.729531531550045,0.8912498025953997,1
-85.50166547565485,3.122650211587139,0.2760882333466883,0
-80.30555031404046,13.183310176281715,0.6179936653423691,0
-85.8846166950613,17.574515962747373,0.9804713318339051,0
-43.43412443873116,12.05350501594884,0.23377506035393425,1
-71.39594467726853,19.500107146232445,0.5346336142608399,0
-90.55932767089028,29.855739554328213,0.0851947147532569,0
-45.00160838563267,26.697644564259342,0.1837297631813649,1
-65.13633161797631,33.26774409622138,0.7815571951471503,1
-43.50766859571406,6.733664199524312,0.05520552535687662,1
-83.23871126837625,34.522364084108375,0.9646920613043015,1
-88.43542655255527,39.59083939145206,0.30412948344690804,1
-43.10079640924763,11.309581931126441,0.9887029555040562,0
-94.17956732231865,8.587564767512035,0.8663934756523245,0
-98.34117849473829,30.937871164217846,0.3329756553162715,0
-79.9543684204028,15.767178725397049,0.8212617734899368,0
-46.94739750609975,0.12159122334600703,0.3433003081789039,0
-54.294303680675014,13.954884627053712,0.5590546712496888,1
-73.81502237859775,25.750289625493995,0.5763039225852867,1
-59.13508228396118,2.5503029143159672,0.49637083210249844,0
-83.59421787239965,23.422330609619415,0.3628278596882655,1
-55.607565710023934,8.90567133396079,0.2121031517507651,0
-91.75552419773187,15.321642370932436,0.8237626852590444,1
-82.04872885688778,9.045166997577887,0.6892439787167809,0
-75.83229445333622,34.28662950764702,0.6123935834831158,1
-79.78547412300895,23.919545645893127,0.1536375291342007,0
-85.44247788846263,9.449428126799884,0.19036381070860842,1
-64.08581246217052,19.885865675029635,0.6722996615703467,1
-63.76144319450275,12.548060674609257,0.9025452035265005,0
-99.85551137098226,37.27708624844498,0.07139703273196896,0
-81.29067814694756,7.185734470256073,0.7795757241702227,0
-90.79046767754858,19.27562670324634,0.20181152965685867,0
-83.2380644230902,22.377011213118344,0.28513644705819186,1
-99.75954371599963,27.08987540846318,0.11303671881477395,0
-71.88729823148759,29.205345584411223,0.6188020311545858,1
-94.79525390271975,36.73322458037601,0.6039586389023303,1
-89.69225839519987,12.236388483699976,0.9935685725002547,0
-92.87034746427844,9.759863674206319,0.08134338104701488,0
-56.56166193220202,15.307844796100344,0.4441461503605516,1
-99.73305851146822,27.925231443926677,0.8502522690744179,0
-56.73756671999647,0.34365074927480865,0.8461588435172208,0
-43.151572255591795,33.42150005819668,0.42398220977459755,1
-45.02187796510113,19.77060711612069,0.16400949928971675,1
-63.91385944123677,29.081008386303225,0.6008268341451003,1
-85.58447524065552,19.83231753007551,0.7126498795545566,0
-99.37611390939156,22.08672259408024,0.16372319784200862,1
-77.98183035361802,29.13124164187569,0.003296011456382919,1
-56.218857479357325,18.368447337585906,0.013255714879659264,1
-97.6653507535471,16.57844395886022,0.9818442509760206,0
-79.82455672069278,9.377515452879583,0.4319839472378334,0
-97.06217741060324,24.90732175311122,0.2740565590107069,0
-81.98081985261905,12.83647756548826,0.04936754985392566,1
-44.998295314879016,20.857078122333267,0.3544791423942615,1
-43.77691415976959,37.0951856085711,0.4651790347131841,1
-45.846761846846086,27.554254108901347,0.3962965588100016,1
-77.69732441022796,0.2640981511791596,0.3071217614871502,0
-87.23951759439817,39.01457455361231,0.2098936424175626,1
-96.48758282371693,29.73701465374687,0.3238276952561614,0
-74.73670522025728,6.287401533245305,0.3268536899437736,0
-63.851080122789746,37.63204959824607,0.9848395221658938,1
-66.12214408148228,23.120315778273287,0.022256855154266897,1
-79.8228501743583,37.303487026835924,0.44688244615828787,1
-58.11275296128177,25.0782604384279,0.1706326036421597,1
-73.69682448494842,37.69720438216665,0.8397339994971507,1
-89.03479969368794,13.363512973424134,0.5837478328895893,0
-44.813355078263584,8.990863480470793,0.9789669559373921,1
-61.24314574498688,5.9151428182378885,0.30369530636542463,1
-66.09532536215767,31.329965906847622,0.283747325158237,1
-68.35601316051213,39.71509512892314,0.6489731618124333,1
-69.95403105518331,30.064105087530308,0.20569402466308284,1
-63.213434860351626,12.724263872590642,0.14148259494938797,1
-75.82223549376965,22.19515969012296,0.17116074053441777,1
-87.14041582870081,13.338349534525133,0.7405912825574157,0
-66.62858219213264,13.729568328373798,0.5476744332043878,0
-93.8863505611273,30.79425521175356,0.5999893232029582,0
-68.89716116338187,8.473823975933614,0.060133752343963676,1
-90.32846542459815,39.76365267362128,0.3358063299650652,1
-61.94900707628898,36.08197324584302,0.2851127432989057,1
-78.00349690404326,26.11780686877999,0.1212429613181033,1
-99.84528337080482,37.674716468328484,0.31052231606446734,1
-48.379246553093,2.575597773104157,0.6879156936648098,0
-55.51831762300805,14.167356358450203,0.15795868054807138,1
-77.20009632916651,24.315243331009935,0.08811068867099137,1
-82.38452142041723,11.752822734712245,0.9319871503395217,0
-75.94441704061084,1.3628534382579982,0.9368552981068421,0
-65.61726540831424,8.456926196460696,0.6731662160660179,0
-94.57355638095204,18.352339376148002,0.7945462962015212,0
-60.23870565380368,34.511783620603104,0.38894787814615517,1
-49.452699912839954,6.945746599691449,0.024433552562149963,1
-62.44940275738082,11.312891716501895,0.6624968565277206,1
-59.884873250740945,6.000095297307819,0.360044466902136,1
-54.65820943454486,37.74757162590293,0.18383263716342502,1
-73.9975650124355,2.9007431639782677,0.11049641495480866,0
-59.05026976150147,5.644088962337275,0.5230111825052224,0
-60.95206230892709,2.1624669822901543,0.7475611260911335,0
-42.996810659470725,16.966238231684958,0.44109040389820886,1
-62.97228533892124,23.712935584618084,0.371841557646196,1
-57.16334209516075,6.3501156805158265,0.4038585012128203,0
-47.85677282337984,8.692335969429257,0.5908005800238055,1
-55.07492813532641,11.867038405403086,0.7103982185812563,1
-94.18392749264117,21.132142870273135,0.09458398281747449,1
-77.48331161839036,29.265506872906283,0.24434626970382534,1
-65.31357409157476,13.948199802390322,0.03723636113076001,0
-97.35129106646158,30.356627871502507,0.29769445877597656,1
-58.017571971355025,39.154285395959874,0.5253159953461247,1
-76.4851475607333,34.649002288896284,0.021881505691161762,1
-88.90101431470586,5.071409117653682,0.5981838385568204,0
-63.893514647937494,12.216926681629898,0.3552076034004268,0
-42.419126849552384,0.5476046905266907,0.08566305262518681,1
-99.93595209863517,2.7290064882245613,0.6305780497033933,0
-84.65729478388748,20.89371525848019,0.7055499316064198,0
-91.04633629358462,6.592706896998424,0.13985966714133258,0
-80.86182444504146,32.13992400660545,0.846516026588506,1
-60.44114824501283,13.914577232416136,0.058294581815765856,1
-79.93662995076869,14.483033168518507,0.08793938854340977,0
-65.65414346512648,4.3100368192913185,0.0407750770732801,1
-75.47301343427817,16.472951703097497,0.3670612170626847,0
-72.90897638624006,1.444739744463308,0.9577341967142066,0
-79.25615165424205,25.305479097851663,0.11876362913175043,1
-74.75606298418715,4.157514495815722,0.6219809230891563,0
-75.10887966843009,14.848719766879665,0.19466635483265737,1
-68.67926191800926,0.6016214701761635,0.02355446133383532,1
-69.01663458830951,18.44376578976057,0.4935371902521156,0
-57.491192877240806,6.21344253892536,0.5516513013702862,1
-60.402921932243274,23.967827182376862,0.9595521790313787,0
-63.768126343699365,0.4692458110961839,0.7911001949012046,0
-97.54986415948713,22.304715439834077,0.4631492648902389,0
-70.62987960956751,39.92437087338287,0.3471848063811306,1
-63.19844581549793,22.82084263264723,0.1656155477365463,1
-99.35634130145942,17.903937201217378,0.6618393623193991,1
-52.148967756809256,22.513562266404406,0.7358082370783585,1
-48.60548937104857,35.3803805244676,0.09634157543238464,1
-81.36074889513503,20.220348920601698,0.293817419654407,0
-82.51165431599571,34.03617709956963,0.8811608207413351,0
-67.54860178330293,20.79539030667267,0.6069899614577521,1
-97.39479638593876,23.97830010904861,0.2955824476391854,1
-53.0673282839323,13.382208210143101,0.058821817879038285,1
-52.11743593086949,27.06351214130084,0.08812422571683276,1
-89.26451286061301,7.62651647832695,0.11446065598635058,0
-72.26347838318307,34.30936945140125,0.40233430261903436,1
-92.77366037130952,13.91495863509164,0.8034517764804626,0
-71.99673977637795,13.884388369624002,0.9392451655011282,0
-87.04451257412404,4.3394281028158765,0.9643778699776946,0
-94.32161390503668,16.070995510509015,0.920664824126078,0
-61.1230910679274,23.265128110777567,0.3268742875688647,1
-99.67161346992235,25.816828257383055,0.18891170625573084,0
-41.43239325024464,24.374426105984384,0.6356748774384634,0
-92.05688252473898,28.860789436562207,0.30740122612698184,1
-75.9967020467571,14.983562577552586,0.9814245528072308,0
-46.16186801475438,39.986440806249256,0.022328106618920707,1
-84.4512090573877,26.386000006970256,0.6438266894069523,0
-83.0740656366685,3.755014023515897,0.8253668618946448,0
-55.01623895672512,21.173134944961355,0.9670283864027859,0
-54.87170366026458,35.11182318276339,0.01697304675276179,1
-81.05123367303494,26.617982698266935,0.5296902346228336,0
-65.92394617429045,21.73348348967023,0.020946185820474583,1
-60.89768017281352,25.989106440743846,0.5863086954133498,1
-96.22652546082828,4.531843999054415,0.5675754530902435,0
-79.35776990445078,5.67785979840759,0.6872010648178133,0
-87.53696479890765,2.615226109380857,0.3665462659159351,0
-55.39240232665688,25.596601607088335,0.8386103942441211,0
-87.01865828647591,27.1762506974698,0.519661491497845,0
-97.83850558982401,26.982416137716825,0.025294828824537596,0
-69.72842577866619,7.35558027585292,0.6721052728263512,0
-63.57182829873946,11.895850710772557,0.42030159378677934,1
-61.49120654924674,7.117642870293568,0.7948958924573039,1
-99.97498498581376,18.871697664105,0.7953997171252069,0
-58.23301854321923,27.24547508637886,0.7606489751422386,1
-80.19853940508004,34.29305958990752,0.6750938988815559,1
-54.58381984344645,22.211935067534835,0.6465248134169905,1
-66.4454662779429,6.26740282456328,0.9943308533289354,0
-87.83829813500054,39.38797531806539,0.6126668488151907,0
-44.47306793776855,38.87652612978657,0.776526902666137,1
-76.48973740539684,28.89035263132247,0.8118711222345852,0
-43.847553879335166,12.398774334788483,0.2842374850999436,1
-77.26422055267011,10.62800490231937,0.034166194092387414,0
-76.4348864067278,2.114335342647755,0.10346682292502274,0
-46.98002310565102,39.527255297260226,0.5854570657291069,1
-97.58477560360457,12.960763013560284,0.6089588103141742,0
-44.49279289739217,27.300074024997613,0.8863342807242539,1
-98.92945916468125,3.706418141448964,0.6708194634365011,0
-57.00007777212827,0.41007650188520817,0.4082686008084935,1
-87.23250447750935,2.1600281886366,0.9728809093013772,0
-55.61013435768973,4.324545841488336,0.6265111348678514,1
-65.93463298952852,5.21477049267673,0.22225776011135967,0
-93.6507548377286,0.8966394424811952,0.44193557853725196,0
-48.40176737790364,5.497053395098761,0.3327814329803267,1
-55.246890262298606,22.591522841513285,0.8751525470400037,1
-58.48257409301748,15.253907708552381,0.9545028388453759,0
-45.9394822497575,16.075821785607438,0.5602724867010346,1
-96.7704758535033,13.26029147324936,0.8923350256228734,0
-46.02396055699979,24.31477226007702,0.38918151807533985,1
-78.4926612740463,11.85672935453207,0.9069826642727393,0
-61.732597591925334,38.8077065183786,0.6222147153107283,1
-91.32854866803719,22.69163878769069,0.8514365951571664,0
-92.04747514291518,39.21768936744156,0.44893962991520675,0
-60.485730259233755,14.487673693079216,0.07220385851082911,1
-85.51767630240022,37.163935456605465,0.3596335775093267,1
-82.89682162231495,29.250824371198952,0.7114177291980899,1
-79.59166277869124,28.238676355346147,0.7920230086310429,0
-71.02369663169296,23.485513282213482,0.8278827912109712,0
-91.50424668587351,4.406145676462554,0.7200893849599845,0
-76.95133680848542,16.238786845513577,0.2173413324818001,1
-61.879945417144945,10.867521360649132,0.34803421432498305,1
-47.17718199233847,31.9866034713232,0.20751691990093024,1
-50.15776367524411,20.43791809808317,0.304356773932413,1
-53.08328349722306,28.819488912271982,0.10115134082692845,1
-86.61326060874231,16.02470458969497,0.9714945124554494,0
-64.08829065740403,37.85764853219835,0.07318026106078135,1
-87.09212691530354,15.301267188028005,0.010500897647255925,0
-76.45091594410337,36.38071821830542,0.5215724973199901,1
-50.029776720309265,19.94846078875873,0.5330250723973375,0
-63.27048295827789,11.90253250281932,0.16650021488701605,1
-79.42744724437526,19.25095547249541,0.1907135142065145,0
-90.99222659504457,24.554841775747395,0.07965427475910503,0
-84.19147430864093,18.5104113848114,0.8284296193289966,0
-99.07047143271231,15.582416308014654,0.01655972731265798,0
-92.77530784723767,18.853626953175056,0.12250774866601322,0
-96.76489266674592,1.1860265167921424,0.37736705245008806,0
-92.81598468993263,12.87260244392803,0.25460072984657767,0
-46.59883257293827,37.17458398036585,0.9271158322707078,1
-51.553157415390714,28.371901257142028,0.26699226422711986,1
-82.42384560976977,8.832539754951592,0.3014768118236161,0
-64.88140572486859,13.384898163332505,0.265018460306053,1
-98.52631630539204,5.902575081753718,0.1868877963775113,0
-68.22248554243097,0.02508675847876507,0.287079668886827,0
-58.83700782964599,18.313778253756677,0.44876991599676785,1
-93.0705961800787,3.056456633742579,0.771899608656862,0
-63.47289463673415,10.763810279931914,0.930110655227472,0
-76.35358104441289,19.240183297935268,0.9983191262768706,0
-66.85848511297404,13.734167372014191,0.08490906352409622,1
-69.74738189926802,13.189693240100787,0.23334179347121087,0
-42.761996971186775,0.38926347590232613,0.7179169941635418,1
-74.50123686003391,24.337287442460394,0.4048962763956576,1
-49.020567853235804,9.7066229327507,0.9181127735799041,0
-78.98925891832796,25.20201103414208,0.307240334792908,0
-48.63051025046991,2.806767017695928,0.00963003375798821,1
-89.93802881933314,26.22421383754247,0.6846509927073705,1
-43.004622578657205,11.017443716076848,0.3614285843275864,1
-79.64493259591625,33.23565337706543,0.04417900903509986,1
-90.54120610527148,6.028845014600419,0.2792012068182099,1
-99.15677872479483,13.350249600661916,0.028573621437911423,0
-51.36881706041215,9.845880338926651,0.6427100872419855,1
-53.64772525273618,4.029139793162542,0.3067965045338972,1
-51.730338703149805,36.56960041345609,0.7269085391100588,1
-49.801555215607344,9.403426544018508,0.2086121957978525,1
-81.80508291112926,14.265165762532552,0.5080652336933775,0
-56.98440724385227,13.80971833834253,0.3805691206931958,1
-55.466015738534374,8.730986399532945,0.9064859834291594,0
-72.53588880099537,22.06033469000208,0.7839122703699261,0
-59.45417453886751,18.340018151845232,0.24082247891768827,1
-81.64976557524597,16.33466355500405,0.716936716652659,0
-93.40584930109686,3.025062619515455,0.8183619268864938,0
-50.82832168693947,25.220459598375857,0.8034516334713079,1
-86.92976248698403,4.415242186614758,0.5695265068489619,0
-71.16354214346161,39.39922963046672,0.6504043812300362,1
-57.775802821373894,10.192911987290735,0.060687325914373424,1
-97.45963296344944,8.985497799417086,0.43145179448202653,0
-73.74781859370972,18.640845888755415,0.4655478002681821,1
-67.27981245247,3.0358015751548484,0.28619749357883373,0
-66.43055470784654,19.24022131090886,0.8541181433836591,0
-41.18532248344315,26.104614943405892,0.5844398165607646,1
-83.39243536152125,25.754139940191017,0.829823409956369,1
-97.82666013728178,30.688536552063198,0.17584186475575958,0
-93.02037398292224,12.73092076070788,0.7560390004677714,0
-43.15697729789398,32.786327366197185,0.5385255747171132,1
-85.93490188345116,19.413676846220703,0.795341009412114,0
-89.45758043787225,13.924919930306956,0.647322960675027,0
-97.11442957923305,18.89444266055902,0.5453066157357138,0
-92.85632275706205,33.37495500837054,0.09403153841914758,1
-71.50738981145777,32.546273096640185,0.45562025814027807,1
-66.04378628657747,7.188900864765699,0.4664015692202178,0
-86.73031484756173,27.77907920097068,0.4513205803271719,1
-49.094718719878095,29.3165084379765,0.8402706418198288,1
-50.7175518203395,14.977157584052865,0.16888156152482892,1
-57.692443240046686,35.30158599475133,0.11249117280585785,1
-53.59724271169096,33.437438859463164,0.8540192883882847,0
-49.01264813169783,6.579129161636521,0.9050880131001008,0
-41.174265249692894,39.2648869393824,0.31141337572522254,1
-94.84546570300249,27.62796988559156,0.7097768289116962,1
-83.18257410418865,27.367781118511466,0.958792132818273,1
-40.185434523397575,17.7460452555804,0.2929622404206724,1
-68.71077323084883,0.17099948790824993,0.25835931381639343,0
-97.96733229144661,21.341165777415377,0.2206033261276784,1
-92.28779452234288,18.17185699973446,0.9748507656261496,0
-56.23897330287162,15.420941117673358,0.4745372486124906,0
-98.57170732981969,11.664859080382982,0.24270475157755267,1
-85.54137038421297,6.993541358292412,0.2538797881087721,0
-51.268566888928476,0.7221706713242737,0.7226567347579024,0
-67.25945835513713,26.26789303617423,0.48261576248468496,1
-75.71509586868522,38.20692722523498,0.39564081360920167,1
-85.09561576806091,36.65182114827103,0.9469255940749952,0
-81.9542711117395,25.69784313606025,0.8134190831329958,0
-44.328506472220695,26.399186006585364,0.08537085054240334,1
-89.57338673305655,34.31825505066503,0.401384975320055,1
-42.29105551598324,9.763979258194247,0.32126183138975184,1
-84.14070322090086,29.883453568791456,0.3544088252200779,1
-74.83751457538514,30.461608557048564,0.3114669881555996,1
-96.50183549865604,6.111681960766973,0.24398342968400966,0
-60.86928368251808,10.493003059397514,0.4115758402685541,0
-65.13300344674586,27.6059280559392,0.742378908011334,1
-72.23203806438904,23.74618088476304,0.09613004476843523,1
-97.73861825709699,4.852835724324169,0.29446491040432254,0
-46.590246544175486,6.518897060244964,0.8813332317702102,0
-60.12158854442686,22.174999724157445,0.783117729604986,0
-93.65104685151665,17.47544450263724,0.4545453382584266,0
-47.51471305965484,15.339624904302124,0.11982703804531691,1
-53.03076606108129,19.563937520899497,0.5003493281139889,1
-70.52622692579857,3.0852871503789903,0.5938421241827552,0
-68.03557435972732,15.755208824617121,0.5753300731951471,1
-85.69376879191041,16.462485666581355,0.6256484660952215,0
-90.81261331189859,9.549541355820663,0.9591059854996424,0
-84.96408781507398,29.600060626793976,0.991009047374395,0
-71.89568082305959,36.85047365774915,0.37862380454851374,1
-87.13302931133919,31.042755148442197,0.7345347998053662,0
-46.584162290582874,3.135058856968418,0.5664933610390265,0
-58.61488204357151,17.854735532864478,0.5920640145056858,1
-94.67593041952665,0.6953160438923556,0.28393308911732784,0
-61.65766740216794,3.334321346860425,0.7114183049384438,0
-91.04371394552582,3.0068141280060035,0.7072211447561958,0
-56.951344841760644,14.316137969889056,0.31805014773331,1
-72.67220198961148,2.6673088415317414,0.69874900689714,0
-93.75191874356649,37.904976355074,0.5502835282400486,1
-78.0156317697704,6.453087198320699,0.35312310414383774,0
-49.08307022256179,28.95356642013303,0.9249495533439951,1
-79.05974646667296,5.771880813571029,0.12572729326862975,1
-83.73172682589458,30.714340117973563,0.028298840085885568,1
-81.56793198206121,39.96498037877313,0.6872207222442822,1
-82.06253414692475,23.373545195272804,0.08803267651448987,1
-79.01887207898395,8.05721609934109,0.41884789793305643,0
-97.87318390001381,18.51430144560929,0.5178807287696303,0
-60.656471636012135,36.307557762028615,0.26240821597859265,1
-80.03167767264398,20.271713882911214,0.5037319576407757,0
-85.74785967686446,10.240939886789015,0.16850130899203053,0
-56.509925180411756,22.892850461956602,0.9559526049583049,0
-69.64479919450814,33.68529064145547,0.6586641716323048,1
-81.72421892031755,10.211040883268465,0.5655643441474096,0
-88.2704023032912,37.05045481664812,0.9119587084959506,0
-77.55455720447586,29.63241792005129,0.528269361808921,1
-41.99416218147804,23.44114383225603,0.7385635780496481,1
-53.35847720033846,3.5791830750453046,0.29562128872797755,1
-74.9598375895959,7.776293954656195,0.477215700639426,1
-41.13971131877363,33.96575762455426,0.7730580466839271,1
-76.87514611351472,24.086157378501202,0.5798090319743155,1
-86.45348835602402,32.14555649017308,0.9243823410296866,0
-92.68090808480093,34.515935017370786,0.31300357530920486,0
-63.115795348702655,9.691245117309478,0.7141693902332499,0
-70.61801549098564,24.46751211054233,0.7042855532033893,0
-96.51349109671315,23.23430546731798,0.9554826507205103,0
-63.61634316945871,12.21534270303593,0.7492840646287342,0
-92.80266212129905,0.7604355201691249,0.43323065864298327,0
-58.38967453863636,25.49118725333145,0.6629378707547727,1
-77.77302452812313,1.2421895357695245,0.22898993196406026,0
-70.3515012089546,33.63050409938247,0.23742608566830925,1
-59.34547168502957,12.377493043016518,0.46297226245862644,0
-81.11872820264847,9.211621712501458,0.6644578098312003,0
-68.4225528999775,18.264183607361907,0.9461670054540584,1
-64.98608068599621,30.48684390570829,0.9661630429257115,1
-76.1995631521959,31.108188973378972,0.3995156226979413,1
-82.71507562386154,39.71441107319838,0.22614837016509726,1
-88.27025035620476,21.22084472183839,0.9459687951315365,0
-59.87831422939483,35.11340503831973,0.9455047093981729,1
-85.7978803284038,34.81596834702815,0.9786154590364375,1
-74.54173796304644,38.6487578753539,0.08852396142811403,1
-85.28011922299615,21.416554674247354,0.3706198020026017,0
-77.30091914657287,7.484425478846126,0.49542553616624185,0
-47.56669012577191,14.567425097403937,0.5424534970269094,1
-54.46088636666587,22.213430788481713,0.8493060624870024,0
-40.22435532146543,17.13939396375899,0.8457877703259956,0
-79.06836087721615,4.33755200517826,0.9850032791399864,0
-80.45250753414696,28.036215913147913,0.7649801500106947,0
-56.59542981025242,6.400247324456161,0.7827673601098959,0
-68.17352922381527,31.406252832857504,0.31890227425520745,1
-95.69067156982693,33.63139500549883,0.08398652278735141,0
-68.73965156628276,36.64742104646206,0.6939757797986058,0
-80.8506103235158,37.68164030256223,0.6003154102805589,0
-92.28233205272262,32.066609156804645,0.322452093919952,0
-57.42530289396276,2.8311110362308733,0.5964410360690969,0
-66.07385807035931,32.33389103342658,0.5922303565433089,0
-95.15287816373137,17.851249556017237,0.8514869670365635,0
-89.00667241607741,35.037350441516665,0.29048806459338217,0
-64.3003376644048,15.293072835557219,0.7285437192831759,0
-86.30482747219477,12.84979149145634,0.41535008974104304,0
-97.01992338675576,8.719821146836004,0.9906813920558795,0
-75.0000401176072,32.00101162101602,0.06328863378644423,1
-50.60247031349499,14.163313241491675,0.09548693417962473,1
-83.19366814171445,8.635594030108953,0.0021361698181373567,0
-79.04069948583668,6.194636477388884,0.2789773032570555,0
-53.53984592901693,1.2007994928584642,0.17211055274378673,1
-76.975117226237,24.470931619639504,0.5365024915800419,0
-67.83591784314177,19.944326734660986,0.7223885497171945,1
-83.4618969349979,25.58685740952911,0.5217199491821986,0
-92.40508209185265,31.49763889921958,0.2737721501802365,0
-62.62752058858389,13.808672992183784,0.26921872550303405,1
-68.66494636105767,34.354954663269716,0.3647732267216288,1
-66.79411780678097,11.630245718395177,0.7054750063403621,0
-77.29364008673093,19.88342990578237,0.8606593886008435,0
-78.91573380709826,25.534267827744976,0.736747163971243,0
-45.156365180412905,29.733387597770378,0.2273390435663104,1
-61.47678997463312,35.0255472398366,0.8963767398134932,1
-92.29731015660906,38.61721383326674,0.9604884550277268,0
-84.22515567226935,11.767363719625088,0.38472430809290614,0
-77.74466296825368,30.545356472358733,0.53354158803857,1
-87.00265814895744,30.5837908458984,0.5808204461858798,0
-99.61828165996684,3.860978483509405,0.1967391692180095,0
-42.865767092605225,7.836054935708723,0.403127991111079,0
-97.15107533330624,33.35807535781512,0.502300016436469,0
-56.9094524723238,37.79874701693925,0.4156877585844556,1
-59.10334909975566,0.8858506702681179,0.1721650895430128,1
-45.901488786013694,18.592817737625747,0.9217279962465008,1
-73.07976279070697,29.174977460326357,0.16544204533493834,1
-76.21382587811127,16.305986167684836,0.4103532442891915,1
-90.9641027654198,3.069521413008367,0.47050505382003704,0
-48.74555648837362,27.4942970922794,0.6281133107216718,1
-96.20029127784652,31.23485377090752,0.7371757886114636,0
-48.08899271272747,27.370501709637928,0.1750992386247544,1
-73.60880196450132,18.56454817620165,0.5107454823994697,1
-97.1575587996711,10.012350493536646,0.2676661727910489,0
-62.12284496163489,8.12958927469027,0.5995412646505178,1
-76.41320301944864,2.7999741876779893,0.8833705367719717,0
-58.88712283803203,11.250714790827821,0.9424699973358847,0
-53.36648084154478,35.70525546989848,0.00039240055151323894,1
-92.44815158504599,30.4457735255678,0.890375655274931,0
-42.72592918763113,8.768267249356185,0.1898881752485343,1
-94.801648462281,28.157620173165125,0.5324356815701355,0
-91.58957536034568,23.97925024157172,0.8207590113798555,0
-98.65567208906312,8.685599201056409,0.4705014848047391,0
-73.97311137829685,0.7321012078185074,0.5920751983874026,0
-87.40446940042153,28.33175550914963,0.8741580884514236,0
-59.045104107446775,24.21472546446855,0.3271689734229578,1
-52.23597402389699,28.952443773510858,0.9037741275488724,1
-48.64175198955251,31.960208287698535,0.3046025701390035,1
-49.70129668646327,11.574799331435731,0.5787567982093127,1
-61.52861018665513,38.34340987224815,0.32569401047135815,1
-64.33398017461289,37.321107772882684,0.5286212841730012,1
-95.36403818478078,18.069240811001425,0.5697541928471931,0
-41.46426125029602,18.53248318222804,0.0030079342165080236,1
-43.09558230173714,13.666456800601754,0.7278880303120548,1
-75.28939358194157,6.482936816129978,0.6143967944558618,0
-47.85448776888826,6.520225216995779,0.2771041130958546,1
-56.705245342068956,38.91701854925434,0.06510276349606747,1
-96.88228801209374,25.199280160441027,0.6023985304356019,1
-58.433705844700214,12.47545949980256,0.8320417724607688,0
-65.56113616334386,14.961320323405323,0.18849023773288942,1
-44.41650195012656,11.183597975414044,0.48026302328462245,1
-97.32380396071589,14.868044743535748,0.7793649707510379,0
-59.519849124653575,0.005401682200716351,0.017430551497709446,1
-49.903335240823196,16.476690031762807,0.4101241045703268,1
-42.96106725106387,25.608014517269048,0.21913909919854657,1
-58.44678728212571,8.280952445558206,0.04996221788581412,0
-79.07560309883611,8.195057750512857,0.6430668586315181,0
-67.02318176678135,15.00600016848261,0.6765398419832761,0
-88.48473031533487,26.34709167623347,0.750324694363961,0
-70.79740395139031,4.784896412453681,0.8636609757368124,0
-63.253640244809105,8.8950825896279,0.5627795506947317,0
-85.5106236181116,38.950699759421745,0.06999043086866064,1
-87.89871920317279,33.46309358425709,0.9345081745859637,0
-84.71629899295195,6.853785570547495,0.7069001708428652,0
-41.37328477233501,11.24071322621727,0.8276411433419767,0
-52.970553437457184,4.585896887297207,0.6876253016884915,0
-49.9357573171898,31.02640246493406,0.5245937165278272,1
-54.87009598813358,15.378599810746199,0.7465250119756806,0
-76.92973732060432,32.947987567995874,0.8303273985889655,1
-91.08280982338577,10.986634384376458,0.07166479951202898,0
-97.42254235746132,27.470942273793952,0.36127631052187426,0
-42.308005447531755,12.035425586751467,0.5578577141941541,1
-81.24580305828496,31.92277812966754,0.3354122222553375,1
-43.33784685053357,15.613631573371617,0.04912038849448941,1
-46.499364024705166,12.06073636406134,0.757971695170944,1
-46.34604500629206,5.126099992247948,0.2006485067208713,0
-83.94803809800806,36.548572237338014,0.4484471911941682,1
-84.94542226750526,34.01258074367983,0.8121238656365339,1
-82.89265597508867,13.463494440948818,0.6027685684032276,0
-60.65112954200704,6.84828116627386,0.9805938042585642,1
-87.13927378313302,21.159111411125554,0.14160747457379852,0
-46.43302662647676,1.202346743799021,0.24577655948541188,0
-42.41117002378738,33.641083621590326,0.2099463328993546,1
-94.90973142511334,10.427595449771472,0.5637797784461042,0
-93.09834385417801,22.06237757599542,0.6555692017842455,0
-71.11747616430051,17.77666642996849,0.9579031208861107,0
-77.39472020625922,10.62686745777536,0.19134050520207935,0
-53.028537001274486,10.655054793136113,0.3071615998366761,1
-53.94033803807551,3.2277564353695354,0.02658188706908149,1
-86.79390563527366,13.308202966230255,0.7803766607514682,0
-68.686770768962,24.1875254125344,0.4972559095376248,1
-72.78314929272268,28.920948419168923,0.7800336353578738,1
-89.0714460059255,10.98381844326604,0.14913781839018903,0
-86.03607119942875,19.583552216045142,0.9405847380303884,0
-80.7147115021211,5.918581616646965,0.42510700271731805,0
-91.6295859456253,4.938417962024162,0.29040289782003403,0
-91.45672450070379,34.20083242934383,0.7044505947227322,0
-61.91690079996455,18.076278396775226,0.7720248354714664,0
-43.60721074874168,12.551452151848142,0.8125348064367044,0
-60.079496673878786,13.362272791565989,0.007681700011249237,1
-98.7527905314495,32.450488085519765,0.2246348645975167,0
-94.35568221463625,16.231375321992086,0.1804193868175069,0
-97.2222903051175,27.116388053923018,0.42770625808541296,0
-69.24682524753368,16.002704250779587,0.9144412539536834,1
-89.25714705113603,39.171667480653,0.6749282837420935,1
-76.50913509519212,3.7239835047071868,0.27111033521902916,0
-57.13947391032883,22.00876451377928,0.7651727080266567,1
-82.65380312832939,39.48700622457278,0.499859251031223,0
-84.11729736282776,35.401696991614806,0.009414736100236687,1
-60.65124770445069,12.176373853106682,0.5469198304177435,0
-62.64221955515238,5.980328630912548,0.7594497585113289,0
-89.92382561191492,29.040573974484687,0.6917260704525816,0
-86.53504643951882,21.445589840194383,0.8186099675603151,0
-65.12562432067133,21.58834977537953,0.3091060063102332,1
-58.91314489345928,20.962588098805224,0.6507742682307738,1
-85.54343956634932,34.17038245447346,0.9646367689432561,0
-92.2581965690775,31.08938346485143,0.6032490898273074,0
-94.24722773793488,5.0242606670868595,0.17655495826962564,0
-93.50503351150857,33.07007114292159,0.007517346297286842,1
-45.40783056625005,35.16672807361374,0.27161932114103404,1
-56.13184140083228,31.509207667853936,0.5241999689784974,0
-60.00371396672822,35.298705666105036,0.18626970802689125,1
-75.84321809779303,20.031977516726663,0.26630095643161245,1
-42.9646969570544,36.67134227785692,0.5879126665895108,1
-73.33803024170606,13.635991396421229,0.29172821834759066,1
-99.13391183325868,11.778145400147588,0.3485278354488196,0
-65.05421590466932,8.317485244668003,0.7426179719041822,0
-92.15976946128065,18.867394400284926,0.29350420313723946,0
-61.87424363253499,5.3884672168983405,0.10451478485482746,0
-68.84116555505848,39.51175540988857,0.6332141952516616,1
-68.88929237047476,20.222428681692115,0.8970089545482425,0
-64.24236340353292,36.82585023687147,0.755706841784091,1
-73.03876353801208,11.543197424183823,0.7141873547270353,0
-98.01644796729312,25.87740206219327,0.4374548744295479,0
-52.24150860603832,10.104667885674017,0.14511288732827876,1
-54.39569310738759,17.38793652214035,0.09956337429957529,1
-86.60064471028358,24.31390002142489,0.8321147219350966,0
-96.23772475580945,35.80627666332323,0.32813080453105414,0
-99.02829026611619,1.582533574720233,0.13034791264618817,0
-41.87486071830407,21.233622431681688,0.9235399166625244,1
-40.32410025349108,10.672841294248311,0.09514607658781016,1
-76.08684959790756,4.361479000388413,0.34389133128696747,0
-80.15703599523367,16.957695829315952,0.48217780311992464,0
-98.3690719901449,0.06869365391644511,0.07485278537536755,0
-94.93040687058878,23.45527985108307,0.7733141774336614,0
-67.47502481255496,7.7683294508916445,0.4623370394084212,0
-46.79592087002992,32.98173555170071,0.24260453313789787,1
-60.22453290778475,32.703794579142055,0.8235474751961035,1
-85.82259390898207,3.5755485140813548,0.2704587310773625,0
-57.3989871967226,19.281415492532656,0.7490710867382417,0
-84.74419097475057,27.189636296979486,0.7857338997471754,0
-89.23047565923476,37.98699927875297,0.21189926022318006,1
-53.51784441932637,36.54960226591153,0.49457835880679357,1
-80.18792226413612,8.497196322784655,0.8319342423091445,0
-88.48841657601754,6.944380303428854,0.49784736694121856,1
-57.98409387986505,38.33200060407211,0.49245592133348437,1
-67.00981226933979,36.298149001194865,0.823180146151873,1
-94.73745928535389,7.401631315259496,0.9053421672651598,0
-41.838766678084816,1.353844543581122,0.5924988412175327,1
-53.1120496358547,27.746458053734678,0.8101810741233518,1
-53.85628516959878,39.830680614157934,0.21371383087577356,1
-89.15762825399143,31.53649717251994,0.8316488396739329,1
-73.42890872608585,6.191758387298103,0.9523588184885574,0
-75.58684240510878,37.46117263639951,0.45379374122850646,0
-70.18500423217904,25.7654528311244,0.93180700050296,0
-98.14031269113194,39.01163621052204,0.8900404564728974,0
-63.85538481451314,12.945881110142338,0.414972430417339,1
-64.51073955522426,16.07708673390967,0.5493679861367298,0
-75.17201140695114,13.45643497957603,0.6001852967127581,1
-43.26880653868561,13.012490666975909,0.24968223437913017,1
-49.527777627102616,30.379864992195653,0.9178155610332244,1
-77.22693357551933,23.535011884886934,0.3896145755745012,1
-82.23677633151934,25.837494469781838,0.7338419836641851,1
-54.46814558444282,0.20782107894739443,0.8826583299434567,1
-96.89671050001654,30.95974626600141,0.11074039467582741,1
-66.23781681738983,21.352563508394024,0.7359768452749842,0
-69.53746938801257,37.62588542129566,0.7291933972105811,1
-84.9875133737728,25.709645483185852,0.8181278100147632,0
-84.15918574973,6.80371143220678,0.5919435985802382,0
-94.35404160182652,8.7554373321225,0.6415277232128712,0
-81.70266917504831,35.754912755320795,0.44488159078927003,1
-82.64079183385994,21.431698398955984,0.3732968688999405,0
-79.74722519836249,5.994575838099729,0.16986482338211184,0
-75.32315484275043,37.03713816561872,0.48289660410064916,1
-45.10365929376685,21.027558371327373,0.21667682417182232,1
-61.05105699194354,33.2036257491312,0.3928502035080208,1
-59.5149786171866,8.670026822685845,0.4543949974845731,1
-75.98727872940411,39.967658015782156,0.9786088225550086,1
-53.15625813868193,1.5034142541776552,0.4908959243354748,0
-70.63844820259672,36.69547702154483,0.00433502659628715,1
-61.86637875938891,36.94410679050714,0.7082972928049035,1
-89.69481123589476,30.64242164488091,0.9404251041755745,1
-53.684671843921606,36.37606161891906,0.6583316955277265,1
-51.919064114683664,23.405639176874338,0.03151716246650438,1
-50.72849150855434,9.34989417647692,0.9382190089688421,1
-54.382252714753804,4.25425495628752,0.553629693172048,0
-80.93371344762981,7.1534322965785435,0.04918111991470453,0
-66.82610475613231,16.48515475550343,0.4319748558939581,1
-78.21689789250208,1.1028912935948743,0.2592914389539336,0
-91.01594750399377,15.135841021294784,0.7445800092140678,0
-45.73853799450153,18.392177414300896,0.9217179383948644,0
-42.99633432253378,10.454991654224957,0.6142378960612829,1
-90.18695831972211,15.284579598997666,0.7283582532944186,0
-60.51806137695323,11.45260114950454,0.8356570523555833,1
-78.46164317301437,28.516594402524895,0.28618273494980917,1
-46.861673787952256,23.26240960106531,0.8662859229932239,1
-57.46332885870292,19.585833819404094,0.30018491354353827,1
-84.07800703398522,33.578287360562975,0.890684090137627,1
-69.8275037811788,30.684053683097844,0.36868080534798664,0
-40.994975440423744,21.97873330781246,0.868834961448951,1
-92.35439973564402,36.95141359699242,0.6605946959809315,0
-77.35183101441056,23.419222089086546,0.19440231762830684,1
-40.941159293089676,13.653003029074359,0.004134749826148587,1
-45.688820597981476,17.640462640143838,0.5795027285393741,1
-78.1369356461774,14.36596382247339,0.8497078040318772,0
-81.5065752659012,38.44632355702978,0.8583427359602083,0
-62.89585372550422,26.788509386040545,0.8633159233802804,0
-41.11616003007332,22.8848005213602,0.037990039596491054,1
-93.44709012332855,17.24272046936481,0.9763657636462955,0
-60.526493115640314,19.770790469568333,0.552122279558171,1
-51.865860721363234,24.71012863287846,0.48772357104612507,0
-65.35965981543104,33.176076588445994,0.4506843372810334,1
-69.04606622533473,29.03571392199268,0.9182135344552586,1
-63.03476548352966,33.76808252905801,0.8444955202207716,1
-79.03851725532198,25.989783344350688,0.986023476589101,0
-91.21207172325572,14.240577404136236,0.140003229850857,0
-97.48830847558972,5.4915689270451695,0.4106547990560999,0
-51.32885269790658,39.59025482741787,0.7216997021802803,1
-77.99724902252741,7.564973553108034,0.3782923644266858,0
-89.72252175443268,19.63722636798217,0.2876632417980365,0
-45.83030154567732,5.8036864971725866,0.8903330509830933,0
-50.29018310392507,32.258854831887646,0.5890164312977975,1
-72.8032050099902,31.185411931484982,0.24508682900964918,1
-95.85171025203313,36.062941692837526,0.2062608800494541,1
-79.99825798257471,28.57795629373387,0.5405158746864066,1
-58.344253861426814,36.58374704401815,0.30257826653439734,1
-42.86795647546528,37.937622483504626,0.609575596405339,1
-50.618987027600696,7.197415725281058,0.9430641055188774,0
-87.40482620056372,20.51484563525998,0.39913120559764126,0
-47.81894225758208,14.334325727311189,0.905034871069638,1
-47.90565229566054,22.211900728037946,0.16101410226354584,1
-73.71028412804526,34.36230830711938,0.5639075701193791,1
-69.89704498886755,39.10888734366797,0.8464061135290624,0
-66.81475456474683,29.3942640474515,0.3661060694121663,0
-71.03778104866618,33.139015718997044,0.8628685719095791,1
-40.05759894966681,17.13596487982084,0.49194872500449716,1
-57.250203378206734,24.46172042428479,0.6688543992832299,1
-84.61891944856866,8.10278333346577,0.3585901274389264,0
-76.05433001367021,16.30985679157677,0.8875471220934078,0
-87.55762748563711,31.163165133719026,0.28301871744033513,1
-54.949684915308424,35.27435560572921,0.3966497094430983,1
-62.51415939217298,32.44064951755738,0.7947831552248233,1
-81.36470572786305,9.688606246644058,0.16908838567849116,0
-82.95692136840907,32.493828847767276,0.15337839149562094,1
-90.28415837077884,25.172889532410547,0.9744687209792059,0
-66.86481277935943,17.20828643082783,0.07939591186145878,1
-62.99462925536146,23.005907786694983,0.7668942039562386,1
-61.46213880845625,15.583941106305108,0.8787870183034077,1
-54.68068087993095,6.162200761083678,0.4312389275729216,1
-69.74912059805888,7.873957554872653,0.4352877869458287,0
-67.81968181675944,1.0347443189694605,0.7082974017008258,0
-69.41592040741337,39.291270752421354,0.39921243262239914,1
-66.77427434408642,8.035920051245874,0.7299644609885739,0
-49.00848710519183,28.32296414780625,0.9438775500276476,1
-82.92682006821964,12.307330307514617,0.5062274465194456,0
-52.87974691073504,37.28902779853114,0.3272862640010832,1
-82.13676377072261,9.569584049706998,0.9527626919448834,0
-84.14036654349806,31.922078053759847,0.15787297373955833,1
-82.48633590848502,34.1751506184798,0.9293969651953015,1
-54.93947482704653,5.488392083560627,0.9019021436762592,1
-94.22853999913151,14.42432810609997,0.15236402775455882,1
-95.37401986292167,12.679470047841557,0.16470524460784408,0
-99.6365129721849,33.053395909080834,0.8128860680191974,0
-61.84484408864478,14.15586716383013,0.4565690788394764,1
-41.177073906413554,30.553872432363306,0.8032697848941,1
-73.6389962886265,6.945558563544365,0.3041042956624045,1
-90.78389004773449,1.012875856589015,0.755568618922338,0
-50.68777222607798,38.58853926597969,0.28773981159983864,1
-90.32369325798389,16.203980393651193,0.1108418314271844,1
-67.16033126693792,4.902898105167526,0.5793994970531812,1
-73.52663509116651,4.066165348508499,0.5117177862673864,0
-95.82156180451632,8.676433872375785,0.23845405864589542,0
-91.37688031266795,39.54104774357881,0.24328494401467238,1
-79.12776029673591,21.550552312560992,0.4731072810098047,1
-98.77342101143495,6.543377202640119,0.06712711490463852,0
-92.31026376125737,7.361359886739431,0.45622123503154355,0
-86.97722181050443,39.552451172008375,0.5289585978537036,1
-87.00199370764766,13.66996306825941,0.8878218771386325,0
-55.48664398970787,21.829940746053147,0.5441879728223286,1
-54.62234669779297,15.647347534785245,0.18403563762762176,1
-45.98486739292662,6.643585008016175,0.7073028719783266,0
-72.41743213278448,25.21882878354015,0.1522975342152897,1
-98.38865338441433,13.96107855024792,0.31709999749933526,0
-63.44807897704308,22.288818376858753,0.5484507601121552,0
-48.60440284787319,17.106713105476636,0.4153599295144784,1
-85.39691825282677,29.727027883631724,0.5428395310297062,0
-43.22107435792297,39.576453235392776,0.08822366676172377,1
-45.431896244230565,11.74603803064354,0.8287808049482743,0
-75.92161987706822,6.35038495636687,0.050941394551425434,0
-75.14934870443977,4.737552951575941,0.9626197926324276,0
-72.69292945529426,39.4244224071794,0.20941748869958954,1
-60.844759566393876,32.76714812347415,0.16736823254365962,1
-70.14113785807727,9.560601241670629,0.7401692446820319,0
-54.20053830727924,6.907047760340728,0.36798164582506787,1
-92.68469929989324,32.89573467388036,0.18294625524768482,1
-59.35872225309349,9.426145020038517,0.1466692646010569,0
-72.8008378613196,6.582385206164156,0.6054109877170011,0
-69.61755583080624,37.40337220932548,0.31350955044603845,1
-73.18966945515083,19.926409556982478,0.8213680314883919,1
-72.85315604692279,25.32899969228253,0.2672107383613366,1
-95.02923726983668,16.803575454619455,0.9172258885931904,0
-67.28770592664159,31.15995356736521,0.8776319766250303,0
-89.02580896079905,31.917192468040785,0.2025998616936846,0
-89.62336381347532,38.64301751469176,0.529401567573217,1
-45.0736989683671,19.965959714791694,0.959479347143122,1
-43.32822004884245,12.873279671431117,0.14924880131992135,1
-87.16468886154716,10.276194125147029,0.8151071082404805,0
-49.75145537273339,30.742058518987232,0.4468241216253501,1
-65.72720851888013,10.127157838352723,0.472757004849214,1
-51.73892383832495,2.840821818977455,0.9898719515717794,0
-61.77556696052755,21.58381952509483,0.4144777643283143,1
-94.98367690156138,11.881339366944612,0.2524562886722115,0
-81.2671436246753,17.15245428309656,0.2038908372646967,1
-93.53554324264621,14.809258639474368,0.9324971579458695,0
-86.52815092410904,37.8334763380112,0.7308062527342599,0
-66.39655142582617,23.191372567804915,0.1733872331523686,1
-97.36169990662329,25.419724198681266,0.7842132960248628,0
-97.10248895377599,4.6481669062714115,0.9394862691091469,0
-80.66081691139469,1.912617960777654,0.6839685210630584,0
-89.45105041688292,23.08827492719123,0.3632118339547029,0
-82.67553788561183,27.132924245618348,0.29320806935821275,1
-44.214010022350706,23.689153598158935,0.38965963158395023,1
-87.40394121438432,39.60973389627803,0.5491779957176526,0
-88.2951760527292,16.60250096945702,0.9881819418919805,0
-98.30246166171312,36.83924536891802,0.7911656499144558,0
-71.5937767655329,18.450084680917325,0.47150060489102996,0
-74.33117143822349,29.363465095938235,0.3163687288285325,1
-96.68786600751574,0.0173434074290002,0.12588616109245565,0
-83.1413168902159,27.530453605183304,0.8992470420146701,0
-89.41254081826602,16.98454874266563,0.21474147486978523,1
-70.6462559686006,11.918125659791233,0.252607508479619,1
-91.20719040939157,23.17560728113601,0.5075430572530674,1
-62.69622477776401,19.23201306814732,0.12423596139555115,1
-54.11122309864959,35.04340021191471,0.5986134040315003,1
-52.96610745361519,2.658893202534207,0.16139745425648777,0
-96.67627545014439,30.02675072701304,0.03579811461396398,1
-93.47697761881844,0.6594415982558033,0.40363067153569676,0
-60.201083237637995,7.405181081486445,0.9767475355681733,0
-54.39587375074657,30.542846058222306,0.3840751644718967,1
-62.71116654789136,15.698517892746263,0.4253314396754372,1
-51.71748468512879,7.779264748473018,0.33797913065775087,1
-91.24385879309796,7.722847539353608,0.6948409858065661,0
-46.06327238004103,23.50025494235892,0.3255870980798846,1
-74.60164334683846,4.961057709768633,0.6063633299811378,0
-84.3138461815768,15.075013372648268,0.8350834001975056,0
-69.63111066156429,8.326711300319749,0.4628330453796504,0
-83.64588454991318,25.99912424561036,0.8513576773894905,0
-46.222893953431026,5.07329405062285,0.9604172321972925,0
-69.01037629712599,14.67110794846764,0.35093107795626266,0
-53.3795828140441,15.264427220915135,0.3661083599150301,0
-68.27113054297962,6.599981284051122,0.6676761018487981,1
-95.80410211138833,18.31372961366099,0.7997159436481419,0
-45.28074114571114,21.34196832020024,0.5815698784124443,1
-94.07410853718626,12.146161521167954,0.8701797317337677,0
-90.83120415686756,33.55179031229282,0.5910131456759403,1
-60.521862130340715,37.78770516894348,0.8942921409306275,1
-81.6067547512955,37.6046105796662,0.7119382136680539,0
-49.70997795343623,12.911566822296301,0.2314943567739285,1
-73.92337835576764,26.469267781761726,0.8344491014595024,0
-87.5911883491581,26.092870220109553,0.9830340184770403,0
-64.28705868900103,10.380130687454452,0.7391619020073387,0
-48.29113493103916,5.245229532387827,0.34864742220728107,0
-77.84362951954188,5.226285423166042,0.9407205985282422,0
-88.28275123161177,32.55223520523556,0.5441244722125204,1
-55.99930909819895,30.2437368821149,0.15862686723157338,1
-75.45158009383758,13.098832018771835,0.0014737176506641747,1
-74.69403623712633,27.413486241522016,0.2324171565951363,1
-70.07992999426835,7.80170793127724,0.09998525332539632,1
-44.59918193645127,29.655500351372464,0.04304245392547845,1
-77.92463019779086,17.59525072997799,0.4172581514381857,1
-52.2303034576329,7.788747205025102,0.8356610048256297,0
-94.58818257951266,2.2421516486983917,0.7519206929735193,0
-76.3205686232262,10.597127259208508,0.2532115686595555,0
-88.02748042603058,32.97671959726357,0.9200610713105273,0
-96.91485072658423,4.513979597055187,0.6571222243569568,0
-69.61398757840556,26.05619848832527,0.061642225682299046,0
-70.2149510536415,31.203379509469457,0.28117537961023575,1
-54.151816027478766,28.695586417836154,0.35823563425897753,1
-94.81315520387163,10.80152452708207,0.40397410638226183,1
-70.65103670572064,27.976804520421048,0.5630062464298634,1
-62.3803096035694,5.784508774278696,0.14529676460713337,0
-67.05156538686522,38.49498027482816,0.7035604539118597,1
-94.8184195299042,4.930244700024469,0.4896905679514336,0
-96.47687910099101,1.6447257140479676,0.0934197735394161,0
-64.2051726771825,16.660803947875145,0.04411758407758215,1
-91.83566128999352,35.7801886618816,0.6993106079050585,0
-59.4163733969628,8.227573314293565,0.5673500700999831,0
-79.53387763461653,4.557476395111797,0.05814051915920593,1
-88.86701021719111,17.980189950635253,0.5078535816778849,0
-59.23295000224353,17.27572139141266,0.02776259522562663,1
-73.00844200335243,35.090592928447876,0.3616521828118684,1
-58.72678806439286,6.994375879426449,0.1649593392590346,1
-61.89952504835161,28.12935762936045,0.9861960445371556,1
-76.45702205024111,9.652076185305273,0.5732775660699974,0
-93.22957940095867,20.325338904098466,0.7652880540406517,0
-48.966283384795524,36.87927964529041,0.8005863431799193,1
-97.05555713654361,11.611153157398402,0.25223406636485346,0
-89.60147440624503,23.453289078052812,0.08939878296231751,1
-95.34689954431202,6.484290821213752,0.44895352500733154,0
-52.35766572137026,33.80675922508304,0.019878719632632547,1
-65.60429195359042,37.473849246637386,0.6386811426209485,0
-79.65904854560438,30.29947305852179,0.18039125645620746,1
-90.28381879729662,29.19411348987193,0.5756539291128943,0
-54.54313732768526,29.470091048275616,0.256925041365366,1
-85.33581739131714,26.90607169735638,0.23774128836703035,0
-49.47579089366562,33.522321748498825,0.38704788403820956,1
-56.71962253682441,24.7092714636371,0.1415022610909611,1
-44.565975967274206,35.15815872703663,0.19255061759088365,1
-74.37907495977585,19.538575776770458,0.22127413714995348,1
-51.6267651535102,3.1894557307787785,0.28402148730846577,1
-79.9814265827722,8.878826637691631,0.5268282962784198,0
-81.37824452272822,30.157545006860367,0.5549825148406075,1
-91.52264397477397,11.708690483103803,0.9842287968677582,0
-53.07968975570937,24.27057476966216,0.45160720808232757,1
-51.650982318962654,34.82142914460762,0.45196710974413257,1
-62.32578515516943,24.467298923455253,0.5163550992015546,1
-91.6657655410461,8.736635299812999,0.724631960235186,0
-51.62995019463819,16.75001838920447,0.13481919700234624,1
-80.15938018321884,8.31830666324175,0.9541100522657393,0
-54.52538087602837,27.746035892841885,0.34620714978241574,1
-65.23519822421167,38.32572803720102,0.8787892890773148,1
-61.75601443960385,38.95992188008606,0.7075205793432444,1
-98.46808977169299,5.978208837965511,0.4981940548789606,0
-90.1853873373934,17.51377412033637,0.031111729781510222,1
-40.20968442192647,33.16483892657268,0.2568043031274677,1
-60.27470390457929,15.08914993848824,0.5851439921931673,1
-47.709260675334114,27.152276287318408,0.46760879105412634,1
-46.997129074508635,30.619597338133513,0.7000761304147973,1
-97.88944106893481,4.380248776620115,0.6332347087401172,0
-40.18482566742862,0.9368335490452084,0.2247053490629337,1
-59.93216575931301,17.024706609748694,0.5197393577284682,1
-71.37236632508504,18.58875677142361,0.2189941949441544,1
-48.65149587797046,29.292295424454334,0.6911490715989257,1
-99.95052298991888,8.973648385240507,0.8066166793508229,0
-98.07103629396633,2.0349056084478967,0.7973488353733198,0
-67.25210285563219,34.89490789914407,0.5063382982414764,1
-44.98260484829293,28.920257333383347,0.43090999434254584,1
-96.24573304923044,33.55515578822049,0.20819237634203303,1
-45.77255751532177,19.69935684051237,0.47803312828532485,1
-52.48153449151756,26.362868504252045,0.08365226315180241,1
-97.1649796686109,38.112365627018775,0.04793693030505908,1
-93.36842863490118,19.726185313658114,0.4975694093168401,0
-74.64897582525916,20.23575058026051,0.9971549178166688,0
-64.74132566933727,4.030347518227768,0.28181754969450523,0
-42.52165351949025,4.773675342528461,0.7086507747743277,1
-73.12315372111667,38.415868560218655,0.6487483472141097,1
-78.17596122643502,25.392453268710472,0.8350519285221407,0
-75.58864963655041,36.88476056917696,0.02342406851688128,1
-81.15070671529946,18.030357284424575,0.07128253456661582,1
-99.551020233594,8.851771096140766,0.39481907017104534,0
-89.04196042003257,4.132363402608754,0.060330834734886984,0
-50.706686041666444,9.649871866186288,0.5688754149497945,1
-43.902530988048944,28.909101618211807,0.36314324078229676,1
-42.970223811837634,3.513206879312527,0.5273459298829638,1
-71.25613812488632,28.233381229066197,0.1777408188301769,1
-59.97431442666022,8.288052543959289,0.7158916971328143,0
-80.55254712391483,28.536637748480587,0.24500372857975605,0
-44.88012309632229,32.218661880691435,0.30363037174246,1
-51.95722158672839,22.617704807251467,0.35789312695539366,1
-68.11430966967579,33.359682525829236,0.5118094191378945,1
-66.07204502342574,13.537104376206216,0.06807793396279671,1
-83.12524198754552,38.04282616564417,0.19638183655094998,1
-82.03700250911047,26.843024181352476,0.7248445257785335,0
-90.35258556042774,8.422084027460507,0.41339201783714374,0
-48.24713197550047,28.810647789889146,0.4399833321691732,1
-43.799818488092406,15.27209209953877,0.2110461631653323,1
-58.74796389340769,35.270817372089674,0.4777945416813728,1
-53.620276293917314,25.719215720115272,0.41901100528768853,1
-57.984616067660454,22.2951936597944,0.10849979183304381,1
-97.82862534276549,20.413921245341506,0.9655823032130075,0
-58.273512687380304,11.004300953202737,0.7129357075115244,0
-47.77974939774871,21.616080733568094,0.7053836623757535,1
-79.21128067556914,14.217674857549758,0.2122021837687652,1
-59.4388623946373,20.50314073980553,0.1930393880874437,1
-75.60177171639899,26.997545011973774,0.8648483654519473,1
-93.30303719967065,6.348840450423574,0.7966548517447679,0
-83.49297540198191,20.95062698107142,0.7241342681565095,0
-67.18003951586226,11.546716083028606,0.40762179875547944,1
-51.54451365028945,19.618877239945082,0.7807216105512728,1
-97.00938735792752,25.149999640091465,0.7874627075096592,0
-75.91866654679673,8.087879220986567,0.25068640552784205,1
-48.23639120422392,34.073040245480406,0.21185380543282484,1
-98.73736717256114,19.76509104466337,0.5761596332216516,0
-78.0971651869145,11.077156456551966,0.7131916067797838,1
-74.4938420804616,28.17674131447381,0.3688467190907373,1
-55.278660083184185,31.994561764748866,0.7280389750816969,1
-74.25549304079084,22.865764848166062,0.31239653138184087,1
-95.15369444755882,30.73043814230639,0.9856413182402948,0
-63.49297781237453,32.08185364042968,0.25825748992314745,1
-46.44751031229477,25.3570215306761,0.29200980875018456,1
-52.093099310316546,36.14160556746256,0.02121884235783733,1
-63.74156177206472,16.049894592451285,0.7521991794776736,0
-57.923751573438544,24.467723546771737,0.9373792509161729,1
-67.09810945719994,39.39740612002733,0.051265901873155495,1
-51.653638099461915,16.016973174502525,0.8431596538314663,1
-79.78313610570285,20.23409336004431,0.2745113014369517,0
-85.22588543897754,26.955526737121133,0.4804648289188752,0
-91.89695171921352,36.275850936848585,0.04122143177523152,1
-83.31119527180174,2.458455361188694,0.8065453676568544,0
-63.5122472851245,31.84688042474798,0.8102250167661648,1
-76.51689253476569,29.531621883599655,0.5153425118023336,1
-47.91896233404868,30.352346826745304,0.93780017823023,0
-40.028913389143035,19.11074841284034,0.8941046067046237,1
-75.25420662290739,22.20911164211107,0.1364642377680776,1
-91.42782288754856,2.3814043553713393,0.8367247192920212,0
-49.34365854505332,12.710571606671293,0.2891383189310063,1
-65.68296246152784,32.84273414605855,0.35651404329708325,1
-55.258852473900916,36.07891776344867,0.7463057941867269,1
-71.36796200302453,25.858508993549954,0.6601387938367622,1
-45.14034254276123,30.566812569009123,0.11614185796493337,1
-92.32347714809553,15.062662872765333,0.18347099508953313,0
-62.562332616697866,31.668675917076467,0.8539096427534832,1
-75.6636100251086,5.086932031033111,0.6875244164866723,0
-66.09703322487213,17.705332275772744,0.32538327923663957,1
-41.5591509732745,9.836807366241992,0.18476899941398262,1
-90.62653781655311,20.78547837390753,0.1494167377477934,0
-65.73303388767046,7.348641165471781,0.7465889805455965,0
-56.716000367478586,3.504128073534134,0.9404513929635073,0
-56.74490859527941,24.050484788084013,0.5187347345023371,0
-72.73229631014819,1.386355298871349,0.1945774520855822,1
-83.49018701919934,30.67790221828051,0.04365659740607897,1
-41.2202529006662,23.41309903265657,0.04053105885709862,1
-45.53824578769465,29.40904693061256,0.9473752230741679,1
-92.63959182328095,6.479470245886283,0.05431128018095954,0
-81.10729130334983,20.384612564005504,0.5211888553110788,1
-77.46619538499152,29.37517872571732,0.30187090250200366,0
-98.071054731829,29.072363571869037,0.9443799294814708,0
-48.57048427307505,31.488116407218605,0.5816230575051795,1
-90.00183141829153,17.755356331643437,0.16195523837963643,0
-56.57201406408141,21.31694391987219,0.5232004559777758,1
-77.6643056085071,6.473343249951311,0.4357674920637221,0
-58.66591285282167,39.66777254410163,0.7206701524981141,1
-78.24886709177585,4.558721778935788,0.33082474931324446,0
-99.26526005255066,31.074377293044687,0.4138770322441473,0
-79.8903250402787,20.013566778775207,0.9255686845395339,0
-80.37881725932485,11.949842214678071,0.828973643428393,0
-96.94715592729912,33.280062843866254,0.9727646112938713,0
-71.11051958042316,29.835274439852228,0.4894364242852538,0
-64.078731369721,16.939292595250283,0.4612964675278469,0
-61.21437771650307,3.6067799051399074,0.05375282721901875,1
-78.53139805507863,34.30268127125818,0.8751599230352265,0
-61.464511769494045,19.660625866435705,0.18861042968456665,1
-99.26183884668383,37.703879513810506,0.4459827750270713,1
-79.76362166264406,36.057808166612105,0.8013050639149653,0
-50.13323967250563,23.315706206622686,0.6622361384386447,1
-75.40105670649741,3.662705311228871,0.47524626170680917,0
-81.3361698937246,39.02964514811741,0.722299268536105,0
-61.12600479248199,19.122676653309057,0.6402347648963527,1
-71.05743972225314,31.603889503799415,0.9384895017100091,0
-76.89997727968938,20.72571308601953,0.05716754474848551,1
-74.23710880476722,27.595153446035127,0.5707891000488372,1
-66.34830562381673,17.416274202344745,0.3006284256587096,1
-89.84816404718315,19.58917374927978,0.07890048716501674,0
-42.890053078151865,25.62947899633286,0.01764631327721622,1
-76.88517634657322,37.285401392412474,0.09369799820454305,1
-55.28743828598599,28.936853242262828,0.3755245120336559,1
-40.48423544692046,15.629460305004677,0.3688777350374045,1
-90.37619169663516,26.276367455911085,0.7098687868646526,0
-71.68715725423064,29.664142676415924,0.17092962448241167,1
-43.83235219745536,35.385350041601676,0.7455860178214347,1
-55.85073178979459,0.7072255279248374,0.029405955303302034,0
-91.86149387944826,8.524301003177172,0.4626306662665012,0
-94.44233147548158,0.07909324059433676,0.029094743992046257,0
-45.85780478421148,13.995571802537366,0.5873117693044129,1
-51.21043925079323,10.420453583038324,0.8865695293924508,0
-93.65112833891904,19.207999555186007,0.6839643049307483,0
-91.48527380022783,9.04775499858577,0.2895523572187837,0
-76.91899164031952,25.7545365893626,0.6229682595660306,0
-40.070221759980484,8.709480432265838,0.6650919178961885,1
-68.74146203465358,21.713033701244267,0.09582154540669241,1
-58.19763825543535,20.55527165696271,0.6805725679052572,1
-80.57037985219505,33.31284857521943,0.5301712838331253,1
-64.7016250954595,3.2898250012610974,0.33468632128158937,0
-88.68639528192652,27.460579717419975,0.23252309403592786,0
-49.38469691424753,21.58142540176093,0.0005755643648684972,1
-44.245465359631005,10.082097375967201,0.8092844759453763,1
-89.53649693061709,1.4916190531491136,0.12216351800670688,1
-47.45100202615733,6.17473824019338,0.1193199933644421,1
-46.09946162785426,8.895787039037351,0.7750417578649998,1
-82.33715684661874,22.3941560296681,0.6113289322973625,0
-67.69931204001921,13.444494480596184,0.5430151055666862,0
-62.61966567533862,7.032138078490631,0.41418440353923724,0
-93.1617647775581,27.76179571971567,0.8614582273397102,0
-76.72815849504278,7.568140767783236,0.7056090969465537,0
-83.62331122316648,30.69896149333711,0.5589472974908982,0
-41.83248497646475,5.460813548935843,0.9489784695915259,1
-81.20567616979363,22.78714445138697,0.7000554867252237,0
-71.16917711083909,34.37223433031906,0.6118237623879137,1
-55.90341408456753,26.295603042357094,0.9110334121737695,1
-94.00271684732184,28.216986964648598,0.6109617858091705,0
-96.69264316467073,7.283833104526067,0.500807398391581,0
-61.085821998137334,17.957656565481127,0.573383721715172,1
-56.638340784428216,13.51242819277051,0.4073314387206951,1
-64.02439350864327,32.68189201809058,0.20742455889565148,1
-59.743643504703094,39.05811476549066,0.6596984981902035,1
-44.83618453793539,5.463327378670102,0.5197724741531278,1
-93.6833152087525,17.796875298645865,0.9267300191694517,0
-74.37871108594132,1.5286637871896547,0.6278919309882924,0
-81.89410799818415,28.828137111727685,0.11981390852209106,1
-66.21566061148033,10.917199707711731,0.12077300047229289,0
-44.033222820581045,5.081394301013078,0.012992130734700957,1
-41.22269913254272,28.126339068521418,0.6912316507109406,1
-48.54567135264654,28.547727292852016,0.8514340499565859,1
-89.3999811203703,21.161164936738565,0.802496721055662,0
-44.61912045713485,3.984734591907544,0.8180039254439261,0
-43.27500565360309,13.57387227608189,0.8357844467091534,1
-94.69658587495016,23.332069030187554,0.9182403086927633,0
-77.30796861941914,15.99532787456802,0.973472187915084,0
-47.23459546530049,14.503640031938684,0.42447582359136826,1
-71.45019643903252,23.549388728525322,0.5463266340983024,0
-99.47898409216779,16.24876652807531,0.7106374368654822,0
-49.25284971384344,16.650040504239335,0.9114345777372574,0
-52.98296464213076,10.211537226775551,0.578088367758345,0
-99.93447554125949,4.636417770235446,0.007342962784665397,0
-51.9469494348942,35.6019854626081,0.07080452413740412,1
-86.73312977734282,27.406662611668047,0.41523220494726376,0
-97.02790347598746,0.3403035985946756,0.924840925814752,0
-88.92491825052126,33.78566825573307,0.6105455387317811,0
-45.76574867227127,18.200339474625448,0.33615296555328633,1
-75.18592412140181,30.799095161945797,0.9784259923698101,1
-70.83050144790275,36.166090322213044,0.4825898830459049,0
-68.12071103126624,3.157141809738415,0.7510654161876034,0
-66.78059546211661,35.363927927542505,0.8034247604769099,1
-92.91214898325556,4.613868974742079,0.9389341842998044,0
-65.77102091173585,8.440715547664901,0.5190741321426537,1
-84.85292447820453,26.27440201457928,0.6574694252028591,0
-72.69869436500872,20.707905990515126,0.04614238857508557,1
-45.22521496706953,37.0129723578636,0.3111558363108481,1
-42.93730874962664,7.314050179453564,0.5300755327134994,1
-86.42866661187628,39.83552853955922,0.7341277858667903,0
-92.46249726690071,11.351472002266432,0.9634568645879859,0
-97.45252283031411,26.997464103959835,0.650375741509366,0
-64.47982675306778,11.365435271430147,0.41952251096234505,1
-84.24764706106018,4.6962296535025105,0.12712469787001857,1
-41.9756680301825,10.771436261129743,0.38348405705329913,1
-45.01919665715544,4.185871612019563,0.16105731971934178,1
-64.95412186523586,34.22357016239121,0.4297163797949136,1
-75.90879503918343,4.0297725200655465,0.8969005707418124,0
-62.47131058516382,22.793205249166782,0.12832195039471006,1
-54.21884219339512,37.59922333741305,0.623770657499903,1
-69.24320511678228,21.07556328163961,0.04965016793643051,1
-76.79767818926958,31.85459803252561,0.03745079723368594,1
-47.14920815136565,35.526334229876156,0.8188808376531442,1
-41.02076970784558,11.990647644362866,0.09696911726901647,1
-92.28468945248781,28.167587388328585,0.3269671717617513,0
-51.18840702516763,33.6011417564408,0.13222951931226545,1
-77.15482151832228,0.4037172598022565,0.20573303960102995,0
-72.34115051791176,7.918304589588687,0.41377551828392034,0
-73.36342681624141,34.09834399889807,0.5564866452906984,1
-60.765674162736204,8.703945423635657,0.0288221473602982,1
-95.30445953898578,25.61549517055109,0.7324970455237046,1
-91.62258074925276,12.889200831215355,0.2005489262525435,1
-78.02851198224249,37.00717899391343,0.3600300028979727,1
-79.38124445621415,12.971924968389473,0.9025088218918077,0
-49.07247321183468,30.161317396169963,0.9681510799188379,1
-83.23462930177415,18.241291295902368,0.40331962750046124,0
-99.55826381493966,25.780083880719616,0.35131469978282936,0
-77.59537610929014,38.912420686510984,0.5744617760687719,0
-78.88420341862204,1.326914073917047,0.9134895461576679,0
-61.77349520930568,38.18434807320755,0.13715201448291203,1
-67.37387068646929,6.294225892004657,0.001847369739724436,0
-68.877896302323,11.046981118486867,0.3955141652203821,1
-54.16935596269852,37.20544948855927,0.6922103733506324,1
-94.1913910417017,22.19595770410008,0.861734791364287,0
-71.67766323680533,33.42924280587726,0.9712095856163858,1
-49.66638884152889,14.383989141468216,0.176216893528915,1
-85.05258229698961,36.78620033362336,0.7334026512362414,0
-92.8908848587119,13.516969932498913,0.4869971413548655,0
-61.12664790021041,23.098928122576684,0.08963610672710332,1
-67.82797521331749,36.94251115931565,0.6600789048991993,1
-66.64735570745434,30.856654597420174,0.9565632663782248,1
-86.51253388791572,39.83774077095783,0.20790254530788033,1
-75.7987358050523,4.938540825359956,0.0355631500156387,0
-45.92911484508323,34.28936319064053,0.7796452262631338,1
-92.57788108259918,26.182942261986724,0.09654801847260153,0
-86.67615483846917,10.773032861806882,0.21007109369489319,0
-75.91489963339126,13.521116261783405,0.904046017164961,0
-51.12838868073578,0.7300944489984706,0.8427616555138734,0
-41.317435575661754,26.898742557019652,0.46643421838800225,1
-65.86997167694085,33.37227204347782,0.6175814039677218,1
-65.91877705400002,35.937121192547224,0.21134818841401914,1
-59.017062805452724,11.20435673443179,0.7455224911203105,0
-71.97889855520803,11.40104575716756,0.02554647610731131,1
-81.9836852714484,10.806473149325114,0.7611114688594867,0
-62.515465732767936,10.179485411853868,0.1360215052845264,1
-95.55743875192408,8.037130622939724,0.6773479946481636,0
-85.49913202091264,13.650480742628215,0.06238078543284853,0
-66.96151235083583,2.906349976030702,0.8633326822824289,0
-72.15958815195391,1.6559322839569113,0.186788717195005,1
-95.15588319983566,25.654496247689515,0.10160550100464916,0
-72.55970001080041,33.36664814888369,0.3341109387706749,1
-45.811258871778556,0.5263957397211705,0.7894348717272678,0
-60.38945114081795,38.1747068861978,0.7680885937526507,1
-49.12723943137125,38.00134916207104,0.0355471879152498,1
-45.19398041121617,28.902048223719138,0.2640098902570204,1
-99.92357522494657,22.985206991112378,0.41355548093839767,0
-88.42153349392937,34.621888573150315,0.10966542526854439,1
-75.53375616020557,37.22338817476236,0.4631956676433311,1
-49.187547813165246,15.62441037739319,0.2548416583766894,1
-48.351941582767836,16.993090696944442,0.6237576491047954,0
-83.60876850994742,35.09485082666609,0.05328133291964754,1
-94.35872786987018,34.357376797390714,0.5385415771830346,0
-53.62410616696249,22.013448141301023,0.5843193477933111,0
-96.23420332416383,27.484949239857972,0.713241904664044,1
-83.00164964879046,11.344521238420594,0.4890885941395703,0
-83.98398106373628,8.17217615422309,0.5445202884568935,0
-93.35847555822303,34.605270052491015,0.4000028507018518,1
-52.620909071089045,5.170499299686391,0.14831578929930955,1
-51.62854207331649,17.552063032483577,0.7157842627084354,1
-89.11009542420855,21.441997932916962,0.7530341662223022,0
-73.13741174482676,26.845674626273496,0.6059827856935099,1
-53.181910365436465,5.398011811628796,0.15457797666981832,1
-98.53855157295956,17.350104383330496,0.5818733821563111,0
-97.57408411641978,39.256421692979984,0.11189121036306704,1
-41.09164314744787,31.24482102288551,0.015304545302492478,1
-46.397451046974865,13.490474325687387,0.981558397659209,0
-84.51682264168232,5.1643718354019486,0.8832412316434116,0
-60.03211816522171,32.72828888281197,0.8920815520986312,1
-82.54196912017242,23.444300495555282,0.532991813414371,0
-86.26920995153392,17.255028866769205,0.8924532689187791,0
-77.03250609316575,20.860970311476933,0.6788143990224049,0
-95.89912657626236,16.400182508476625,0.5112857866538227,0
-96.55975579469707,37.418628174635415,0.9867497457079344,0
-90.6225206823415,1.212547289228607,0.895858433137935,0
-87.96000247522495,12.604033013156656,0.8955475551701307,0
-92.5644464347891,23.02116580512266,0.736912837670748,0
-42.628755096781916,8.307320591076373,0.527870980586232,1
-99.44566471488923,29.074481814850508,0.9998444051465788,0
-48.603091456962936,32.06489150362633,0.30423470686782406,1
-57.5391453951954,1.5703248608931775,0.3490007146695693,0
-54.07740865634036,23.90166492869767,0.06101521223021189,1
-97.7887516829889,24.942684108103258,0.09341668093901756,0
-72.39775090580724,23.17578910824333,0.856065730114254,1
-61.969187958785376,34.55229996607875,0.6706044237061027,1
-75.90081120648915,31.519997930481335,0.5269874160339403,0
-93.71210801118809,20.088304474563934,0.9775389198810176,0
-82.07658850153409,33.96223010632853,0.5450352399425766,0
-41.42794813851465,0.9873747213791528,0.940576777068536,0
-58.73107433222272,39.026254487019905,0.33630497689676886,1
-44.23447569722876,23.18841571330193,0.12016914536449053,1
-71.85199378167299,1.158550691723268,0.050650828533856385,1
-91.85375906264939,34.05302477037746,0.013058669368320786,1
-64.70388672369477,35.83929250524069,0.7102237655435429,1
-66.87023780173438,30.64357308783392,0.5010901482283036,1
-60.64507228156716,2.7697467350901928,0.6796367937437138,0
-81.62442634378918,39.00950754336015,0.6718583366868096,1
-62.97862539036635,30.717609124658033,0.44087853832208235,1
-60.347908244512034,4.445611228786088,0.07989121574936087,0
-90.83859196951475,18.923389586752055,0.13193891023173798,0
-69.78202448901405,39.14278937512093,0.5747767520213994,1
-67.77535865999195,5.159751045492613,0.19181447092763038,0
-41.84941735913657,37.32266795559213,0.19296118053633138,1
-75.02119067609198,38.86811914463057,0.767726688929603,0
-40.72775669531658,38.03748337341381,0.9332511100559471,1
-55.07574882705634,38.017519735263335,0.6407575414780873,1
-81.25800151707753,4.299861099512716,0.08639602424442894,1
-49.5046841948158,2.563408941257248,0.008051205395934957,1
-56.9449717667832,1.1991457313744824,0.9391708303600103,0
-57.435225096320515,2.371207462218665,0.7117955451364566,1
-95.35284533475371,21.123782418440342,0.6900569613536598,0
-75.30543986835642,1.0702104082680997,0.29976621706121664,0
-69.41017803657704,7.180576031520509,0.18389353171491762,0
-62.62894204862951,5.165817859969888,0.4266298251584911,0
-75.39696920224135,22.40795546353363,0.9607129683148661,1
-46.61323200760788,4.2100338128238235,0.7814698542373835,0
-66.99775283733405,23.68740848521019,0.06220953143321095,1
-90.61527087366068,14.580563101745362,0.43290759425468406,0
-44.7365681622885,4.6834362881650415,0.4863810871399712,1
-46.486707889491,28.398437538423735,0.36121167320247605,1
-41.12426495536067,28.939280216530175,0.35471341170713255,1
-95.92907302576029,22.879860308870647,0.12331587993720994,1
-90.86552182667194,31.21739549090205,0.7476441056096278,0
-84.3246189033527,26.952717784238533,0.10424720031010792,1
-97.30351578944757,33.19472659007107,0.35968251861360456,0
-44.0259530552048,24.962904641776674,0.47087070487230664,1
-64.82942228374168,35.83252755268071,0.8953868408258422,1
-52.72555620753962,21.309163935293846,0.9770361078001816,0
-60.364979469726904,1.8646663577856426,0.9977736509043821,0
-78.55782258987675,21.858632395476562,0.05951334019452581,0
-71.64995433337978,6.112581307178484,0.15896954480939451,0
-86.51863152724758,4.9710076580893725,0.5830115542133045,0
-88.64030161464207,39.25271077695918,0.29809948506286865,1
-54.860265133986836,35.4955143546973,0.12176476750575105,1
-48.23412617554732,7.147026866119974,0.5977116459570809,1
-57.24750628329268,6.226762928878902,0.2905219519168394,0
-75.069852254092,17.023674550752638,0.6138618344510445,1
-77.387099215719,21.36076025614749,0.6134862239652406,0
-58.23754231455442,19.062204802008935,0.833714457991176,1
-70.20610617116876,32.563784866020164,0.21567159868940045,1
-54.81051885874742,3.540867723631105,0.16564743743974275,1
-49.47072066898769,30.80439388470625,0.433638315936953,1
-64.62250882568102,38.43128688088192,0.7819891049273017,1
-98.94100752933264,28.35033767368701,0.7437817405467257,0
-59.245905235091705,36.007035161578216,0.8714448935344586,1
-85.32974091192797,8.7348522672678,0.1157033966075196,0
-58.48722041998305,27.93159541660743,0.14877639590764713,1
-62.58827473777552,8.001006412077633,0.4138295534176525,1
-61.635580582503984,19.11247744724227,0.4132439138377475,1
-57.42235053017285,27.46131939136435,0.03434079539260426,1
-41.246187144701516,30.881142469884995,0.9142678364763789,1
-80.61230763127175,39.23377959966817,0.631681616657769,0
-53.9495550411461,33.371011022909144,0.7380338631698387,1
-48.6714781949271,29.50382621346021,0.17555469281258285,1
-90.37664055593584,35.22352106792909,0.18366425108171724,1
-99.89652134462087,25.388732668005392,0.8438539065352642,0
-52.20056085964469,36.47697246192252,0.36700658361563376,1
-47.25319292580169,31.68019891409601,0.12481722335319101,0
-83.16331383198064,11.75241241127178,0.02818969916985159,0
-81.64260255096085,14.13092486171982,0.44342726445456737,1
-62.06784999310826,30.33144540401934,0.3842550426095871,1
-57.632154716181084,6.563048213918732,0.18475193555528446,1
-68.9272854598853,22.212671517598906,0.09808016167620648,1
-69.30813180174115,7.603605837726861,0.2650481301842533,1
-98.73063931460239,1.700970460721254,0.10585431972674963,0
-72.7229305561642,7.699094160431108,0.558319555446999,0
-40.680276675395056,9.781476607769077,0.05823683467035512,1
-86.30219749257367,0.9822399550317007,0.9895651420214543,0
-95.68025403169221,6.1509723605017985,0.47726295696041166,0
-91.58505466008336,34.4590160835094,0.3650413404132077,1
-96.8946596567326,32.49808811988465,0.7531904527637586,0
-88.32230730370466,32.76677996557079,0.20404770499216274,1
-76.29307820761707,18.529230472956385,0.540584972326039,1
-71.56394715445637,19.24721764039309,0.12687693091434604,1
-45.645866870933304,4.484623113463289,0.8284941413365167,0
-87.4972395138991,32.603126816336925,0.08077538370342774,1
-68.50305725600201,37.684237294873,0.31817533836891654,1
-59.524151381258555,16.989509831278724,0.23721193288703535,1
-90.17492174450224,18.58024028769293,0.5543376314007776,0
-65.56819287011052,13.847397461246448,0.6037892802190377,1
-45.461619667006964,37.22231978583607,0.4562413682164478,1
-68.85155295033155,26.821463877870208,0.09624009017558666,1
-77.78035150382925,33.58106645476111,0.6670166913076249,0
-62.102287469720935,24.16741594873574,0.3272579614754605,1
-94.84682743374563,2.738636745846197,0.14193927683400986,0
-40.79728125812313,16.550419047405622,0.8961917646843058,1
-55.797658691066786,38.84471461878968,0.24690027393483438,1
-53.45645115866333,29.002303537570846,0.4979046445549892,1
-68.34419712707226,36.440155530296835,0.49115373377532323,0
-44.38306001604928,30.032697345637494,0.6214163525001271,1
-64.3716276084731,5.223882169386638,0.7304504474453618,0
-52.87335865994976,20.204614422619734,0.9844315162759247,0
-62.940385589800236,20.2233053220319,0.2774986297247214,1
-89.81818406548807,7.780207328830913,0.24019941029551184,1
-85.59459319344826,11.454174300228592,0.8972427805748971,0
-96.84544058061668,38.37112734299102,0.7805201159525331,0
-98.58031878794414,10.144110768301733,0.1760496272648705,0
-80.60756263043302,36.74363359774159,0.2666769797844132,1
-99.47056445173082,25.824275623016334,0.3990501883019494,1
-47.80859711730545,28.331971955771373,0.18704034079219356,1
-49.756991301674475,13.026323689009045,0.4201168854886015,1
-87.21550393605986,11.332687205102584,0.42055798944217293,0
-92.82217268553742,28.19499132201151,0.2912604816120905,0
-92.56656344269854,38.421892966121405,0.37445995939282295,0
-41.7243210238679,2.9266018097972246,0.5199775980288238,1
-76.43739648634457,9.521977154238064,0.1887030943372554,1
-70.60673248040608,14.692336094286777,0.20235989205392768,1
-80.65057354193621,39.30676476670473,0.7297306384076884,1
-78.12718907437342,24.052518766574465,0.6067287469090851,1
-54.6437549829151,8.950259639888042,0.22381350855452053,1
-60.703880389458654,33.6405892095832,0.1274717190832756,1
-67.94284707139568,16.08260507473225,0.7017931745071276,1
-43.37833010050512,0.6490386874605036,0.7853462536131894,0
-91.70047966769447,16.02830711436148,0.8168140553877351,0
-52.49350475768851,7.438088640806941,0.6181901187944066,1
-94.58968141063053,9.606929185186752,0.07569447458086775,0
-87.77314174319622,32.92402119125856,0.02925199427578551,1
-99.85531615409934,25.450200974479532,0.8040229182761474,0
-59.40085704942174,30.48125144562632,0.10181994771473502,1
-73.08413151897192,4.780422594527787,0.09869619522314821,1
-81.15191355411736,37.72170763233538,0.7095917546323308,0
-70.21565173241203,32.015372996504624,0.425627357265449,1
-68.08683451923591,19.38538294609749,0.9566822015342299,0
-51.94770447360207,39.971189006916234,0.17097080931872366,1
-83.54526788691382,4.909522185046855,0.2346319516898181,0
-52.08886902170908,20.51713115117837,0.9592641976522427,0
-70.19573315691613,3.1292423636752753,0.7708347581657204,1
-60.08716206375272,27.580308918891717,0.5001682706641224,1
-70.9615000920668,14.693111959322804,0.6930642040656745,0
-91.9379852012163,23.878751988136045,0.3150396858354547,0
-87.26996204703086,22.787732128537137,0.6732734081287782,0
-86.18731847323983,29.641014364225427,0.7844332185642049,0
-54.82061107159745,14.061926775867262,0.9167107080153416,0
-57.10454182622855,25.361609925929884,0.5163815869121214,1
-50.57953061052614,27.31629451514644,0.6085578318098812,1
-76.29956559756661,26.669407446111556,0.31229011219239866,1
-45.207036489483706,8.264909969703599,0.7561632244608928,0
-49.79912686134001,18.12817388927094,0.38227531712154883,1
-93.48456298170593,20.133617646747958,0.7324795926499582,0
-50.796130718620255,7.74560808248733,0.19347663464184517,1
-57.12159032925838,1.0707278627506112,0.7645678091569542,0
-49.7673871083007,19.764108645181764,0.4747047798101931,1
-51.87641278085655,37.9298759440889,0.591602613012317,1
-41.1167739248199,28.82103904663191,0.045929634688410825,1
-65.78841767806372,6.61453651451676,0.2510033118128906,0
-99.99920988662755,0.7481882088505243,0.5908761316005449,0
-72.89887025165532,33.42671579786841,0.9239326420800965,1
-95.79039403088741,15.412499433521369,0.07807914787934478,1
-57.434751484047986,28.206220242300102,0.35087747621576404,1
-69.80928839650673,26.06770412788851,0.697349025046231,1
-67.6909234288576,34.84921884253673,0.002446052374587171,1
-56.12812002262949,4.712875311450162,0.6562023752148597,0
-94.95307992658708,39.559574444001974,0.6396655074830934,1
-43.86694859564082,23.861024579332625,0.31491523697150603,1
-43.39705892332883,20.18941788159087,0.4939839146403322,1
-92.90238265206396,35.33091407136172,0.9298470697654186,0
-62.57382594040481,2.9895417048949158,0.25024926273377,0
-40.86273390927952,14.086419835489107,0.7792415731485439,1
-40.65532389746453,16.45305424868152,0.1439584836944574,1
-78.36474717027502,0.63775321183559,0.6490227032198812,0
-76.20976919651817,1.9564635806830744,0.7880697310948824,0
-60.10577925751137,30.09767019363081,0.2368625669240607,1
-95.73475618329512,8.826911271094989,0.945935428443231,0
-67.06112356389252,10.910557848587432,0.8499284678133147,0
-73.30373433837963,13.373254103490755,0.17560372618576492,1
-71.59833920815208,16.66565730893864,0.25931337635958895,1
-51.918537249029015,38.57503428254975,0.5017657041445256,1
-60.70024454791215,38.251443868243605,0.19435938637283712,1
-41.51443998726339,38.973695415079426,0.25122637174659534,1
-77.36308965631821,10.883187130962618,0.09706185307800297,0
-67.01744005684805,1.2806561771123581,0.9812822347270461,0
-64.38320852092207,12.235744501255589,0.5100247441032161,0
-99.78302531290355,19.295457558767943,0.675468946613873,0
-90.23269231123666,35.576524783503274,0.9315960244150382,0
-97.6032120629424,26.422342803735592,0.9139815312717202,0
-89.21062866064999,3.495261230980966,0.49413283742371417,0
-69.5624379050774,1.7031562916747767,0.812040179188615,0
-44.89833937596902,7.618146851527969,0.9898084668852216,1
-59.551391427511106,8.624956701369687,0.6202175923234717,0
-64.15984487731342,8.720446481791345,0.18901445360972213,1
-55.29175487947689,25.012327558591927,0.3737830504237163,0
-41.813705270139394,23.415996079449823,0.6070527391629915,1
-73.16345878550385,16.382998977815486,0.28432949363515125,1
-70.9870010541554,32.86797835675762,0.3465305966688277,1
-40.266682024853424,14.530558223788299,0.5041050732068886,1
-55.63411189140941,33.781641620367864,0.9815866469317356,0
-63.14807178738405,8.223492052075052,0.8925796354903003,0
-45.46755660857625,4.05776495706593,0.6634672921347119,0
-69.8202848057439,0.5237550413168668,0.9514434656259271,0
-80.7559528627929,36.97135146249381,0.8335593459850982,1
-48.998927271162614,2.021507393108126,0.8506380734192446,0
-76.6051580413874,34.419887450190046,0.8559096843552391,0
-82.9081185733666,28.935876044896762,0.9414657134610829,0
-76.09910749338121,6.328995712006398,0.6279448785007518,0
-42.267168662943654,18.784003777772497,0.21136395608525682,1
-97.89068130837138,19.66761784514132,0.023714202824876685,0
-79.41174250939207,9.636127445851255,0.3047165866068283,1
-61.6093959926301,6.953167098810229,0.545965066115144,0
-96.13255405270547,32.413557228693165,0.39097913375526006,1
-73.10756030458771,14.603819328982372,0.7603222714762528,1
-76.2366878393,5.3821626252148125,0.866809230320367,0
-84.55766121669123,24.492858732085786,0.5266832306532706,0
-90.24819708303524,0.40726317128112033,0.10889801275030664,0
-98.3629944241681,31.815261332490966,0.8322606325053714,0
-89.93852713183257,32.96056088758088,0.07731989033919784,0
-46.450738618760425,26.7462739758368,0.08516196117688946,1
-68.27854779387464,18.73142412713777,0.5657276541814505,1
-44.073193097729686,27.371206575749348,0.09651985573637634,1
-70.55010602450898,9.552335350121414,0.7431800885237287,1
-65.87552824282638,39.02472566400127,0.42521143982955034,1
-51.71413855019189,24.252246952021768,0.10712891721055107,1
-84.38961468658313,15.647212594696413,0.6516805145904803,0
-69.39936506445608,39.40540348298554,0.5349500990815116,0
-79.37739538017583,25.027870448612983,0.2865483504226183,1
-69.29786965758036,9.858992226532543,0.8571263217569871,0
-86.44426252499305,28.949967666152588,0.946990636257504,0
-54.21067061080598,25.14653539341747,0.9167981850406853,1
-47.32054714043774,14.328867008069096,0.7601291251969927,0
-58.33701917478695,28.56787068902772,0.6551740784535655,1
-90.2505508150646,3.6149122564721337,0.8822293647912807,0
-73.78931804862194,38.74531039114225,0.3817446125305598,1
-78.41724053971427,22.493020516216934,0.8458310662696155,1
-96.08893252248215,10.451821142248118,0.18747300385825794,0
-94.00825137035623,11.060092543374186,0.44962610988807394,0
-48.619077061974636,32.17200863289155,0.41509777874542464,1
-82.02937316154143,0.3453869535157139,0.3894825518500393,0
-95.70476187088504,8.442538017466589,0.7278961452277098,0
-58.163062240801665,21.39944560677126,0.609285828546032,1
-66.57807085952331,1.681898326087814,0.12358151741147627,0
-40.80210730454068,37.413759592382064,0.28709614838677433,1
-75.9339245667913,26.747090749000595,0.08857523098896103,0
-43.31168968335769,26.485173725634375,0.7681478416803261,0
-62.39403614037036,39.161348087291756,0.24224624860418364,1
-84.28621752611588,3.8222423227389113,0.1915803856419257,0
-80.02799496301955,11.539790791694458,0.08805742978242537,1
-82.58144459753979,21.840561616370007,0.9707076778175322,0
-75.00919787944673,39.73947619487593,0.7452272383587387,1
-41.53347766095379,32.19799939194732,0.537601299760172,1
-69.98106313483177,4.687597269917756,0.18364886379143575,0
-67.75151652161648,18.135573534981475,0.31901344920543195,1
-61.047458405084775,27.53593668918038,0.8173416621268588,0
-53.342043698917145,30.289598575877147,0.1333469293781725,1
-44.288429496560255,6.130101913968118,0.2760623814297586,1
-52.744609826239646,31.056159453281936,0.641287991560086,1
-72.68585570272214,35.41122893431434,0.7837160990710117,0
-76.40499193596,31.233485076685135,0.2072603730331808,1
-43.45574495148865,23.672230148176535,0.9079654333963866,1
-57.279938390076914,8.474218344814087,0.7214585816749358,1
-61.046010685281466,28.866438563605726,0.16938966498625796,1
-41.22575916480444,11.983385780186694,0.44980913983894066,1
-71.20933117735649,27.98697177617962,0.32003010583415503,1
-62.793242263159584,11.010190010093295,0.8639261626710699,0
-58.83714972114711,29.37207314079079,0.19612621675643993,1
-89.13283673417911,0.6651342164505225,0.42606401784646375,0
-41.549267704074246,37.86641618318094,0.4021946667997899,1
-78.30580420944193,30.661650054611925,0.6274522836760266,0
-47.075337433713734,9.017913390845408,0.4915387535262101,1
-41.0661581515849,10.793612892976023,0.7743655576279135,1
-93.56125823004878,36.75182466726253,0.3752038488814443,1
-93.68289146016266,3.083486512631417,0.19392141947847574,0
-78.40043231319224,3.757344635984099,0.11148261800871506,1
-49.12978796658072,29.567732729624446,0.3249650813196717,1
-89.32525070223133,1.60593316052271,0.6333197562959074,0
-81.63260232007677,27.050917374485167,0.6884854122484414,0
-52.83097367300533,2.1351536466114984,0.988392628670704,0
-55.5510861018528,21.27175830825957,0.4875698196970103,1
-58.941650819214296,11.995510365588009,0.8018893763349959,1
-73.66857009130077,18.975286259095547,0.7527115156503125,0
-79.64232467840117,39.38391792973705,0.3990602216168694,1
-88.29823194131036,16.259647085215775,0.1642331280828918,0
-93.99367427396737,38.77501738249502,0.5003381142108508,0
-80.74436922952242,23.102653259699693,0.6014504607699316,0
-40.13947315781066,8.256921822177574,0.7284301866487649,0
-48.79533143305426,21.40301801941556,0.9617429979186725,0
-87.098698696137,38.18463078202082,0.12634059164460854,1
-63.28632271947586,16.114603318664,0.5339318029197321,1
-84.94558123217509,36.04517318530456,0.21761813469264335,1
-47.2339212427799,10.610626573499268,0.8648952142100673,0
-52.1552638241818,15.14515535440902,0.09421538304488308,0
-81.36517704536087,23.60107632459205,0.7568476026976892,0
-44.84984277532162,24.113406927959332,0.4405821909104518,0
-61.507167799548604,0.12187011883435517,0.38835985257870587,0
-58.86446605372537,16.85492021235148,0.16089433702312683,1
-57.70759192167287,8.884296371867642,0.8911188281834406,0
-59.01686697767655,31.561791143083816,0.7955351613753564,1
-57.408262046350075,29.44844145614395,0.3007189084678221,1
-66.16825579172115,8.474320744615254,0.89634197106539,0
-44.035235439552515,15.887112292030459,0.25980078114740124,1
-73.92621491813858,11.614967288276151,0.8288327062196441,1
-41.14581591237685,4.67281514816924,0.7551181382028489,1
-94.59669773307041,9.159176004625316,0.1035285976689726,0
-73.7806427013129,31.367905616675177,0.8200194708895641,1
-87.73615797511425,39.851778586244684,0.7326919296400551,1
-99.25206040972708,20.16571147441507,0.06770798740362949,1
-48.871279775849096,37.74147913023428,0.03793182503932779,1
-99.86147364479548,31.235947203310328,0.05677175711455551,0
-57.29579623932286,29.261173006875364,0.3455457882649954,1
-96.72738906273013,31.076877589164308,0.6491642469716423,0
-42.577572776045386,34.790210422273795,0.09207949362385881,1
-44.32912589033116,10.63114688480168,0.5984156227444019,1
-85.24113890856279,17.397139044388503,0.7807088519493294,0
-69.65013420660846,29.612446701686626,0.8009363022675711,0
-47.2980559713519,8.044827499958469,0.18547909359559844,1
-94.69367384352071,13.499272656649923,0.4197952642088669,0
-85.48478131151134,15.146683170540612,0.30757685375623367,0
-85.16460560159378,38.964142744709584,0.6370754721292533,1
-95.0543206325724,20.94236919459563,0.30669978085159966,0
-53.563633681740626,5.103897456617408,0.045023026994753246,1
-95.0551125576192,33.15484975310235,0.8717206031294785,0
-67.96959920356238,21.122750477202995,0.19269520256711148,1
-82.6719359910532,9.827633246672294,0.3744387905189822,1
-61.30818598885305,8.684223689680728,0.5597281350678797,0
-75.85774700966897,18.82781706934537,0.22155552965209713,1
-70.32398656153282,39.00357253342956,0.6409651133523367,1
-41.19924130330246,5.719993707430278,0.6341946846073793,0
-49.0736748963714,4.471361275478398,0.8230834930804687,1
-59.96228343902803,17.149539158627853,0.21374664788178566,1
-94.53211327441704,29.963578539339828,0.5660797763065274,0
-65.80397088150842,4.456900683276874,0.3871614691742745,1
-82.49871451195595,12.660162781210222,0.3416902364543738,0
-45.7616025473176,10.792867650257648,0.07172756689329252,1
-78.4901655364364,29.334042475500475,0.9293255915545461,0
-91.80373583322068,36.85371727235877,0.8119756798827747,0
-84.57579711716511,8.220174735068642,0.05503217253391468,1
-93.85778019909263,21.120352019957345,0.010314472168123645,0
-61.63033387056835,4.867191158653652,0.7857790123607984,1
-98.03456618417829,16.537483381496546,0.6634452079175285,0
-54.95784694384953,38.4531206075467,0.7875036517812092,1
-57.65217978223071,32.3390359543872,0.9730935745831069,1
-87.52167581161149,0.634304812820905,0.0020214248096329657,0
-83.96003713254565,9.726462589218393,0.3985497593918127,0
-89.88287429010593,34.271180393594925,0.3360342799257938,1
-93.52244290030586,22.09658213627784,0.8275842001811796,0
-91.26414170298813,12.096592607332841,0.7711114584226467,0
-40.580700140423644,31.633292136063368,0.018641777829166206,1
-50.39260708457533,23.688868513346954,0.36702682164726674,1
-87.28993231248931,27.53286331196371,0.8244016959271961,1
-75.70035631025097,32.38375145603753,0.4360194315478718,1
-77.72317074948238,25.47559687948298,0.43643230860170235,1
-82.51720850198475,27.352938624991296,0.9581771547489377,0
-40.59126315665421,21.546688066224732,0.9091499750076139,1
-61.92758410289217,2.7845218749673917,0.6082739975075577,0
-99.11902938639575,38.59108049018038,0.8447760370354996,0
-83.33812417220744,19.717799665552313,0.0042514171004292,1
-80.34927530121105,8.884030831240967,0.5558575910631796,0
-70.9931672935733,1.7931540544087143,0.5246720857328205,0
-59.703231468648475,37.64888903715783,0.5357929591924245,1
-91.88046144308429,2.7501788812575434,0.7720930898544726,0
-56.29108798588412,33.066459463472306,0.13131531537265673,1
-95.87035508102525,13.946290404165262,0.24024985912406904,1
-74.84194072433138,25.988128808318038,0.3149703435050826,1
-52.83782094124939,19.268968824315106,0.123773029604764,1
-65.46362515890618,1.9968633495266719,0.08340336367810264,1
-64.61260096864847,14.623745486536688,0.17493906097639456,1
-76.72949829018101,15.559770401670514,0.8841859381003447,0
-61.15535062743583,18.145782264530936,0.0557967500127069,1
-45.86180770491835,28.65225473375887,0.7401651069096928,1
-41.2135675330155,15.38136787889349,0.9232748778459726,1
-80.70725906554603,3.5909012730706236,0.6573954023067294,0
-58.64831069054983,25.01485279455462,0.7785455080004713,0
-48.51248172251061,2.5497681021823526,0.7166588265313554,1
-51.01857564545037,2.3878673855348165,0.14471681045688467,1
-65.5731551761794,24.329541509934053,0.8104905327744649,1
-92.48043941353296,14.392096303555784,0.515605840450267,0
-67.11642340944204,13.999078640206841,0.38166207613411196,0
-70.77350518966051,25.11022934871483,0.9511461964609855,1
-79.3506210345494,13.212463343734235,0.3010485818307802,0
-82.92754749329049,37.46496053290859,0.2637213310683644,0
-42.96010951183086,25.878135425945477,0.3975442521032668,1
-48.75116161561642,8.056658046304088,0.581740225629303,1
-80.2555077759238,9.4786638958881,0.552167964765181,0
-50.324551170605666,12.409360677156416,0.6466188103402656,1
-91.25078959471514,17.763412670246193,0.8084620478029921,0
-68.1116642880655,19.98732204904465,0.992134157899785,0
-78.91901900264415,14.378939282853548,0.2666421659254098,0
-90.50498914359635,17.206835376489337,0.783625394714319,1
-97.15764959623061,17.75772987431393,0.20902298050424983,0
-77.55723631944954,36.05470576225602,0.18629609344885745,1
-95.44606954063858,29.105860813222325,0.522858640166359,1
-92.99777849926843,9.449988428185314,0.2958623873375372,0
-64.58078494701107,3.780992151405731,0.738975138280024,0
-55.91779066602487,32.1363474025023,0.931083184007197,1
-71.64664099978857,32.03096140497396,0.16592316230788018,1
-99.27154594467738,10.681468217519345,0.7340102982745734,0
-87.9390310793464,11.34207325260335,0.16548108634032388,0
-69.37374585575343,11.546545067675869,0.24811107821063139,0
-46.584523981222524,33.83805940756857,0.9362425006701557,1
-65.8574933704939,22.84735597811403,0.6709913472820936,1
-92.21456859565978,7.460588899358793,0.8683405368343338,0
-71.14553360701385,6.116061998580524,0.93720887182403,0
-65.97343807067246,30.993868226600682,0.8481181719299327,1
-86.18716054630715,16.575209470814624,0.4564196071657546,0
-45.58585491666813,8.257352311861045,0.9700521479631179,1
-56.23537242404175,30.5121109075055,0.9413924433943005,1
-84.31376651783587,9.231784676869905,0.775040212614528,0
-74.59027631922078,37.60661307678247,0.08661826347817869,1
-45.840811364342976,10.056065377535287,0.9059199635316207,1
-41.91721448907634,6.264500765133505,0.39643139871739597,1
-60.99249906647218,4.2808305306480365,0.18315709599837737,1
-90.28350578502213,18.453504335274253,0.4636149499511757,0
-94.91351543366531,4.951328776435964,0.9165424589323657,0
-44.775971622396426,14.003862678114087,0.14398154529173557,1
-99.26707222507895,3.6073752696446837,0.5275085847965478,0
-84.69358413835715,19.662625423669976,0.717120368363703,0
-82.03531031100854,22.62579942659189,0.6780784171702781,1
-84.14102486014096,36.569651501101475,0.7433809537978651,1
-71.45268369654892,8.946025448933351,0.5263383960151525,0
-58.24398385586987,28.088511856045187,0.7979028519565818,0
-52.86667021136757,6.19113220482479,0.8375878905049003,0
-78.4896623650589,33.34181774133177,0.22943105073708459,1
-98.30682806936031,15.841062018510787,0.9439307890595678,0
-99.16914124156193,0.5649363658273954,0.4603744671257928,0
-84.80467153598816,36.27895358356918,0.5106812607098076,0
-99.10378334630606,29.43121455234452,0.4875390879826681,0
-62.801759163014516,4.801771960643886,0.826451145724236,0
-93.38648770925049,10.376625342649973,0.6008244971907345,0
-87.88067020351718,39.079850135508984,0.19717631748082787,1
-96.72176804014845,8.214265560974319,0.7873411978840037,0
-81.31676126753729,39.023159814162845,0.46640175589798427,1
-48.36580484233744,35.762524942461184,0.018342162576291732,1
-52.379642544614384,10.594994774355326,0.2671257121717344,1
-41.161583491444716,30.352149249488125,0.36464865555913706,1
-86.56228890819615,2.450492268630806,0.7524589813287759,0
-81.46182745544104,37.622495473922534,0.3193750965206922,1
-97.8766274582213,33.299730533461215,0.9988505882305393,1
-57.42649576310674,29.628035032273093,0.9776860871293387,1
-61.744677971292454,39.620416397424265,0.43100619087786507,1
-75.75072786320344,28.89662933415419,0.3351149636990828,1
-81.43540375830241,26.458359496076064,0.49801073429230935,1
-45.41238729976032,12.701771495853018,0.8583854452755318,0
-66.25422291797196,24.80955242468326,0.1879049453571925,1
-73.53888256574389,24.47145884228236,0.6976175521491176,1
-73.78887954773354,12.052980286277677,0.17496801077333224,0
-89.59329896135861,13.82236482862977,0.810767370766788,0
-61.28310833433535,39.159817275417424,0.6847567210304178,1
-55.80561441305602,14.131080289437872,0.6692954043074517,1
-78.91534891602771,1.0794018818767448,0.3962870400565055,0
-74.8806347611119,2.6213041664220205,0.25540759317638795,0
-98.58831341060336,22.801931772069914,0.7514191000156187,0
-53.57675903490242,6.22538257225365,0.6238527814987821,1
-83.30697089671662,27.007362028936566,0.8268073008104561,0
-72.93720998888469,10.585848430823095,0.8271806544470953,0
-52.28606448503743,9.221881676395078,0.9460379881979524,0
-78.68692995272801,13.252421159148394,0.6209134476955648,0
-76.61082109227459,12.755013484394272,0.8426464284243751,0
-54.55762800721286,18.796659060929745,0.8511030885695648,0
-58.04375145916372,22.410212815768258,0.7425511498838726,1
-55.32124214790796,15.745152727027257,0.3871339049459176,1
-43.04238861944456,1.1323414737816018,0.6253339678666753,1
-97.21578635025031,9.297354381696042,0.8945376337093617,0
-70.38288597456825,1.1675864763230237,0.46445322267621536,0
-54.80142306422098,7.800609738222946,0.7234044590238508,0
-88.45183784379836,35.881561654303354,0.5140976625353212,0
-68.74857047766594,23.83520561513086,0.9525312196446835,0
-93.94509813757267,23.421520481652745,0.729293696316896,0
-66.20102549812226,39.4818165897494,0.4517326955590011,1
-95.02753820462077,20.79652815323918,0.6963310053239978,0
-62.69247820835461,27.000501383909704,0.5443291855541649,1
-52.752167522109865,37.864927769050986,0.6882510970963996,1
-46.22897992170742,18.94205840203474,0.8673908014501099,1
-61.02596325506695,7.0269090515672605,0.943913793059462,0
-94.24611131194953,26.262067785703337,0.6864372790250215,0
-60.534620584961786,31.221922240428853,0.11261465415233662,1
-41.787905645809396,7.451766904717432,0.4599269589645103,1
-58.532079127748275,4.220577122168794,0.6277973919004733,1
-89.09222340362365,19.514870471820238,0.9976749796834571,0
-73.39514807036014,0.863145051745331,0.8583357452361773,0
-70.52178803800601,0.43914336296336565,0.09532957516092577,0
-74.10098751392485,35.438859890552344,0.8768041999055618,0
-42.494511775211954,24.185459645151543,0.7066392956702975,1
-89.72770346539446,39.403160640032816,0.5095817216403938,0
-59.39354164811092,38.96546384799893,0.9447345710988473,1
-80.11154058045256,0.9559742879780142,0.10071825971548787,0
-55.9905521482038,18.641593458831267,0.40715349566283865,1
-40.633605598015315,8.033897720118667,0.2459999120034887,1
-40.13456114602837,17.255794128081313,0.7434167197256586,1
-55.97479015372503,9.24152915757631,0.8177336287077678,0
-83.31546725312455,33.057450129218765,0.06271349787556868,1
-93.63985044880343,24.776660796052443,0.48795779036853215,0
-99.25616716505225,30.781145472795327,0.6617608132942475,0
-93.44373003803467,4.33902364046455,0.6455003921123574,0
-50.24673152781285,35.137948980026,0.030068436510271024,1
-92.9688686299241,1.1290323643035505,0.06953274380332952,0
-98.45098034731177,36.73759778460452,0.37952990267331554,1
-41.769000174873604,16.84997384628819,0.7946025790059378,1
-90.70186041100646,36.6677577262778,0.6898683201206008,0
-80.53566015150369,16.345547962209686,0.5831352473673054,0
-78.30405822564023,12.885544139197895,0.52545767714289,0
-70.74895836606244,25.55320669166548,0.7084082623686928,0
-94.52982786803486,12.125803262630935,0.6620182058473775,0
-42.18055344335242,37.64041350875303,0.05048044558973164,1
-46.39757147104538,0.8007475331627134,0.22480608666814395,1
-40.72634958625759,5.5031905742559095,0.02540559459674807,1
-67.80309438823286,31.195522411446387,0.11299498006262076,1
-68.2494268457283,3.936143904356899,0.8465990984742484,0
-60.6355672542962,32.289988994298355,0.7191353315231587,0
-58.855399272643275,23.78651735957082,0.6386346670237922,1
-41.94183560922396,1.3666268945445914,0.1734621140579342,1
-60.26845065231545,10.452319072637305,0.5299287269225936,1
-44.872120421059456,2.6876438072308995,0.32511800284342784,1
-68.14897634273113,39.348089842854286,0.29180980971045223,1
-69.69079630847509,35.98059072131953,0.7328870828564684,1
-93.92839799480006,10.01474149422602,0.3319407742879006,1
-95.73984935377699,7.347042000859458,0.40064236904857387,0
-74.04582900574817,26.63902114011295,0.5997833179997175,0
-68.78349311556585,31.075790967628798,0.3569931875673312,1
-72.35382368562603,3.5343406480296924,0.5487925107660289,1
-85.51539602254644,1.9919908807991726,0.07606938254902307,0
-74.19840582126872,14.649702538982595,0.08981825396112697,1
-75.81707303978374,28.530984878757923,0.6590922430810963,0
-70.12194647328006,19.359170444578684,0.3762847753989369,1
-96.90522733573162,31.30017319916789,0.10133797265815891,1
-54.62157313174279,33.4371322876802,0.832872138703159,1
-86.20675092721618,27.11732162793733,0.799753422373249,0
-53.07802404143187,2.263255354596434,0.5923454622078125,0
-96.2868713784654,21.504524657955734,0.17254396420567863,0
-69.87203268192212,19.160402374875574,0.24030204456190218,1
-48.16217821091376,37.31069161658197,0.8501160058845219,1
-52.563910656663985,5.32212043724015,0.6310801701584013,1
-55.95121925434491,1.0297842405211632,0.1468058962779223,1
-59.33957603736758,27.410202566273732,0.41348622921204903,1
-70.58814745590482,29.64493947727287,0.8149170497558506,1
-42.58170492215323,11.266956518442983,0.23226538700425248,1
-40.76816566706086,27.486589760151414,0.5244298935666307,1
-80.71025486610644,7.744043371857288,0.42693873560894446,0
-94.29704814613592,2.7589692840917435,0.969272483143582,0
-75.90030195943741,39.870598894848676,0.26007992387766643,1
-99.49114812865614,30.531013190816072,0.765771781682363,0
-93.06527161877989,29.78714117205528,0.2573651503480304,1
-87.44335914568295,18.09748896756208,0.7740134345875709,0
-97.83636667021574,15.322152231376256,0.4949328088175281,0
-84.55674545832312,3.0433812523639414,0.40182211293379333,0
-52.160725159090795,34.38338443029804,0.38539079839227686,1
-92.83309384427798,16.210183259121735,0.9084111515898425,0
-79.12799046435674,23.24791614826077,0.9914777131124267,0
-65.72995827665554,19.004377101556635,0.36236410505416994,1
-62.19088184353692,12.503017372931687,0.9315574085524431,0
-46.41273272066814,0.7055491613548392,0.07975603222692884,1
-52.190974700490294,6.580200034333532,0.6663407647195553,1
-54.93513037102773,38.13658948070805,0.722639498280656,1
-42.6626045771818,34.76300051595099,0.36615190210438453,1
-52.746664908206995,12.982907781668631,0.35452002333817767,1
-78.49556244987426,33.04850053812371,0.24592863569085588,0
-98.10512015842009,10.100663188600972,0.5802711814154545,0
-72.45258297618716,26.620217642440664,0.4319304805574695,1
-76.47639865507341,1.9284902500021328,0.9724335632058564,0
-82.45970637341804,30.741944280250163,0.7483656061519645,0
-68.5199494333857,33.0381827965372,0.3747302703158706,1
-85.78836381236272,36.809483027276656,0.09840789568616803,1
-63.95596486824145,15.684418320588275,0.8550117940548043,0
-69.4490330282847,18.832271783945934,0.9441237647790043,0
-76.60663186764346,28.854014351837268,0.4704928414354549,1
-42.424224276430316,0.2111608382275998,0.9468853479209106,0
-96.58520787229295,19.09565711919973,0.3423987668023477,0
-71.2120898346908,4.74978298359519,0.3194333123025451,1
-40.78646784771952,24.455327308292173,0.15536805878586213,1
-46.791643643162104,19.04378312029436,0.6033678092987276,1
-78.72924062929859,27.581325119511884,0.8912555139427539,0
-70.18122637239233,10.05710380216291,0.034038000556708026,1
-82.92498500370263,28.81431468859526,0.4911257793816506,1
-92.9073239293282,33.48766126499601,0.8910223883887488,0
-73.63706604592035,8.675092280889839,0.5475177600862162,0
-97.59812423204416,5.881098071928448,0.8501406182696114,0
-85.13537207902212,17.221968876838606,0.8538060273319311,1
-85.78851534609129,22.34313038647453,0.8889967771669279,0
-91.40206964485054,23.048987188822046,0.5915253374467603,0
-45.08432490735576,26.4622585085514,0.040860872531849,1
-46.80654626968785,13.023713479270263,0.1961131651802197,1
-78.5789620599639,21.400951248786846,0.4928852185678466,0
-82.29884747725627,6.6039871293933405,0.35052667728635345,1
-64.05124434473754,39.72872563817815,0.6931859844026248,0
-52.38187696825735,5.789279305229051,0.7840002267049322,0
-76.28592077446635,36.86626190828046,0.21521169786672956,1
-75.86028256456447,3.97623788096098,0.042258668826099965,1
-73.07622956792497,36.66499729748199,0.0306091292308609,1
-97.8494349149102,8.917668070731168,0.4781112574856057,0
-83.59055702553067,11.789308083949877,0.18937109219424042,0
-62.440626598055154,31.241103343470293,0.6961289233165548,1
-87.73467172658742,19.806317187456514,0.25239475050663684,1
-90.81397745179737,31.3078996864316,0.37910703099354126,1
-83.91236270115266,5.412303522210129,0.9174567268097961,0
-82.38437453399898,9.21837286370395,0.05459768563068801,1
-51.38740865803926,13.934065209500378,0.15570886045002275,1
-66.8137718553235,24.955048250989442,0.8568870177975284,0
-60.44033933414485,0.39020244832397744,0.022948441248526685,0
-60.032133720735416,32.29970534502164,0.8115562508039282,1
-74.47507151337717,37.76874695012123,0.08127376733040226,1
-68.11907480383289,28.662968653120142,0.3831525283432491,1
-72.00944421169942,32.1386581772905,0.9600286664292238,1
-71.55203949458978,39.0060687029217,0.7033262941678026,1
-91.87619129770255,0.4028572998493818,0.2567499212106208,0
-50.8634290881395,22.98659957315798,0.23244088015288566,1
-64.09404390005301,10.557946189306517,0.03904963892998459,1
-49.60628932874204,13.24589854352383,0.9916361161342838,1
-66.82029278153827,13.08278328910157,0.4106940565496169,1
-85.85372962156248,34.55451087097956,0.11612656292145418,1
-66.01476095142132,4.410531538833897,0.7684902291897654,0
-79.40429691517699,4.4354822761530865,0.9930491068749153,0
-40.199977711478965,37.00630096702457,0.27023370511312117,1
-90.26040271974226,3.209323024217534,0.3993402036535576,0
-47.10620800813707,3.00538086467089,0.30186474836936217,1
-92.12468207624376,5.931727141921144,0.21555120991051369,0
-52.78651711299834,5.955556562474054,0.6171322710019581,1
-81.31675379979731,20.634336467097537,0.14513473504166674,1
-53.45253481377457,7.892126546472666,0.06167691665277597,1
-69.46511904520194,12.756051013140478,0.9352042539331669,0
-73.95786305462104,10.166046544849564,0.7034491366000208,0
-92.35415434368768,3.1846035964045827,0.39332856921065973,0
-58.637172779791115,24.629393785617978,0.2818587978562468,1
-92.50457924166142,34.50369768683656,0.6085623868984944,0
-88.86053826295777,33.50490871621327,0.9606436186964789,0
-60.129259591037055,1.72238405801596,0.08126531930817693,0
-63.980416478936995,7.417202878412947,0.7212523981003085,0
-46.028189789289904,26.36790688807323,0.6714557453352885,1
-93.36469534023337,9.533307226911756,0.511212974238124,0
-74.53079395104939,28.391536680972106,0.04687443819303394,1
-77.14092496588552,21.996892795866923,0.5727360996851971,0
-43.432554152340266,27.726059283049945,0.5875434215105529,1
-59.680927740523515,23.049590930033833,0.07157948608091036,1
-99.79108457892329,20.312165656003515,0.8017750314970088,0
-45.499259467504224,29.92733022869769,0.35037993461755135,1
-42.640943839587905,36.04447318844518,0.6926788469336094,1
-48.02345359504166,33.19387936093328,0.34476510347324474,1
-92.89605500927988,8.811455521625863,0.8112338141115121,0
-56.79157314602156,1.4238648896425543,0.9931628272416998,0
-70.55758033872874,0.26191434411306336,0.32563532541352613,1
-60.760768014932985,39.846595510317,0.06361171092904727,1
-97.90969898320506,8.482714920314706,0.07945410495105387,0
-87.57876750851128,27.28059906749403,0.5614158049480726,1
-86.65928913317406,37.563824491288635,0.4740317796966418,1
-95.58328637101718,23.824163227955655,0.5093872057389439,0
-84.32139307261822,16.703032158147288,0.6236584869693589,0
-57.31742777485103,3.1633920920896275,0.5830480131208223,0
-73.07879688449225,29.783588374122306,0.6215075241996674,0
-83.67728864933983,38.62481338420339,0.5303710263085386,1
-40.05371617154568,15.691533463967314,0.39651318539867697,1
-77.39595952750742,32.27675920243626,0.49379860736564285,1
-48.37422103909097,0.005549120103784944,0.7629416326804225,1
-40.802275188206195,9.645625450637088,0.5242509809003395,1
-47.48549144728144,11.992241374227092,0.9573279739452215,1
-97.28961298063442,3.8327006515622575,0.5372022704059036,0
-44.05515618128005,32.201360588262574,0.21007540337307595,1
-72.52615781491687,13.501549285246949,0.23854778842808722,1
-49.54333196207323,31.693105295272105,0.13842917868860172,1
-58.004669791741144,19.275205487706884,0.453345166395847,1
-52.03872549657167,8.05379280251124,0.2864325450561136,1
-86.69572074177407,5.767523393775242,0.9760599938274767,0
-70.07098248811089,5.325233400033418,0.7994464661940718,0
-74.98524779687533,32.32719923737926,0.3991872293316061,1
-74.79252982065263,12.009583555079457,0.4076549904534248,0
-88.63052336876706,32.32792877557579,0.692719538060294,0
-80.97213916976801,38.27035620366158,0.7454567087109185,0
-65.58155987225746,27.214286113530935,0.6740742573635015,0
-97.3461152031738,37.090465055944286,0.6592377432486483,0
-59.22736868295361,1.7993569149117317,0.6440947066367213,0
-92.00433133413814,12.309235136537179,0.24015771071634417,0
-58.96931893995541,38.46157850229014,0.5841384776516181,1
-59.744718366762314,5.306845241322611,0.6614858292733857,1
-75.72228265362791,14.850893914697853,0.26726486289761686,0
-64.64273778012232,32.75625668910953,0.5955857504622238,1
-84.59944647146995,3.932798955800627,0.5228565749096498,1
-70.1201025524106,18.44748510383381,0.7204143021995975,0
-78.62181491390137,9.249850684794945,0.6518790569306813,1
-65.39492845631173,8.836360457313921,0.7678867222137534,0
-52.37206134101423,7.616331907314895,0.3869923789307469,1
-92.57477178097932,28.86717331342188,0.2161715481351879,1
-88.67326612818007,20.694374744102547,0.9267387746792286,0
-99.92601624928551,5.911308880689967,0.24207620431064603,0
-90.63008658770408,11.92009457795936,0.894955950354201,0
-85.25425202055575,22.393184116915048,0.46436955517081424,0
-50.869366903453525,7.6831811157105045,0.04950027723744077,1
-45.57482038542949,31.183171821765015,0.35205082145602873,1
-62.16120844298079,36.825333158455365,0.39150386270108717,1
-86.9162782977807,6.206436753361575,0.05109263267571951,0
-98.34014914562128,20.272567798589144,0.26754000349008245,0
-90.54894184667884,29.911607252337742,0.7592963775776151,0
-50.176698539469704,3.5139678164271304,0.9610288653084844,0
-71.52819464872655,38.71180739536153,0.374519126577908,1
-96.9427613166308,38.22228151278586,0.47742761803004163,1
-80.21287722690985,10.886188168275375,0.869491390930578,0
-45.259724238961766,12.806577533062068,0.8156743305573905,1
-86.89532001282724,26.935524272981823,0.2610402583623035,0
-41.74691628725573,13.25194631085219,0.680271412878036,1
-40.92930680254081,6.337118231687109,0.5772790934431694,1
-94.37153055953651,27.708315375306675,0.2830013653327904,1
-47.96181756992912,16.319031220229974,0.6879860178186781,1
-87.13821701430624,22.34662149045342,0.627017542081124,0
-86.04686425341619,36.69691220554861,0.30823964231984524,1
-83.4445694775512,9.42861020533619,0.6009613117511647,0
-84.82072731346673,3.3318441243320773,0.03950184724272909,0
-93.2628262119857,23.288743501816867,0.09621295528865526,0
-65.685860381991,32.8748917960103,0.5680222812480874,1
-95.69337441635388,17.062677146148495,0.45298848315948936,0
-68.11941368378164,28.042406024749987,0.19858731279094932,1
-68.41239456189918,36.566962125945736,0.6050355883674707,1
-46.37541227702368,25.615412604602213,0.26489170777073967,1
-62.659303835446195,14.252522776293727,0.3420380955791774,0
-97.21491545252165,0.3096901000154073,0.8593408451892602,0
-52.254712792791516,18.882893954061288,0.9183871601592488,0
-90.04558792740798,20.644547398259366,0.2872990653055132,0
-91.06133054922873,32.92494074541989,0.7712418212855146,0
-51.92096042704827,27.398432129009215,0.3300227668923007,1
-57.87986913337772,7.0419017822134755,0.08508901473569708,1
-91.61218011234055,26.698208098431305,0.7260783562763257,0
-79.1823984779482,12.773383149502887,0.25827104536795065,1
-47.86902453867905,39.174518203579545,0.49620461500310076,1
-81.54229087455218,14.648355456741058,0.5258347946478075,0
-57.616727211309474,21.596143196467494,0.5042448519679028,0
-66.21186738489342,27.690860515710447,0.3170185667719644,1
-83.31555761679863,33.780940091520364,0.27133691699774143,1
-51.06983464447259,23.6445098904532,0.6358640101017454,1
-48.797832439458,35.595712830114806,0.012612160254789395,1
-86.69905058664754,7.802618843079787,0.3563862987307803,0
-78.71238356563707,29.805567339296775,0.7277427021123304,1
-75.2844444014873,25.66047412365682,0.33843278669475396,1
-66.26975597574567,16.293713341041773,0.4884058991988519,1
-62.15342362537458,21.1815350885955,0.8943644258561131,0
-56.3294020618769,24.265375197771263,0.44729561028910714,1
-47.87189864838679,34.93886595248505,0.5267591055714446,1
-66.69938524360569,12.485162315712612,0.6722117164987392,0
-43.75838070527293,8.453331522503413,0.7739817137139872,1
-60.812519946763544,21.07913270671224,0.9260706531449167,0
-86.34706787083071,23.83903964986279,0.0845938161773091,0
-53.24380338551195,37.94234290341768,0.8239309569441101,1
-49.10346711974251,31.105481950424704,0.5292029623166653,1
-57.16835889615595,3.188441397011954,0.3539890441372635,1
-73.42547012075022,0.12447799679309757,0.690719789392185,0
-43.372097913777324,6.125383294184865,0.8854787601361055,0
-50.97382898003488,29.254733382475067,0.1440480659287423,1
-68.35254219564646,19.71804915276177,0.008824723287918057,1
-58.486894437645816,25.500449638024406,0.48781735137969484,1
-41.7581185363058,9.648793630652381,0.46057265076275145,0
-79.23994796571914,20.204284837110762,0.4419289986245538,1
-94.50640993776587,24.10455447316599,0.8540132724606517,0
-89.53048347855524,18.418986847660975,0.2737472878801044,0
-41.39977799163604,9.771555139915694,0.21737367722388667,1
-72.05455357856471,17.140029691806987,0.6904897612474514,1
-51.99531584850833,36.733294727970645,0.16812710675090792,1
-98.79133171020386,13.758288605684994,0.4485969622367685,0
-59.19714102584377,11.07440569240759,0.29145659731976825,1
-80.77726242175117,9.125323474601931,0.296960527074677,0
-94.34283679071957,38.73237090852238,0.27839828398754374,1
-85.2114488149944,11.377117831390144,0.9521753257609741,0
-79.49774228255346,16.29738724415576,0.9685412333413986,0
-45.45693881210296,8.053511940749672,0.35504625785099453,1
-54.03799560397522,24.830596906453344,0.6753780877832758,1
-77.32974134843056,12.218682260852173,0.010371590500981687,0
-90.07242181629303,17.25674296301704,0.17759677210163827,0
-66.37756624192761,16.69477032916756,0.772044663157639,0
-48.25129798099129,16.942049335786066,0.7893540971964982,1
-61.65836738411957,27.652149159161365,0.20560054961989183,1
-49.76790703974416,2.768811599639256,0.864197367498,0
-52.56103223794856,5.322720445975047,0.5767931852406553,1
-86.0652305204518,10.14512750824522,0.539783977553516,0
-61.702778565247385,21.382757362661096,0.5680481793503502,1
-61.221026432264125,18.255293673640594,0.8687805822706589,1
-53.55855484045377,6.226669017597972,0.6318753027581425,0
-62.69222837199883,15.976018186697436,0.6060147105959394,0
-69.65597876893867,21.449322249367405,0.9583127893897772,0
-78.0306179318548,1.5063351834984129,0.21252906733360344,0
-89.09622593128444,2.0384391261897283,0.5691237248956384,0
-70.40530751532296,5.315460804444894,0.48025446042922837,0
-42.48908236147286,31.72687866302162,0.7932747126227417,1
-87.8032466386656,32.19725075081635,0.0601767207184668,0
-70.94718914319614,23.890021229943038,0.9325262096435154,0
-97.05294137499759,25.239882758768818,0.8138602141978637,0
-90.58207413106925,26.05606016081978,0.5079062234740835,1
-85.45102881830003,1.5563552128497493,0.6639850757895018,0
-47.35138112654443,23.080333251654967,0.10766949591096575,1
-98.3611529757249,4.91242468262,0.7870671728254878,0
-59.019102613060134,8.175239179284057,0.05925878012965646,1
-55.10092414578601,3.1880649259153104,0.35818753573201156,0
-91.91847850459916,38.57755910387816,0.34617702727901434,1
-81.08636522538046,12.25586659511153,0.9035311268689471,0
-59.142024048718504,6.267366757146089,0.6808635360248185,0
-62.22900571579375,12.776004715163204,0.4561957155161831,0
-41.13328386278351,12.53881615146707,0.5253952725659546,1
-89.98773282949449,14.047536411751572,0.9708385648782609,0
-67.79029592787114,32.51651196829748,0.32691244375638995,1
-89.52151174384883,28.440398970105157,0.626012647075664,0
-83.71363494613742,33.16027278107444,0.37127686251987224,1
-76.25269124705835,6.76974618738992,0.4837495717563661,0
-68.68119315291696,34.57031280683103,0.8767800924673723,1
-45.08336766840108,8.765837198946688,0.5870668495195539,1
-90.76218504534242,3.4246429124971245,0.5968705065605006,0
-72.48636145249061,30.523022564533754,0.12941910571057091,1
-73.50263281829017,36.854258332577274,0.5870790764308386,1
-75.52231417836609,26.304641748539638,0.7363903265498717,0
-67.42754271428112,5.594159603921636,0.49178664878324607,0
-81.13360118774423,18.399230326396957,0.8293831064827735,0
-74.97682699623113,16.360176751738564,0.9080100046745591,0
-81.0260373888259,26.089774736615805,0.06635707924046197,1
-96.70390064813985,32.01862400386072,0.7180498447070561,0
-55.022882864627945,39.98705449655904,0.5528797196185603,1
-64.12863800762779,0.017115401091025717,0.8435270991516364,0
-93.15375572898176,10.436745174092943,0.5794288823597189,0
-81.25673126787777,23.81133205589019,0.9903410792082092,0
-51.04413626804503,2.5262668558912393,0.8045332612618177,0
-55.07129188694632,11.575866901102746,0.5100649357911144,0
-95.78133168613267,31.724688749292916,0.8831849569259246,0
-89.4158635087351,4.088372323908138,0.08282958082941716,0
-47.83257260591866,21.27954550982109,0.8775951341593583,1
-73.8947349490694,9.505884752861853,0.4166419881696136,0
-50.61236095502881,17.8342568940818,0.370272601530683,1
-66.74286485641431,5.803030879811248,0.29617464453632225,0
-52.91667874891892,38.29783448275825,0.06095619727505397,1
-69.23607614199332,10.592329097669397,0.6286487747909293,0
-83.54621065657776,38.98289651070644,0.8568367914563949,0
-75.61678831359578,25.40672651386897,0.5690708093124169,0
-79.95332398247467,20.16277255057951,0.6221115757568613,0
-66.95010009818401,21.889529802099823,0.5858753657357503,1
-99.70090208233162,25.52093620461708,0.6944963327286846,0
-92.66262776783088,0.1659499415213439,0.5325598727508193,0
-51.35408698106477,38.633621505728065,0.9206750053048087,0
-89.75839930281352,14.940315895359436,0.2179469490539656,0
-52.51291073154266,29.554705752145125,0.6021449619609384,1
-64.73068422585825,27.158306825415735,0.45637311972883265,1
-73.53748721947639,1.722966507599737,0.786360559119386,0
-92.77109175165293,18.96079297811751,0.23222149863764963,0
-93.92803324439352,12.227655792675428,0.28439380366328293,0
-48.325477335890106,37.28348281143574,0.6629866540181191,1
-93.66272670934744,9.297727277654314,0.6638019433013462,0
-74.95819302518578,12.764135936760761,0.9964638287250347,0
-88.02327452590835,30.10386658017278,0.04941995221112272,1
-85.90430922696795,37.313666197872756,0.1327605987525241,1
-79.45577939136228,20.13549919439127,0.41183702557541035,0
-70.12408883266674,5.042111529990634,0.0184865658365293,1
-43.75940071962824,28.760095521477123,0.7927200127848221,1
-63.08862770018896,4.305909622721562,0.7563720829415871,0
-65.4787827810901,32.51824693650493,0.7348926796556742,0
-91.57962417616524,4.6021956281224385,0.47304476560584907,0
-77.46364167227786,3.508677019772102,0.7241770126780841,0
-74.29727104044773,3.67048340624621,0.08178705278404341,0
-63.08619696788247,25.59429238839115,0.059097940726564824,1
-64.01827859704058,36.980074609872716,0.11921215402254992,1
-86.83159424631455,32.24009182494733,0.2612549048595708,1
-77.85143906903389,8.485117594558531,0.42510224050295986,1
-43.0089172050482,24.72614069574583,0.6288732786103199,1
-95.49163552406822,35.452669355350956,0.8182795286328284,0
-66.64183431829309,14.84575892831911,0.2571191158068642,1
-72.80283550191083,14.83933167646831,0.40164509489648637,0
-98.42791094873242,26.878434451368353,0.9266247147101122,0
-59.23088690451377,8.647420639654309,0.7111452244137969,0
-91.19540600754085,29.777469367728862,0.4980240909192686,0
-59.58126780302709,6.355030088820284,0.24991369269846664,1
-41.62569398731824,6.902912734629569,0.3375237089343711,1
-80.37773846479713,31.869575298108472,0.6087425549317411,1
-46.71647829910782,35.69553459896707,0.9007269413500261,1
-59.924606171911535,5.314677982018479,0.07793859160872607,0
-68.60992235533723,17.219760975037012,0.06495426864738252,1
-80.38065314198266,22.554066641035906,0.4016580982440886,1
-87.09545151061995,28.957531354987232,0.7429189344754434,0
-53.27537716827561,33.546077616377104,0.7134159572853673,1
-97.88296003493792,18.21135350725323,0.5097758711677407,0
-68.4943122486292,7.348854993018565,0.7170583873688253,0
-92.53537667640856,25.764617913219958,0.40018456465651553,0
-93.37507250304868,22.093700409701206,0.2233195252878728,1
-80.97166643063707,22.54431724171176,0.9652702483565516,0
-66.708851836511,20.037282439175893,0.5572209274377481,1
-80.79034186642784,5.587788443380206,0.9006603387812747,0
-97.76138245582435,4.489580453865778,0.6891093833740947,0
-87.14874241374982,10.018193419000298,0.46235029437416086,0
-80.71041981676876,33.64176451834594,0.355109453422364,0
-84.30070506202335,22.298416532560132,0.39168397002754074,1
-80.32714475321296,38.943272404563224,0.7306364856950489,1
-88.59634680351213,18.954043300197675,0.2376713146082522,0
-77.03301023318465,32.59647274301311,0.5525910174534522,1
-86.35654326262909,31.600849860397414,0.6461183304008409,0
-83.932496827297,4.051147900223273,0.41519262217852526,0
-82.40359039549332,25.036174853949788,0.12769050370148716,1
-95.88274857346846,30.068839311819836,0.13276198611356937,0
-71.80060405998684,31.942893904686223,0.18077832634070712,1
-96.1616474555036,19.08324301730392,0.4571965577409981,0
-45.39461955218806,0.2523256520068351,0.8888864619212768,0
-44.896227316582014,7.584997044536008,0.3538094786834879,0
-73.67069789188308,28.07382320043534,0.8573874727249484,0
-45.23968988466783,28.997905010391655,0.8944530543484964,1
-53.638418607768735,7.931418703494577,0.9908928943493016,0
-91.92686749521117,28.261600467410013,0.7966862038462046,0
-49.378866147882825,25.0216094616216,0.35600678082132087,1
-91.15992397386736,16.755130224942327,0.8825858199757176,0
-79.32102807575396,38.76234591326294,0.463810813871685,0
-45.41214540894733,24.960327020613015,0.6269020223972015,1
-60.22814723418505,15.453857414312079,0.846459136302377,1
-98.49758781968899,25.09874902174672,0.07780256356153148,0
-48.41918192548078,29.837761297087518,0.6083456886527215,1
-82.28118955931495,21.50649295585474,0.18951880200126514,0
-41.12897366855089,32.43894034107381,0.6497815598706269,1
-65.31896705154747,2.8315190359517395,0.41892076241839915,0
-52.41523403829873,17.21707533611386,0.6203401109769552,1
-69.46395089491875,2.671991897143875,0.9186653208545534,0
-68.34181836373108,6.659629642534486,0.8546002754349399,0
-75.2276910660911,8.644978705820616,0.38880568273806215,0
-59.51123485564782,16.756571821794438,0.5065962676385123,1
-98.04445340517913,32.659359285780894,0.1684508775454937,0
-49.13562982711515,2.455611972187355,0.5476997407549181,0
-95.9813192120806,10.81380905350834,0.28575972056892474,0
-57.56396834827955,28.42172117164518,0.13584484321276513,1
-70.56042307260361,14.388705209017779,0.6503383498354085,0
-63.02809162225643,37.946740838881645,0.9268501212942818,1
-98.76194271804715,25.19303518633636,0.8127315716288958,0
-51.28070790936731,22.87056015354859,0.3274086598919538,1
-54.15543679472257,27.375277179121845,0.3627350076086101,1
-85.58642343105981,35.870966107415036,0.7795860037807356,0
-68.17602763488978,27.174818420255342,0.061114573360340096,1
-59.091943435492226,8.812908555315246,0.3030311510591652,0
-72.49742253030925,30.378467448988946,0.671247576016628,1
-78.39681235035232,16.506050111823143,0.5448988140728518,0
-48.70329228216801,29.29036599005881,0.11643069661621785,1
-93.65499175230916,25.69050387254911,0.3119861845396352,1
-47.29703554450118,17.579044151595355,0.337122861251427,1
-77.23215521638426,35.56210750659262,0.07395071994643443,1
-83.25941179515242,1.3132848683314613,0.1736241053551011,0
-71.23497551164652,4.594937708720059,0.48291359903654185,0
-93.82582154658185,13.979585480506262,0.6494248406283282,0
-91.48504461933251,17.20415269192147,0.2666606752809999,0
-86.20311893088206,11.025227232625774,0.8267931341731571,0
-59.00340312892352,2.9346230040421295,0.5950390920978107,0
-50.544459402713585,13.359006875772522,0.42782488098102434,1
-44.997976554282104,6.419630413412523,0.8277090099936996,0
-81.0123914550852,33.831218037983916,0.3882221803602379,1
-64.98155950991145,6.937975803511174,0.1665333185732718,0
-89.6878381461189,17.711513315565664,0.7327990975585487,0
-66.22106547601737,11.269602736525574,0.34080562361933864,1
-78.11930257727222,13.981153446959613,0.5024905032420078,0
-98.5814128892659,2.470880968199096,0.8439738288816862,0
-66.67682490522031,4.547886913539139,0.8112188057922503,0
-47.64809505109011,7.434339356731474,0.7358886290051275,1
-48.6636723641833,34.98466746042874,0.05735775594444359,1
-98.11650280480615,19.128585166784852,0.34050540821988384,0
-88.63171845494286,18.479004386842853,0.08008384810057734,0
-96.31883275955053,19.145559793588298,0.3142585242717676,0
-74.06048224785351,17.7847114810298,0.26702104098180834,0
-64.68917340252244,12.327773255581477,0.04475537984609057,1
-93.89284067505895,23.02186348828173,0.31144929248993436,0
-84.1170869386356,8.269326328799362,0.4032754742471274,0
-82.46589363207912,7.227377072886885,0.33592123982114297,0
-71.69250955636917,13.481230463176308,0.7786776431687339,0
-99.81633370815442,26.045997561806274,0.766588106575655,0
-44.321763510050545,1.3105907955924279,0.3522942345726152,1
-45.52902988224851,18.40030203622714,0.9665163592921466,1
-95.85160329956432,17.541889797513942,0.7953869135188011,0
-72.29092531301511,35.17664348211835,0.691241469719319,0
-58.01344332465603,28.223191813791495,0.6525321714757648,1
-49.86921775414034,20.454831071028195,0.8714610305179982,1
-60.66879549331463,6.702796022162216,0.4739354200465775,1
-71.79894864936219,20.86735528643077,0.3180283555410498,0
-62.43925114353657,29.434890221314628,0.5644003439964344,0
-70.88235421912148,11.009493657302807,0.651825320747677,0
-48.968747264718544,18.415486761797986,0.018916153124802215,1
-43.887874516256254,14.288406965322661,0.9562824130770875,0
-90.59749262286351,0.18189798142931757,0.3234139394049975,0
-95.80968445038981,37.63768832484222,0.7141238194439009,0
-75.17546050086058,9.668185495900715,0.2568587128420151,0
-74.44047408557847,33.97011275833971,0.16506583217874005,1
-81.89287397526331,2.9672600447589215,0.5548940954632772,0
-97.79726874517301,20.60965706688571,0.5455864156531004,0
-56.948828039462995,10.027730017292015,0.8396749208859989,0
-71.8026435827596,20.53840116971026,0.08106178294491917,0
-80.92053418287703,13.055156238384015,0.9937871197592297,0
-66.69746289684713,7.222983504209801,0.39384694088908356,0
-79.94044826535234,23.535731211699947,0.06979943529860733,1
-48.5961567938816,0.996109615493781,0.7234573415608888,0
-95.97065933590163,28.672597863548695,0.38724179538824255,0
-89.51086350251708,30.477375777536952,0.30420760346882436,0
-64.37687757960816,12.99528520538351,0.8336481558697844,1
-41.33512794140224,2.0303983418422566,0.6669216737652865,0
-92.56682781797038,39.822600563391475,0.24908004471439626,1
-97.15159015401434,34.14797851725794,0.11227884844456903,1
-74.10885977875873,38.48470274612657,0.19827993764007457,1
-66.95446646780837,35.42523185169291,0.616299874082272,1
-99.54957803200001,4.2076356413647575,0.06960808253967021,0
-85.10234512688244,38.26873793361171,0.8249079200003782,0
-53.25168907938336,32.70265672940987,0.39368553728577704,1
-60.37502926350414,33.41130387872174,0.07602078522907918,0
-69.61160137009725,6.167025512248392,0.3037593760179732,0
-56.99721950936619,21.975931224893298,0.17254236110269583,1
-55.18854261181807,29.71611307844696,0.44446223164570775,1
-78.44773616393574,22.104278470008637,0.02118211237569867,1
-50.68715675368826,10.661272068779342,0.5743947714364824,1
-85.37819474603639,20.38355144169444,0.9512143447651514,0
-50.70321177931579,4.032675415836442,0.6931354374073118,0
-85.61136734177323,16.03740430903607,0.05077492993429655,1
-55.32521442891799,21.605445981688426,0.9939271935459834,1
-61.03644297353556,21.251299377438283,0.7161229137563877,1
-91.01864653131216,29.341934786869412,0.6088504035640236,0
-92.1334784184268,12.91979885156264,0.46144900698435654,0
-70.41570350114978,0.15396708494860523,0.2239851017409723,1
-99.10254664396395,34.81967905661925,0.7216784266931019,0
-70.576094964422,24.636031767268797,0.7098197882615662,0
-57.18480340555496,20.6312736305403,0.9040438607690583,0
-72.94451516104033,24.21816294929708,0.9778921584086429,0
-83.39180275653717,11.634675169919063,0.15982755992957176,0
-70.99188091913815,34.515174750937526,0.36624207733402425,1
-74.23335486869769,22.673708449377735,0.8255405656783968,1
-50.54566323399242,10.196067861661966,0.8538978152281418,1
-64.40754562991793,1.3101259849621627,0.3066584614929292,1
-64.08936191910495,4.047331037862634,0.6729448577895311,0
-61.9459339619963,18.081071209070487,0.18800661598329638,0
-50.23428310703582,32.33822269194701,0.8271516748585387,1
-90.25779376922227,33.785439074933926,0.22647663987498357,0
-73.12586612453393,0.46157498759684223,0.8683657631544861,0
-77.63785952159594,36.35740187129151,0.9892125642413263,0
-61.58972511350503,18.437285972921472,0.5871545025491073,1
-44.50225163758327,31.671308662366847,0.03319848987884211,1
-43.73767404784123,2.2876317420200465,0.5194520716756257,1
-48.46102836653717,27.288913470538652,0.761692239212484,1
-87.89089038621728,12.439812713866143,0.5313806795152562,0
-42.63720042864225,30.924913980090054,0.387837780466568,1
-46.40296081756107,6.623001790060905,0.012802245626596931,1
-75.82722348954222,20.755024856011836,0.1910265532824853,1
-43.08127007724154,7.876564955932119,0.023142085129993828,1
-57.88709677512452,27.031637477081848,0.7913176694536158,1
-96.56510982450102,30.722853821592008,0.6534331881297528,0
-81.16919367330121,15.760974791277382,0.06682815899485983,1
-42.27125682322032,28.96041353045503,0.8589073020435194,0
-87.00126786613984,28.149998909502973,0.32546656673426055,0
-99.66992955761208,17.261942881602863,0.7194776757376607,0
-79.51729034912843,27.31226526781866,0.784147672357275,1
-74.77241342495341,39.494973975674405,0.937518319351549,0
-65.6702018111525,32.960074057452225,0.9528964936592873,1
-92.80725196259961,8.272170580568785,0.8003637252120158,0
-71.90076791834014,1.8236874071248899,0.11489609739412643,0
-95.1970429812289,19.247569713403585,0.1572176388716241,1
-56.379345642318675,5.289820072209714,0.1456733170595318,1
-59.787804678918704,5.519091205464588,0.13874263854506041,1
-92.1306898489174,38.47767529034159,0.6270239727788172,0
-57.01979199222382,18.179237621403594,0.2519010904888296,1
-74.25089260725025,39.51300645759879,0.659015799514345,1
-71.42292741497914,10.891962479386779,0.8749600910444348,0
-80.81361346716986,21.73057685863682,0.37715745475010587,0
-59.25319800567593,11.798171000976293,0.3688621304660663,1
-87.90790147645701,19.823968885014985,0.055514959730845526,0
-83.77179523705126,6.043706390688652,0.4270103955232617,0
-70.20647097738303,29.632022764661386,0.4760042247396308,1
-44.959739646899436,27.91195167714011,0.2879369388231875,1
-90.77588323066948,21.93533759226507,0.011419376782196622,1
-96.34249996612864,25.49780507609789,0.9029797502095644,0
-91.09366060479653,38.15766255301222,0.09400626715564664,1
-60.02928087309864,19.753636446666455,0.21817119912208205,1
-93.35654448396674,30.747765647099925,0.30331496917665257,0
-44.39977071512308,6.35729530133192,0.31901496496016735,0
-51.93543204352945,20.096423316589572,0.07239342507992508,1
-85.3858866516666,29.357947772607314,0.5904775788315563,0
-63.932732967047436,29.713164760883302,0.7293997888892941,1
-73.75332397000498,31.55055180246157,0.1896654943400521,1
-87.72575483761733,20.496911943148845,0.9338692769190213,0
-40.62328394248811,7.475693236208585,0.6703752446109564,1
-50.67236356575359,10.881988292010751,0.7215826399764351,0
-44.110063631518436,6.316624208944113,0.8750554252589309,1
-57.67561807095924,11.847837187918074,0.23244314242534525,1
-64.08019165253899,15.95749385882927,0.21827060738756543,1
-45.80032768215682,0.028150732707521442,0.5188125526077411,1
-41.36843620513856,18.695113634802706,0.8711260730281577,1
-49.28874235054054,3.418298355852185,0.7863334076687358,0
-43.171511991026826,27.968501531301172,0.9648211820929699,1
-86.45329380521738,30.559839261170136,0.9928765973025158,0
-48.901029859932045,39.67883118243953,0.6696894587848181,1
-98.69011650125131,31.186261944587876,0.04133609717302522,0
-93.31689358857601,34.9300373053894,0.6934439041274539,0
-54.64733615044715,16.057044198767084,0.47116341859061095,1
-79.18781172790978,10.256168098938915,0.8341008569008981,1
-63.90649285263906,8.587140972585532,0.6719625164500589,0
-99.86448528399954,37.17231269360678,0.8029798030313146,0
-77.79701436798038,13.035714355338875,0.7073361674021021,0
-60.06476997260467,6.232382371841254,0.7276875712158745,0
-47.48233098094909,33.79990334652498,0.8947248522773872,1
-71.88146461951625,27.298753139552364,0.9511181407938475,0
-95.45883907022457,34.66978492176361,0.7822844174755097,0
-49.892452535155975,18.14333582729194,0.8548130491311726,0
-62.939832366781665,30.21127448145537,0.8023095401508884,1
-68.49470182196433,20.274532207898545,0.6812916984101965,0
-98.22208684141654,19.701959798488232,0.759780767128151,0
-53.534929933073016,37.82564367203648,0.11178474380562409,1
-61.06918396038335,35.92537124718205,0.15579683749161743,1
-90.29305253246406,11.724130128387626,0.03709457025428775,1
-46.183432490001564,18.1380145879525,0.9267015862808872,1
-52.47604749452216,19.987905896838992,0.7323501828887721,1
-67.09613583791692,3.1128694974939375,0.8614498641369286,1
-68.28388697860126,15.990744324000001,0.9040731702349574,0
-52.26848793455401,5.28783301306877,0.10883396782726584,1
-68.139659976295,18.073255212602433,0.43584781340251244,0
-93.78938390139649,28.92655596424644,0.348556188891775,0
-61.74346118625701,23.845882064000804,0.5655014442179351,1
-86.66026434488322,8.216480406527404,0.894102126503568,0
-86.48215967306,33.46642233871124,0.8150680393278279,0
-77.57691982705892,18.549337093049584,0.4411965758127785,0
-69.99782710374163,20.93792433948981,0.14323167181731755,1
-71.14537430199529,34.68667107276111,0.6775672569863848,1
-60.67870491309123,19.33444696926394,0.3956981605822574,1
-51.885589990555104,34.65407134098254,0.0012481361240375133,1
-66.95273462015587,2.246446267838209,0.07294248652691371,0
-89.17400612351064,5.88171273903944,0.5449489899563384,0
-91.44572306037317,16.428184646126734,0.43492166234706764,0
-49.711806710181754,29.303832034774892,0.480446396959188,1
-48.974128930818026,3.840971893320342,0.8469929533417427,0
-66.7975976965187,26.66179964680794,0.49345912745033327,1
-99.4444130907326,39.35741028039817,0.8501534755757484,1
-68.82702411341836,24.01371533921533,0.23316456940973707,1
-60.791118633285365,8.00359025812555,0.38041876936157326,0
-70.56352506928769,13.651654124471001,0.6675376891583021,0
-69.32378563383799,34.01815720553594,0.7317547562604438,1
-60.26387177012282,0.3721493491029504,0.4233160077000502,1
-75.20601952446557,8.222069314327971,0.9822332506670894,0
-95.60524082994692,7.596216243770986,0.12295830872485658,0
-78.53904210844155,17.29031881216722,0.8787799554947897,0
-43.067574571052475,33.47667436753168,0.2329853682400589,1
-77.5805362675774,4.397460910721467,0.8915900056444146,0
-82.4472199596874,1.9052391087710285,0.33111220244859374,0
-68.75965585170773,19.174190888045395,0.7249084783746015,0
-75.0643481438976,14.137897544884272,0.11548327401615865,1
-97.66476815280559,9.369150653281789,0.3669690899599911,0
-80.09124248453772,10.59196130878021,0.7180756703644846,0
-79.6169767502754,24.198018121156682,0.507794405341102,0
-52.31496649494569,3.6392135385355484,0.33651360838007816,1
-97.47409012922381,5.118230206148611,0.19698554093810094,0
-62.53826529296638,1.8661896319517046,0.0908656977040394,1
-58.35601424756449,37.80276463448264,0.06266721171620859,1
-52.11415385090002,0.5584446589437553,0.9011273487841422,0
-70.23971382853937,20.920183111298915,0.9572481210641864,0
-88.84153480745745,20.89099040638088,0.8324988627516464,0
-83.12719638443926,32.41852337036494,0.9861942369240754,0
-79.63448506279951,18.097114457007425,0.9826743457331127,0
-67.82136268450252,5.296210568344328,0.0998023760736213,1
-93.9429280421132,9.241306789039495,0.5444617423281499,0
-46.25967491744544,3.2974097269630764,0.16638202826244386,1
-87.12566228692256,4.547539811383001,0.7424665705067429,0
-57.50893079445296,28.841197973594923,0.15312873626657098,1
-87.11558443076731,37.39989912432371,0.22754801267551994,1
-81.05413132923454,19.79668380784635,0.720821412620069,0
-43.99635636029634,20.944460047412793,0.6379306946287177,0
-49.2725260770743,6.84702689651584,0.7901119401299629,0
-86.18198819445405,0.42651252672500917,0.5940539928833809,0
-65.4758119997957,18.892233642473858,0.5720214353158932,1
-77.26393531147167,34.375567364994694,0.42635825288730755,1
-66.99237713092212,0.9237257003132759,0.9486383762391226,0
-42.52481003387589,34.5389501571017,0.39683783977889886,1
-50.69361643760797,2.1801865896070716,0.11648623003172398,1
-93.71164600710654,4.255171637858277,0.5991769205849541,0
-85.01585686684658,9.465713388328915,0.865247769550264,0
-89.80356451833596,14.550388734290426,0.21452511003494001,0
-54.362366073333014,34.49409157672988,0.9719536161093161,1
-46.93011111372995,18.426713904060534,0.9484019252124999,0
-65.56580238568986,33.948477667192456,0.057573327743076885,1
-87.11083811647028,9.900656057606806,0.7213381564393048,0
-86.54593910324635,7.4802855435010285,0.3057978902511037,1
-62.587217821435246,29.258622413075052,0.8217835624318744,1
-84.53149541785874,29.199822803880615,0.29663499181604847,1
-70.50337994215273,2.226382957034696,0.8279607725237146,0
-48.673978621779774,12.141412817480601,0.7680035464889156,1
-99.00521188614658,36.28718844582694,0.4507811710667585,0
-83.85216995663166,27.45000040799826,0.31390510944779226,1
-77.74526070749985,27.64444284312956,0.5491273968329363,1
-52.41970126242217,19.21523033803989,0.2730121518966596,1
-82.7106631490523,32.33376511736698,0.3488963455073748,1
-43.79121096797325,13.596384088405888,0.5736447009236711,1
-44.03710761008766,27.878707239266184,0.3676726485805182,1
-53.06296458978644,12.62660015558685,0.6754731132711129,1
-95.72533135800454,0.7743249963243937,0.18024872444999573,0
-63.9982334954231,32.86833059167222,0.7820620384564173,1
-93.87742009152196,10.148458636425355,0.40044873243922674,0
-42.143041077753516,29.624468153709334,0.021523522372627113,1
-77.0874752698706,6.216785683623831,0.19705680460013542,0
-84.32210793855016,13.88892520106809,0.5396487321979001,0
-89.97770755352282,19.458671279576706,0.8329513206355549,0
-80.7135920209257,39.86375616049441,0.4679309640392749,1
-88.95158879839545,29.29353490142806,0.7366073487026202,0
-60.664351878682766,37.7469766738435,0.39784672460963,1
-49.86590952556736,35.209374660146615,0.688880993490869,1
-52.25748267249971,35.12112210483596,0.2540229657251032,1
-67.81072457486496,39.14427336918715,0.28246718683473704,1
-72.71384245146439,19.24259904568952,0.5238918400750335,1
-64.60643516254288,12.364061855814526,0.0936819114003814,1
-51.83486498726706,25.701165201388967,0.13175668279705277,1
-91.63006912226861,15.534657523470337,0.5920083926537159,0
-83.5779755419129,5.563635529616464,0.08837734429440247,0
-86.5393960812247,14.337797815925626,0.5214865569153438,0
-86.38951092206605,39.889606454007,0.05192335429684025,1
-71.06843262050185,39.88090927617697,0.8377217532071851,0
-81.9092746511274,7.00822836719778,0.8798117296833915,0
-66.50026678985749,10.158602277495067,0.6663886232122752,1
-71.95092763428569,7.833969649441572,0.043518149937524786,1
-51.743390033345534,7.675541861065525,0.5132585253227926,1
-80.32456698815776,11.69582034709984,0.8221994166238764,0
-98.02383911809837,8.432459653486625,0.5806217072029797,0
-88.19451634486356,25.639880413920054,0.48604245767949217,0
-70.39095053420698,5.781215087235521,0.48452954707580176,0
-85.03985624857323,18.093043449359435,0.5987094458704069,0
-96.5232793277122,15.88738018443987,0.2995857859477714,0
-80.11216708110965,19.768255371277533,0.05104173752471275,0
-70.90007540695193,14.070444062820165,0.16109887541072654,0
-67.30899797863236,17.535307869965948,0.32927221440747734,1
-68.34730753016903,11.774281753225857,0.8346111093532709,0
-83.74477639682125,0.9578854546325388,0.8210619641472607,0
-47.42396601845205,12.520714437842667,0.145257918301412,1
-75.9057427718022,28.35918491724092,0.9465942637875603,0
-44.92840020245596,6.442096376883888,0.07116607547632992,1
-98.92834244948915,14.974221532735577,0.05964410782651408,0
-52.65843270621228,15.167887176016016,0.6835072285903868,1
-72.17031337222743,19.494670978990317,0.8119086967566366,1
-57.91593223709748,18.795779923438616,0.3207351822708898,1
-91.01003003846165,29.41958086130787,0.5515326206091663,1
-83.94334854026938,9.348457275440873,0.445638575521488,0
-60.10894860447807,3.074820439501802,0.8054346988451915,0
-56.87435309511087,27.691148021226006,0.7586556580947141,1
-65.65416915796902,2.209313259636043,0.031385687153298814,0
-56.56436322681498,34.891435694315405,0.2125323209942881,1
-71.36677534273844,26.351250905274817,0.16073694202153876,1
-88.633739050032,13.446924009268821,0.8928058233239378,0
-59.79440955108577,6.59507967377948,0.47309064627738573,0
-88.42349581039107,3.5318693753187302,0.9198492767807833,0
-75.28151655928073,36.47648149921352,0.6304586590217253,1
-45.543706516571056,19.08423907884622,0.2246597645206606,1
-86.930027278965,2.9489325125363974,0.5146042745195027,0
-42.02218676437487,30.374893046336332,0.8401226713857323,1
-58.16850571755382,22.123165810033672,0.6923511532979316,0
-76.94056964165749,20.055768343192945,0.3374315100990697,1
-59.38747743024228,27.92409140923038,0.9819192459248758,0
-82.09756056009203,28.324429445116138,0.7825532164658157,1
-81.05011089469116,38.74292122360924,0.27139003664342454,1
-67.55664634240496,0.5528773093290384,0.5235721877618763,0
-83.18794568140015,12.677224232383946,0.7443745399320397,0
-82.71640187667155,33.49674858994267,0.13903829426831793,1
-61.94072804690778,12.784537476812087,0.6870331479044922,0
-55.58386399116787,19.96370447526072,0.934973114655569,0
-42.92832039976953,1.228672840723406,0.682965655212832,0
-75.16418085672395,16.57076117241121,0.855399398985732,0
-46.988108222612716,10.850877574454621,0.9726840201126457,0
-80.60404693809372,4.859042268097391,0.8028653475558326,0
-58.69454406885909,20.841838775630116,0.6012860084490336,0
-49.69810674381493,39.11332042622874,0.7762084615036356,1
-42.87809808680652,12.399603525154873,0.2261151265484722,1
-89.66973353382271,18.48711745103359,0.08244894990897922,1
-55.45064253666267,30.7515698294505,0.8399738383255898,1
-57.80744804239447,5.394323295936561,0.5690829147617626,0
-94.32667896019622,8.819686590764949,0.4068051776274917,0
-94.20247054186346,31.654623272657638,0.9210391405317616,0
-55.933970189270156,17.187768743852185,0.9697524620754351,0
-76.23000999644506,6.661134700423164,0.5828573375299007,0
-92.96262913499247,16.378004036265338,0.8812507583763144,0
-73.82520874322694,10.091505021121474,0.6813400185820851,0
-85.43955742269839,21.12651619695452,0.017037105345662718,1
-80.13867131019435,0.688633492970272,0.8903800729117184,0
-99.72999250362045,32.3758894138376,0.10373128931194786,0
-71.9571039066825,18.182069007246163,0.7571316755944383,0
-46.304927056868756,36.945894990946876,0.49899832307888825,1
-79.51677595709634,29.976736549443892,0.8385455869080463,1
-69.00552970941926,5.177700757445547,0.6613902018610426,1
-81.1169531520782,13.781103785739628,0.9675687558507867,0
-66.58397672719298,25.39249337744767,0.8045792314659806,0
-84.53877452362016,24.476892111023403,0.9181022876848131,0
-55.90446467333804,11.293244870439892,0.7845436709277651,0
-90.59674651090509,13.280929203461383,0.7189206553496265,0
-55.74603032660218,25.071665475779945,0.7617437824301386,1
-72.1692190354511,0.5751133593763536,0.673727776580471,0
-80.97233952660795,29.563688069923998,0.2671760066465082,1
-80.94670636674562,34.32004795460432,0.9680734576453065,1
-70.30625113638739,7.88599373625007,0.2082982991027268,0
-47.130080762443626,21.654974397219952,0.5479248374042617,1
-89.47226520525473,16.44128980672196,0.2865952562429823,0
-83.5188680391502,37.64037318346959,0.3734197570122655,1
-72.67141729349574,9.679339939865512,0.661077489037496,0
-58.575149699372695,18.060355021141376,0.0436351115601169,1
-91.97281446436867,17.156244829743347,0.05579068270181786,1
-80.03050826109406,29.900691841669715,0.9273573919253635,1
-95.16730319721322,11.426009186440105,0.6367732720024883,0
-68.74480398896569,33.17661203082315,0.9016182017900621,0
-46.90905642961836,30.78817437187609,0.5971294451986134,1
-48.02977415093537,32.31431505137535,0.14571982034498399,1
-67.10416949000408,39.64720596611452,0.8099136393106545,1
-67.75608246583955,11.1558765855448,0.11675247606492067,0
-47.61814516698257,32.14714161596752,0.441778274796079,1
-59.174136334452626,18.41802625232566,0.005554503000608002,1
-94.8410589933433,30.968390380969865,0.8077576168094694,0
-41.62984310091778,36.34794998092249,0.14537422772683695,1
-56.13820761109536,35.3872301640832,0.861786255704409,1
-64.57784756895603,18.9211846837011,0.1343429217794896,0
-85.87287897916715,19.916718883346093,0.287727010051976,1
-88.13140916444819,17.92119843570637,0.28843249422148953,0
-45.62120858003253,31.08625334611538,0.07838078442125063,1
-48.0342296272909,6.256309928364576,0.18178955297277566,0
-74.08911993191816,12.103023283371591,0.48637089794442057,0
-84.43360960872795,20.084318756162656,0.033677918978171406,0
-60.776171645384764,36.96939077561737,0.8761551946628269,1
-82.21827657933011,12.578213808542035,0.3627891688783891,0
-98.53294954707911,35.902543016351395,0.544375895695599,1
-49.24305991282728,3.9114838871686297,0.7930336024356132,1
-88.2139200571256,21.498180407648945,0.1458230823605906,1
-51.13156743814397,14.323757209513946,0.40178046204467643,1
-90.92153071148734,21.640186125324167,0.30432725904556146,1
-80.38711349802847,7.296482363478045,0.8956404343303636,0
-68.57482307694177,31.75620148866585,0.0645661307571671,1
-97.78175636792955,12.878076763465973,0.4258859464417637,0
-51.89951177104706,31.77209137492737,0.5485275988291242,1
-97.89299133342,33.084732439429665,0.09217851652640097,1
-62.469687075093546,27.500618742521397,0.5232915869416065,1
-71.56403574171532,7.572380787187192,0.2693839419374673,0
-61.426700542601985,27.209672932874497,0.7845613954577655,1
-50.52984593848757,28.286647776611606,0.467414343149432,1
-96.00646858268931,7.949001709462609,0.7728610438564426,0
-66.66312845857888,30.31013536726857,0.1842080633177755,1
-95.51310794635904,17.510547820585607,0.9449539649719442,0
-98.61159432508322,8.450361278952908,0.8292101716394059,0
-59.588688936296926,22.244008037491504,0.6436836296464699,0
-49.267321446759745,19.9295169385916,0.3414934036368238,1
-59.32813814169395,30.4899131164524,0.9078601896285747,1
-95.37291499047029,30.09637758554454,0.6148017184907132,0
-68.32120853015749,29.080454781593858,0.22523356479335832,1
-44.45879987579653,33.049708993446274,0.5036890531862512,1
-90.87784553832574,1.4197016332278212,0.596178142485788,0
-52.00777535416981,29.85535404240843,0.7905893341811501,1
-67.42349765365555,21.7990384118017,0.16098783630350877,1
-53.02986676274178,20.62338806156911,0.4223555777675939,1
-48.40899658806796,35.179351095931715,0.6676391933327627,1
-45.66444104543406,36.742977628679434,0.7593862454102333,0
-94.58009901831444,38.61471238631478,0.6614608276958142,1
-86.23956229386965,24.85306688752746,0.880281172616067,0
-64.03439148520388,10.667567449747404,0.9374972265060418,0
-53.85329759094579,1.2008705434625844,0.6635975429892668,1
-84.18702023938057,19.442125009664565,0.3889469671217274,0
-83.28270554478162,29.752708424696955,0.9707014442580365,0
-48.46190022287976,17.91594150753742,0.9675421728966569,1
-79.71911007053006,1.3396222524631085,0.667774605990717,0
-98.6488694802852,23.127105317963558,0.2355855303580704,0
-84.69895223779439,37.88797261002794,0.2985926466801192,1
-95.69217145839725,19.120313713227766,0.8615492224038878,0
-89.34720686330036,14.690342260694509,0.3985642564409234,0
-82.72831597055304,0.5194817890021142,0.7222657005817117,0
-81.4750906898197,34.825623737123884,0.450535152258119,1
-90.40434448789412,6.8138482956397395,0.2802212157831431,0
-94.77224127716961,0.5325658907602726,0.11277581270813519,0
-91.82874174749759,9.847881145631913,0.15852554334032165,0
-59.92905046912082,21.266592484084708,0.7607991060428166,1
-91.27898169949374,14.14852110531228,0.907525695782795,0
-73.31871831935526,18.433113408944003,0.17116783104013011,1
-48.15553175547106,31.23081336416915,0.8006777838439088,0
-99.57487874980312,20.817381570845637,0.3345420072758877,0
-71.99732464561137,25.03956557332372,0.6505341556978371,0
-79.65357686691877,25.50644700609608,0.2941597843257636,1
-48.93210239066764,33.46502981292046,0.6350153941606677,1
-84.79699876964877,39.287115904991204,0.09855232510690637,1
-81.39985408516404,22.002564370636527,0.5547654660124679,0
-98.1358239958096,32.61752872436716,0.7634915205896621,0
-74.71223548879554,4.182552871873377,0.11325130067246791,1
-63.87473043989848,1.263178796590152,0.1493026326893213,1
-74.6256439385167,1.6798941089894814,0.7508663086265585,0
-55.51319160473721,33.98833905398702,0.9652809043138805,1
-50.56525833695221,5.5182591185818985,0.24238925803251832,1
-47.1907031508494,39.23283102578021,0.8271005428933453,0
-65.53226838765053,1.6765689104681325,0.12788692664877743,1
-93.33074458007891,7.649386377277598,0.994245120946057,0
-42.84266440648338,6.08992114701528,0.1263121970778831,0
-90.89886297301051,20.814762145763616,0.30802123358442857,0
-59.369442300200575,10.406212441198583,0.5841545729160464,0
-40.9285131594809,28.960891425201616,0.39226316229044766,1
-90.19649799103273,2.985471749650519,0.5652079727508006,0
-50.00529767192054,22.080450381849793,0.36461051854132875,1
-63.64906628010533,13.776914419890062,0.14774036965462356,1
-88.15621536198304,12.512354204638406,0.40860764772449454,0
-72.94760361398626,38.42541837831328,0.08793468866936605,1
-50.60020084859743,36.39635110067494,0.28560546571779644,1
-94.40374568054037,29.032507466478354,0.07973056348685936,0
-57.14203526841317,24.0819911876801,0.385569300598645,1
-79.43718143470265,35.38837887823555,0.5023983158715378,0
-48.17682880551487,6.6666073633750855,0.6927556346688801,1
-63.50668615128958,19.763118728443885,0.17423155217982,1
-79.1395819098458,29.235329579131317,0.6418802329833942,1
-76.32579938270138,2.4559830397793903,0.7611650218797216,0
-77.92853631817584,37.33769313610316,0.5133651957507622,0
-83.50737540249887,27.331890642303915,0.6846897025071367,1
-60.50558165133362,9.42186273611538,0.0015925803197328614,1
-41.34964095226414,10.430882148629323,0.4919466630614555,1
-63.11920673574988,2.998142713296552,0.8347153963586751,0
-66.44071998079542,26.88409351803014,0.7884783837027304,1
-56.454985916845175,39.388940882255866,0.084100921361841,1
-41.15073126801795,22.23079231229415,0.7097537755311213,1
-90.47508518831421,7.533060589655367,0.23090814518765723,1
-92.36342810025765,9.978454623762527,0.6738384969816792,0
-96.09413471436841,24.7098646205921,0.5415412458648915,0
-61.78142667246969,4.22937151796805,0.8517082636349816,0
-88.55637056063692,6.948614737799486,0.953905280011364,0
-63.39637102676957,17.97382725335175,0.5823236049033429,1
-69.56881641709373,25.210482738181067,0.7520137162995802,0
-90.23501684200862,38.02220292080013,0.9437436931396506,1
-58.22077749533584,29.90285744420365,0.2343861333249182,1
-65.15933988944558,27.728154269210727,0.38999976216969123,1
-83.62361129350599,13.065348516849578,0.7041985990596098,0
-85.91966407230436,11.067308300560175,0.3533839480344041,1
-94.26975215606832,8.56978229594295,0.9056809199908179,0
-90.07918191054713,24.02786231516062,0.9854904079491223,0
-88.09702220310831,32.72929215126672,0.9268924766481107,1
-72.7379921812198,28.81251415267965,0.9621399080898678,0
-71.32320515561014,3.6906759874975936,0.2245199855675094,0
-45.05530852727743,12.510980982199698,0.6650463023812468,1
-52.688530971873064,30.10637432699793,0.523591903231732,1
-90.19424271178981,35.077326216183984,0.31604637904233135,0
-89.11273268191356,25.071695365973167,0.15072461215566302,0
-50.224275454857704,20.213806111667974,0.43821130046743684,1
-53.01470110462044,18.768969260150683,0.5106797481233314,1
-56.98248424633155,4.751547608412543,0.4809177935263257,0
-93.91389694873475,14.547532146961522,0.3850449736320424,0
-85.01051958089093,18.921515604268784,0.39110836141814687,1
-78.79973829589193,17.69908407722657,0.6733600023268252,0
-94.48796878679323,36.48346473419417,0.5419390983322917,0
-43.83160078969227,29.26652665788181,0.5764910044870456,1
-92.16128463845786,15.124314580819021,0.892055764498722,0
-82.4613073942005,34.99684190914006,0.4129887836279702,1
-50.062990905351455,20.725007274430148,0.08217240095119416,1
-81.5017115952954,30.40899301588113,0.8015315741789922,1
-65.24474824632728,29.699079275447303,0.23893668682747038,1
-60.4564460318468,27.503426374672806,0.257875839317653,1
-48.795815603910036,13.834553507946596,0.9393532495969783,1
-68.2855342022694,11.721361242917974,0.84533308525748,0
-66.93791635189496,26.623682948124944,0.5683263850920369,0
-77.22450779966913,30.688241074703107,0.5850272765307822,1
-73.95971940094643,35.4938758435821,0.8034266141490324,1
-92.06743978054787,11.436850190881916,0.39819593614240223,0
-51.16505897742578,27.031700408699084,0.4826012598026763,1
-76.6541973086752,12.166446981597971,0.8902053559686517,0
-95.36862247363574,10.698024433947397,0.958042279470633,0
-63.343058012683834,35.58088792853839,0.0401867431259203,1
-58.35729920883117,38.56701687475768,0.4019000590143068,1
-95.48802567529147,23.10980076484126,0.4236421776127607,0
-56.05518982037274,2.6402876046769252,0.7863803581620818,0
-50.3971048238688,4.2725754496410895,0.12814080341808431,1
-53.12235787410905,1.4810636680159073,0.02158983179650964,0
-61.02106556729529,5.5513412410038265,0.15195636853278327,1
-96.54393697726151,15.8553949126706,0.9990216772845782,0
-72.82779005727892,33.03989211626758,0.32303450523309896,1
-47.25587322046239,39.0258761499416,0.83749554043252,1
-78.96400902832752,2.958162045621373,0.4165312915873338,0
-97.20633089627282,32.16542665188974,0.5706673810110359,0
-72.34411653561338,24.55604840849651,0.9346577441043964,1
-99.83756357945278,4.381250402917827,0.8137062849699801,0
-71.04775292527032,28.23083879815837,0.11964723806850386,1
-46.67101101942025,25.816580834664475,0.21509219393873336,1
-40.52799815342494,36.23512418502101,0.5243460763864293,1
-70.60386400261223,0.9605099397126304,0.1701541030455307,0
-81.61117736088521,33.97488921285828,0.19493417093329124,1
-80.52137997337998,13.43904724339537,0.48416717780384066,0
-84.4865693110756,3.7005168879376127,0.125027354280574,0
-48.48412480531705,1.6390923503103494,0.10737288491570485,1
-58.9283812848513,25.520140686638406,0.7235806547210099,1
-74.01272755082121,13.514517430684151,0.7780739958028274,0
-56.7178673491696,20.875277226554946,0.6004550718316182,1
-94.36381620447453,1.4293180960901664,0.007858222058385045,0
-94.66427541698305,34.80931896574239,0.7924453720630766,0
-40.925883504954754,31.699324258731977,0.02943388793705537,1
-58.308422827432935,21.920128278234298,0.738030394301617,0
-91.54763219771328,13.59351736124089,0.8159569572573078,0
-47.890030448447405,34.96308819331415,0.9183060216779858,0
-85.66654298593201,18.658776452936976,0.3102843408218009,0
-64.92320726704973,17.926628084640047,0.45769738755374867,1
-49.40473821326603,6.030651881313038,0.8706651971375398,0
-75.47983735799723,19.59115388989528,0.9574792226846263,1
-56.49305867062137,32.343550730797716,0.7027881565145792,1
-72.42717092429498,21.224666898259798,0.07131005438304794,1
-84.80154395766138,11.078934467753122,0.4428756143026158,0
-72.94508397027377,11.074065402988996,0.09528039350197459,0
-84.97740406061061,39.17156522148433,0.20225135167668973,1
-84.19266238863865,29.581005020859223,0.331847993108056,0
-82.95602846780822,25.136354615695904,0.914251125048696,0
-59.89034258053897,9.218811706809792,0.3948019627722418,0
-81.79342615649234,25.075734785169132,0.6717953607636945,0
-50.118272447018306,15.942864014565243,0.6206608773300849,0
-87.3900902504613,25.408677238255923,0.9628620221709878,0
-73.05441181832873,16.191997152317356,0.5090638234930049,0
-78.69010678036769,11.863666359398032,0.6173794517255069,1
-56.515826892922476,12.061735718491207,0.5485791463450355,1
-83.5690981383858,32.663199744553054,0.4951851308466645,0
-86.7017197856378,3.312891814222465,0.5717152262503375,0
-50.41536700163745,19.987788543834142,0.7609190923750276,0
-91.23395745202464,33.88063415178582,0.22799994155516856,0
-81.74261029141803,21.14593625076562,0.6579627992404524,1
-67.50936638049969,5.851934749965855,0.6487576994389694,0
-93.8582649189757,6.328611027027522,0.8458942545573365,0
-80.20832726003289,9.557390632666603,0.577108501080367,0
-43.44589598113973,3.316182101107108,0.9014754032676285,0
-40.91448819808737,16.806779634825112,0.25327475056146787,1
-76.6272425080151,32.72849537549079,0.7931762827821811,1
-65.65328367113605,20.126601207470976,0.4112344872896373,0
-44.87060838815903,4.80471635195967,0.602176888164742,0
-74.94758584429047,39.02406595778355,0.6364222665391411,1
-86.79052653086202,16.446600503050735,0.6014487728345022,0
-79.33064664145621,6.896457475304536,0.6579735746935074,0
-98.91958846121776,12.441485486009793,0.6302799960457182,0
-68.2764771126311,18.124460168412764,0.9909716012003962,0
-75.13436373351155,37.805281562513514,0.027572113409151333,1
-99.52811860623437,18.31860807882598,0.34611592532544644,0
-85.30871516837705,10.486482067833816,0.9652265025339295,0
-97.64824652900319,30.382478039793284,0.6948092591635521,0
-75.38326069514895,2.598664791309435,0.8603759865393688,0
-99.3389999569463,25.71708766777187,0.3590528168111362,1
-80.96981832050567,6.985426252645892,0.8455552579479403,0
-88.72652546820092,9.338987937205623,0.6405666839515479,0
-65.08007647264071,4.631797711747181,0.040864675753766844,1
-74.8966267201899,16.79483488787973,0.6698696146207512,0
-40.804535449054534,13.558750079697592,0.43420495172237417,1
-51.911091348435086,25.99850777766946,0.6763920002609853,1
-85.13635385575051,5.319723880931142,0.2351000483159843,0
-93.9686799149975,32.696763905031425,0.2342250621055797,0
-74.30727475090688,18.506969302487953,0.6473956355496715,0
-58.312112270890104,16.521572672356708,0.874158271214762,1
-76.81951256660909,30.996080693017547,0.8058541970589621,1
-70.83024441390677,0.7253095666019727,0.9245871481572332,0
-81.65198627568596,14.248002452326553,0.5796802392833853,0
-78.67840777864009,0.7067518297795639,0.5873073037178701,0
-92.30240448933279,5.628914561293903,0.7758077430118703,0
-57.80887510566073,33.246055061873705,0.6142413926004612,1
-58.10851242284353,10.744504738007464,0.6051675717614698,0
-90.08132059796253,25.200081747998535,0.5717497691912858,0
-56.13016542740791,15.674836236255189,0.05776717356831973,1
-53.08424465273705,0.5975358926561469,0.0381092257503588,1
-70.53509041032518,31.483268826287766,0.08074262353201311,1
-63.782754233106886,17.6221577258274,0.5232158150863851,1
-93.04606808084503,26.872021363081906,0.714923860976646,0
-88.18242744279843,10.228514689367113,0.9398359395626684,0
-91.76236978741608,32.37008925109221,0.03207944814440178,1
-79.30805181248213,23.711812641072108,0.8225860197297501,0
-40.311794524481705,38.058235587383834,0.027456191641867633,1
-69.92600862842343,6.038585642226395,0.5590156257220827,0
-49.7862052203437,28.328388894388944,0.8499042620153793,1
-57.712183702905875,38.34501207312493,0.37169577681323596,1
-85.7920670842005,15.438093934294628,0.13463442305323403,0
-55.44585629466091,20.867250584734972,0.6307349608019082,1
-86.34033119204716,28.8351761502173,0.3873462756190281,0
-95.69048772568054,24.631586523303458,0.5952771267892807,0
-40.477479668316704,1.4627827431518226,0.7908962519249377,0
-51.83676368269806,34.93052304244141,0.7279183743279072,1
-49.5795173191865,1.6443064466530455,0.8314306820680106,0
-94.23537206967396,32.321537163358315,0.5305810455022885,0
-93.45136019405591,21.039315276262286,0.32988693746143605,0
-80.92092972300925,15.194543030373726,0.8324015508571245,0
-66.76113245098844,19.632851035332134,0.4335423125046999,0
-41.425342579559846,20.049202276169297,0.015761278754274355,1
-77.65433650601784,4.21004914943981,0.540099605177817,0
-92.53344833022614,28.519387568968554,0.16739687637509382,1
-88.94753714435608,18.0495220712457,0.6076318267906988,0
-63.715077202264546,5.546422873675989,0.06178041316126648,1
-42.27303361054714,20.06697618203834,0.5571687004820359,1
-98.23542384260963,14.325716318679103,0.09062420613584654,0
-54.07189693419968,31.176267301095514,0.4513485959278366,1
-74.44707481758941,16.96211345134799,0.07215668147210919,1
-52.454493979889286,2.996849041048857,0.8809441785223171,0
-67.59148286001825,13.798876206730647,0.06875556522480764,1
-90.85200946129683,33.38642648845952,0.4605228174383632,1
-84.72716729283945,29.53922092703991,0.3280800460758214,1
-89.29349429069015,15.11446506183249,0.5589109542491043,0
-51.05418330427518,14.199350349978385,0.2570981223440112,1
-73.38581199015019,17.425470632914532,0.16324275888165163,0
-65.84959439567342,4.539172518214136,0.3835427226959025,0
-53.35570970552935,11.966396304642672,0.18066504125929206,1
-47.44928076044309,24.35143002243823,0.9468656527966612,0
-89.48916592863978,26.12749528853916,0.045406716664095015,0
-91.640484435718,9.232471999024042,0.20689697514938588,0
-45.24503535148413,25.79737064010996,0.8261299154203038,1
-58.671485529193106,2.051059529406185,0.733243677348819,0
-97.34949382335033,20.187395486967343,0.0979588579351851,1
-96.67647629708215,30.14229779333349,0.775659955839384,0
-50.869968074436926,1.6131675523347688,0.3449372736598604,0
-70.26369530793141,9.67792763724363,0.3364303763667471,0
-49.62330462764714,10.55027257792814,0.6187931819518704,1
-92.7828570906344,0.3243958347809617,0.8273030516802233,0
-73.46305809264167,39.35311836421998,0.9976794694408475,0
-47.261867656812555,5.516996331383228,0.6691836668078742,0
-66.29086419622004,39.404759357385124,0.19659964429964982,1
-92.4003187653375,20.755311794678427,0.6478527321759048,0
-91.2500619558592,25.156557468157978,0.26832279735137365,0
-85.16397501523333,30.326654698419176,0.9352221518953959,0
-82.27845847935461,38.90269131593769,0.5024386031000043,0
-72.62516155673909,29.296249675752403,0.23854581507074335,1
-88.19204872951543,34.67864523033071,0.5814630727136639,0
-98.42743860707147,16.412777885940546,0.4384381773188084,0
-43.56334010994649,10.572454329700767,0.20093242444687365,1
-88.18271982007052,16.685495016141104,0.5061254889872313,0
-54.275618738189436,32.96433364827767,0.75876914713495,1
-68.55946632287309,17.348663179571354,0.5105956573864185,0
-92.46016882788784,4.497848224486725,0.6819647422425977,0
-85.55542278854836,5.2194727144759545,0.8442474592792532,0
-45.287705039978825,0.4346196631273491,0.6073407872446832,0
-48.41739611906764,16.603122488485184,0.1504951747697887,1
-81.42738951174235,31.898364718266137,0.7284131145566074,0
-83.1259729696595,4.973139239317623,0.34438616569984715,1
-45.080408338602304,26.849562096926935,0.13753964221743686,1
-61.35478855980157,37.66167462282517,0.5822913802298001,1
-85.63432973484811,7.797793816189089,0.9753145305538429,0
-88.56881638075583,8.17456654017648,0.8224190713510068,0
-58.004658352136516,4.75611581354018,0.6099654310087925,1
-72.84952410853695,18.230293741237166,0.9513593467536794,0
-81.5400720172582,19.719999120068334,0.6159774932194058,1
-42.026085271409094,25.840259032986346,0.8805588276147848,1
-82.29639458116168,4.3260263595313475,0.7538329288563879,0
-65.257362768787,18.91767689888868,0.41589809451855253,0
-48.29049403349542,33.0984789939605,0.43839190758265334,1
-63.22759066122877,30.25818405130024,0.2372802679486804,1
-68.00501141009751,29.244386659770512,0.7593985857911132,1
-66.0187972971218,34.08816347954345,0.904197121310225,1
-56.44479853621185,6.428802237796463,0.26670787294116427,0
-48.44929127818617,10.542179692052983,0.1612156355440244,0
-40.68376608882541,39.89264048627413,0.1287919922726516,1
-97.01567406873589,31.106302699779956,0.8593542519123561,0
-59.31435634721031,17.639218057226465,0.7498351607210808,0
-44.40473654929786,25.13847868800301,0.16646094409356516,1
-70.7730748050147,9.247031254939664,0.7596497927232738,0
-88.2913467677011,23.785607214711536,0.6714382573512967,0
-80.06723327316026,3.7660140016376165,0.44143169775041824,0
-86.79710077140354,11.676781639087078,0.6802869340711066,0
-89.66976017902455,0.9353585399838815,0.08257179348549837,0
-95.86283294524948,2.2211824744093356,0.014049286257462268,0
-83.03495764088149,14.884537496651555,0.35620087893383157,0
-73.71839312375612,38.71096249385657,0.5986355757416405,1
-42.54326044469546,34.86655009918697,0.8954491545826375,1
-62.79514560080427,20.38180943944253,0.24791964926954313,1
-43.843610637962435,2.4805981362585694,0.08021920126153115,1
-87.17091071246615,19.966573168949928,0.7796307228985777,0
-44.19979915871696,6.077197094112865,0.8957084078815134,0
-93.7958219366469,1.629032179782488,0.13707939456275986,0
-49.91754014038385,15.322355221511224,0.2646816786062952,1
-63.984331121867704,12.502678377320882,0.6594291664198305,0
-79.90589856496604,31.64541774638772,0.9781142559645578,0
-55.72856911837552,37.313661348427225,0.3270234914462268,1
-89.51936243071127,22.65245851138765,0.9099052901701871,0
-98.64536062330625,22.626536278018744,0.9881339137363736,0
-76.59624459060825,17.99693503784337,0.10949411636729911,1
-70.03182988327342,25.121988298815552,0.9299995254036308,0
-72.76618707542201,12.627059855835228,0.8421849088866902,0
-52.149349859154846,7.833926187832789,0.7082760233267485,0
-74.79498608183249,19.827846516004485,0.17662636115629138,1
-69.62020410276202,25.55247962130485,0.30347859970181135,1
-50.23428639020777,36.417106153664534,0.3987608843451692,1
-93.48545553187338,29.090438120000954,0.2217518385907885,0
-93.93140720034381,34.19465136682601,0.27094833127946194,1
-96.60778586967528,6.570582473806192,0.4798930519018365,0
-50.42422509234744,22.12682647637085,0.193112670710902,1
-58.1113215309486,2.694911641031492,0.14891754332765827,1
-60.96189567508874,26.249082601940383,0.8501285321914556,0
-61.1129916985487,27.855431661389364,0.14686612609162886,1
-73.28407204003672,32.67472173964575,0.7401218839133805,0
-93.6461557749548,16.261128245055634,0.7807465739281201,1
-88.64161844796585,7.496435081318142,0.836716196476396,0
-53.62375671188296,13.76745313957696,0.7348063257501448,0
-92.07808703265223,25.3106657774758,0.4174508095731456,0
-65.03905229615447,5.612820718234195,0.7251704229853688,0
-40.620490199695375,17.6418681174027,0.02230327507021934,1
-45.8438562073695,0.4208424304305769,0.600902969523361,1
-67.75374559876141,34.6432361850312,0.24518445159921332,1
-87.41436036319521,8.224069375678656,0.8931686200045725,0
-54.60904794127954,0.30748967681917705,0.15385662754907858,1
-50.848007242361184,30.0618624857125,0.6807092906761957,1
-66.41662925333847,21.832251710188622,0.5126217254576263,0
-77.28443274641614,27.117262476830103,0.07908576768953945,1
-93.27577774007815,39.606068233191614,0.6696586695724378,0
-66.84031863378121,11.045368519813143,0.8352456173706888,0
-92.62332061587273,36.2586100501642,0.43716924918334765,1
-90.97275930655155,35.89316985080078,0.6829141490263344,1
-96.26189378297727,34.277935581627176,0.41056748729516934,0
-67.03193503960335,26.666774684756668,0.33649378562513177,1
-55.428266749043445,1.962878170218878,0.6477287524830003,1
-86.61783232010228,35.05047269937827,0.23571661108463604,1
-96.59093929600111,4.654709501398759,0.4430501651527786,0
-41.604640594140946,6.452306234303267,0.46650006302179803,1
-62.93284381668675,38.57352020800335,0.09975927010654173,1
-95.62231953039185,36.67062037924398,0.36718246740908367,1
-44.01548551129333,26.002450008685102,0.9223370425621521,1
-57.064557202659074,28.055535806595728,0.35079832197786476,1
-67.66349402414879,33.797390779135895,0.6112195967845102,0
-98.13453439636942,10.561141044309332,0.7167082096241085,0
-80.31530677555482,9.402781116245729,0.8247751467170291,0
-84.95791425078782,19.6570616024302,0.8666479316395224,0
-56.45382191707397,3.1945197340454756,0.08454585195901798,1
-69.12501688686814,38.171458669850075,0.6384006028207482,1
-60.7876104583814,30.317608542278336,0.23868600457126954,1
-86.95429423825523,36.79166973356479,0.5581372149424008,1
-73.59699350598686,7.887780529775554,0.008514877644854368,1
-61.1221974462527,15.623388491845848,0.9634711121337126,1
-40.61061584770759,14.231094742533603,0.6335688190763069,1
-71.96359792645993,23.542090075179377,0.9291828307680446,0
-46.672270349114,38.325281286816384,0.7338114726988009,1
-68.28054771350254,6.720672568852368,0.3733852015106308,0
-68.44808614224921,31.578047742216352,0.1587527840017794,1
-65.9469828071085,22.025132248786846,0.2105093505082124,1
-78.077292208052,12.01437196601229,0.4148958421182751,0
-47.44015963904013,5.145884851706346,0.18915167345310702,1
-78.98212946507411,1.1079739552669698,0.8663197009351999,0
-86.9320998867811,10.224161957589315,0.8821729325885975,0
-54.08072656368181,7.802054557115601,0.40944813628873966,1
-61.106839905914654,12.177604714678694,0.7152980403739524,0
-77.12154769261393,27.2611581430249,0.49550142925941243,1
-52.268468426283874,12.561498095948433,0.06851742291924057,1
-96.66978225777164,32.92599458060948,0.8224931484443645,0
-96.04471665906058,24.020736718939006,0.6891971121743218,0
-46.42570027823902,30.047205519747404,0.5302096996408474,1
-93.19410931804003,6.454845701036431,0.3985020857434325,0
-78.81911024126086,23.82726278132203,0.6485264694815401,0
-63.87283648999436,33.785902355573214,0.5470450774788495,1
-49.70129487356751,36.09033344108457,0.5329491426436882,1
-66.28732990641937,29.707539598205987,0.4306201659937027,1
-62.18304441286669,2.010626684386554,0.8418350348521122,0
-89.79027951600506,3.733482984411216,0.8309131842417425,0
-57.03400176047518,30.915182309091705,0.010132860939749855,1
-51.4038115772975,12.180639059840814,0.9870806292785503,0
-77.13872643421105,0.6459201686934524,0.13675295329534476,0
-46.070986459784926,26.04424461167387,0.7090364100208009,1
-64.30788311923592,3.9116469547958443,0.38996411374316564,0
-89.91994908532773,3.569946705235525,0.8797051108890716,0
-98.13065135039977,32.968606085713816,0.305108686081653,1
-97.39149627923248,2.453669794073403,0.05470611636370715,0
-75.20245006283174,9.01820677166382,0.5505901507845165,0
-90.03624205516161,9.711215485587324,0.923030283704214,0
-82.83716188957628,1.8980475738543845,0.013485296526656088,0
-91.13628624753588,12.128304890297205,0.9741937185906473,0
-51.00587419456538,30.034639952846312,0.6407749327496293,1
-60.95320986555144,34.17656684101457,0.18772020868150885,1
-76.35568154989195,7.397804341669865,0.6157254404718091,0
-40.46516756120505,24.697448308884226,0.5204880981676504,1
-99.11515318592028,27.003057028647017,0.1268791157413668,1
-69.05465942271692,5.478532101665485,0.812417827643531,0
-84.96346753581642,32.33487658148094,0.20957541679102365,1
-79.36550827210473,30.960598201584016,0.7497800889885,1
-72.17681632020444,15.746028924754857,0.741482682691308,0
-95.95754169201963,1.5974824249960395,0.7904310025364837,0
-68.77868884207193,29.401422363444194,0.6626573696424654,1
-91.62944773682761,2.9772710658818546,0.49604636733602203,0
-64.32587769298149,39.50233652609997,0.3919846724746191,1
-59.688748683155964,10.64360223776756,0.4040238533561269,1
-78.4961959416519,0.8552650594317601,0.7183407655909662,0
-92.83402351322579,10.51122662858095,0.4218190494613646,0
-99.92260333262067,26.670424749847747,0.6528460559270606,0
-96.27164895196736,26.976391742014492,0.14175823927863895,0
-73.59280978364924,28.38217815045867,0.5974069442426665,0
-41.99834535382377,22.046844552090622,0.4103530661595207,1
-96.22475764603715,14.842334283536918,0.20677724841400869,0
-84.43368785614695,36.02218166227735,0.43194685807580735,1
-74.63595794367626,19.93398363836908,0.28785777390850376,0
-56.45794175664786,34.23270722787918,0.2944659158729601,1
-80.09504125244663,34.46120132041199,0.4854134752650031,1
-81.57846763962615,26.904349325225326,0.7531686652315595,0
-68.39512320754261,12.058583155027524,0.7242693921522844,1
-73.09250426386852,25.191652320906424,0.700045391077444,0
-51.52996541762308,9.422603938806166,0.2760630946106386,1
-49.68220099810884,3.5384169583453273,0.6400078071145936,0
-54.85185289997084,21.555662125730393,0.3170964793311376,1
-57.126874103795075,28.834668454824232,0.37552091614377914,1
-98.93987314000526,20.62366715820703,0.962762457376015,0
-53.260218725312264,37.71072959850881,0.23981162943024392,1
-95.87570188129531,9.523448009161303,0.5696817647176516,0
-74.11842382770956,20.85565163960133,0.050339005833752615,1
-78.2844707334683,19.009686206951386,0.1860483079149977,0
-45.531876834252415,5.087286538910929,0.6438358573436977,1
-82.02925058352125,31.04176627323412,0.4480366314709735,1
-50.42248454833853,19.09763955706971,0.0610497208163302,1
-67.39026429520837,31.502220811688197,0.5540018063015858,1
-90.22916481611375,8.471740955660763,0.6888257312930451,0
-90.35041826152684,17.523798712817126,0.8488806798341524,0
-95.80813444151134,21.720367287128973,0.3972842863568631,1
-99.3897422802565,5.839931870340926,0.10898759708112626,0
-90.36470124490488,15.205737371793195,0.1099047967399518,0
-74.89599735058837,37.8174315302619,0.4265778370068195,1
-50.63248909910756,31.080276000987887,0.0952914953406917,1
-73.57285928702399,13.207506413715029,0.9877395340532777,0
-59.51580715904333,14.315066733532333,0.1193514599136315,1
-73.07610883502444,0.5051848397886038,0.10653869821098028,1
-99.22039907969223,35.582282284624526,0.5800354818798051,1
-58.10089552788471,20.497831424716946,0.029037676815689806,1
-69.74683866773388,7.793651353055431,0.5829732893406452,0
-79.09960610376865,3.041344308032179,0.8948532549306547,0
-52.956345541557575,30.602623554480346,0.6142450356682508,1
-75.48395394236499,23.576167635938564,0.205760802482013,0
-85.0299881780035,6.952043398656822,0.6738985749021422,0
-58.2961966051013,3.53718057373126,0.285071764834789,0
-79.46109962514365,9.612417481608585,0.07724118214229658,1
-57.33583876134087,11.711462372545792,0.9177116050943162,0
-64.49575453253848,34.779712934311746,0.07092147598173948,1
-45.5550888043796,30.459183028104697,0.0830207306560905,1
-95.44309804568755,27.854877957740328,0.29653321324774995,0
-87.75921120675754,4.375350116178511,0.1985511102433538,0
-73.37256559124002,32.01593013513549,0.389455334537382,1
-98.40805376763554,19.603937062229097,0.28640151949212134,0
-53.63030580824889,25.073868320975187,0.9255296179846939,1
-77.71169858991799,18.46741760322148,0.9796650545356846,1
-82.5498069792383,10.818402072771063,0.6825289091762581,0
-71.07335678473453,24.424211834011057,0.8216166576333677,1
-40.759590182340645,36.86384092068363,0.927722862841991,1
-87.97882526435345,15.945001298599756,0.4461353203737789,0
-73.56964148996437,29.888883915158235,0.7148383619573055,0
-61.97381361584422,19.327164120855343,0.9459329315828608,0
-71.83329237606162,6.794147095225123,0.1891583838214097,0
-84.11156936070522,30.392377896907533,0.8448240694813541,0
-73.30985444308828,25.722650067191424,0.0329615421673789,1
-91.80088179532142,35.435608697533866,0.430102089776204,1
-50.31741029631349,15.376302241888284,0.729222284974795,1
-56.81728314296036,24.753388183645242,0.3058681437871319,1
-50.806892690817946,34.86376429524562,0.5101667459595993,1
-84.04780231242883,12.60031605391196,0.04761338641616819,0
-67.04091506344965,25.631584030660278,0.5397502005970031,1
-50.92988140251516,17.285044655888054,0.052589561897775305,1
-60.4962004410958,0.6837872782068022,0.05018755546360876,1
-66.84724678298087,24.70472099655517,0.5648349011602705,1
-84.0302908981593,23.782414784609742,0.0028400096869208857,1
-73.77231746801195,1.88647221043166,0.8651006048081177,0
-59.65362566699258,3.2019357178379337,0.978990661974887,0
-56.37905552389773,3.6050953338193104,0.28286749791781496,1
-48.240152454814535,13.915896918815974,0.750774598940792,0
-95.99045471791223,31.08155336659531,0.04675885453248141,0
-91.78086909933518,12.13551434688393,0.8097203769318801,0
-64.18235766756679,9.290255566867227,0.5441338185781014,0
-66.94213506918685,28.644840170002258,0.45795136553348226,1
-90.30868409378124,10.848798969515489,0.0003729699422090338,0
-56.72379124456686,10.497224266838248,0.8149104270478179,0
-96.79992149755435,8.32708921480779,0.4942639035852321,0
-58.46896608136043,37.42638048749189,0.3646544938091719,1
-67.92395492264347,10.284334520653978,0.9129918124846972,0
-72.23073192656585,39.0998759913746,0.12560130467613284,1
-75.03029919596256,1.7824697792020716,0.5863959054237461,0
-97.814188259027,36.6557344409512,0.16275961107828807,0
-87.3996035312664,16.355828388083356,0.14633052739823582,0
-96.68377542992634,15.017514130184498,0.8564081470682994,0
-83.49084846389721,32.25861538514358,0.9830562192806964,0
-71.94158460240422,1.1669643661481288,0.6436748568538964,1
-82.88673487036796,1.2862531761215479,0.9055969428635501,0
-68.15461588383583,17.67878193533559,0.6039858400894985,0
-73.85862075712762,5.290293471536485,0.7785177266972629,0
-43.77623650721792,32.3915749898693,0.5621858849392142,1
-43.05219003540344,0.5759472229752349,0.21115724283127313,1
-75.16724510101986,18.534439775600546,0.30933151330604414,1
-52.74624624761775,1.0884480679827613,0.6278106399374143,1
-45.66489388299208,36.7762284010606,0.33961809745186367,1
-70.684957278908,30.976793761467146,0.05442136857580904,1
-57.7342579869953,16.32089145005282,0.3314290939121499,1
-79.42476361440816,4.294766831105283,0.5694398925375717,0
-64.9516251734493,36.61389857610271,0.411036331455118,1
-49.58493876233129,26.524091061155886,0.07003783266801267,1
-46.889774003635985,36.5276343031787,0.570285691868833,1
-90.62356137297525,16.469430424578423,0.4100092349436105,0
-59.197903875526514,33.30400150526724,0.8993034387774729,0
-95.49896155890747,8.113914924268482,0.6020104503704167,0
-80.29431379271483,15.017769810066284,0.7942357999647441,0
-69.20558505902025,8.307065496541583,0.9307956799979481,0
-72.59526409876005,16.524161340523452,0.2679692189464602,1
-47.52536032940306,33.48618795586282,0.3492167854836067,1
-82.95965101985061,4.0950824321823776,0.09724396633291676,0
-90.66924393926365,30.55009982847491,0.1424713147939627,1
-42.64666555052033,12.728413119523449,0.7763936759802729,1
-98.63727561196838,39.39555930088963,0.2841075876337974,1
-94.4965792564596,21.699451529756317,0.12070265295754545,0
-83.83379732647816,19.501425897056322,0.4740041039827064,0
-83.63174019124986,21.308489354107543,0.24015825947317615,1
-45.014005124265616,27.837799642143146,0.4983486548087088,1
-43.87711782601031,31.931098764394918,0.012578949582709109,1
-65.31635420879846,27.06642160525839,0.27023055795738493,1
-40.83032056266238,8.382627046072404,0.4111953713111678,1
-45.26767957547942,30.583533446951158,0.7439114566635787,1
-51.73834506322176,24.601443362063602,0.9986180079394087,1
-48.35393830272373,4.052940347811922,0.545719107805716,1
-76.94160045376255,23.49504047765603,0.4373922310420828,1
-83.46934963270904,15.284146189416955,0.005948897151285326,1
-77.94929139309232,15.278590429286325,0.690975571726668,0
-64.03703250874939,16.121482268046062,0.12359984350615028,1
-43.73758347137417,4.4943533846850015,0.03600812123743313,1
-65.69995552431796,26.43143074089258,0.08201087476892122,1
-72.11881493833113,10.208882957767775,0.9550462551079899,0
-89.5607464558239,35.33907783282642,0.3022348981120294,1
-58.90381377258639,20.42059331068634,0.8160276401190755,1
-77.08486696489948,17.003590761887484,0.38818127262264346,0
-87.04125105523224,3.15641539439373,0.058138629016163956,0
-43.62550074386533,10.821895672015089,0.42982874005233995,1
-93.35173629804164,1.5858006104028366,0.5572542431651304,0
-80.07294890126678,36.58665600683338,0.080503391074642,1
-89.01157924901318,33.56156471029583,0.6737807920637306,0
-85.17594476315686,6.98401867250225,0.031490921488314894,0
-58.776725004781994,26.793332841393113,0.7052322152373093,1
-55.52844845624733,7.208534058842728,0.08492957023269065,1
-87.23771167213255,29.637496696154702,0.8279874901438916,0
-87.2312169879159,39.70747842898078,0.7292293414476663,0
-76.94751980773043,14.936627227992663,0.4045884299476249,0
-94.74262531560777,36.63066595621367,0.3507312210201756,1
-96.72465700441444,16.103484021300286,0.6937935545096331,0
-49.03388001461326,36.30320049393297,0.41404850545175753,1
-70.35047074467239,39.94022710826266,0.46530626125946306,1
-94.64827487515336,9.304231669399199,0.9808002097716981,0
-95.94679409603981,35.695121471242196,0.3813259251949822,1
-42.408078550166245,31.559683138466138,0.14734863277533294,1
-62.13831131601728,36.69379321496268,0.8023315529376059,1
-41.40015530700465,30.16551275598971,0.9863672548241205,1
-99.66403366814556,10.802383502234584,0.8279364678820565,0
-74.4480065094744,38.13773751824504,0.9444506774616116,0
-85.77376889206462,26.20760212089018,0.042172244633507217,1
-48.003470070779656,34.71986868964016,0.0423151214019688,1
-51.5541036414231,39.64353323892246,0.8809580391642924,1
-42.586683981028486,12.974522011955356,0.3197910543453182,1
-60.03686204385109,20.38270715369007,0.2661601662241452,1
-95.68990781598347,13.399751111491325,0.14912549076126236,1
-51.98800341780981,9.306677850279854,0.34328231867714376,1
-69.34003512630338,12.812214804305357,0.9032237085152861,0
-57.28493136468528,11.392432681640784,0.07323720101857434,1
-89.6801992980314,33.52137114820776,0.6071709939227549,1
-63.273133845089575,21.54189088614054,0.06318819533898046,1
-91.28365195803786,33.83411691268841,0.8925343094786797,1
-56.245541269409706,20.90236287160633,0.9392002872207164,1
-81.76238447883486,17.933717421415004,0.831548396453903,0
-88.2980070677169,9.012096735977696,0.9093837217851137,0
-51.88768402818873,23.04516850488573,0.8353268839935313,1
-56.23029472834125,13.505939966379579,0.6543148269216851,1
-80.67516362223783,25.498171341532103,0.5252346397316204,1
-89.48887616493647,37.23798679431569,0.2705633920085322,1
-64.11519645329079,26.30658144005284,0.8927728072133063,1
-76.15155497856111,36.47986869903251,0.4178487090823483,1
-88.83025196345928,12.218459082045388,0.46736349105477937,0
-91.70277991035357,16.783179509541025,0.4255749629795602,1
-75.48828137652183,39.70496946418841,0.468190114178919,1
-92.07355831031798,4.883184247710224,0.8691678813314435,0
-50.6450145629541,21.397976732531767,0.49545777009077985,1
-51.381846683592016,14.72344829810092,0.06996207777370878,1
-88.30968972930863,19.708678636124347,0.6706609851767721,0
-80.12493638132031,3.924697076717374,0.3338497561621413,0
-99.15251599139056,26.928895302439642,0.7567746462352866,0
-78.13830541146332,10.906476797759531,0.5356769233989845,0
-93.75141923817849,25.821129911948795,0.7550742456826592,0
-60.76672852871845,35.81213954057081,0.2913859102474643,1
-74.63749513339702,32.970469415341775,0.6751650326230408,1
-95.49463716200854,16.348919204880733,0.2510283099279438,0
-76.24523925755787,9.080219487092487,0.7242727620477848,0
-61.451003440267144,5.746953898007212,0.25429557306821793,1
-44.65662556026217,12.371125077789626,0.9653460676877502,1
-60.40082534577315,19.833246398986233,0.27583086620499664,1
-86.07850277158002,18.619601501575346,0.6642833402448174,0
-73.29788225010807,32.45105598274438,0.09375796662136782,1
-41.68033943789378,24.734581691980107,0.40832668299961594,1
-83.547855862396,36.04751870847394,0.07558440566571634,1
-78.79311761894016,2.3353797656468567,0.6971818037770405,0
-45.98331402307544,31.420900570985655,0.7352837541109939,1
-86.56393649846203,21.080221932480846,0.2500054985244097,0
-50.05801849209994,2.7584838237774134,0.8184968778779187,0
-92.56781350814674,35.04250686519927,0.8261445320930985,0
-69.81725171033933,3.08822218469897,0.6047854430731091,0
-85.0397889127603,4.001714730367891,0.2897122906203715,0
-55.732146633617624,33.23951212855965,0.5546583654014382,1
-84.83835232589772,6.637660711951892,0.5680353806640791,0
-90.0297886878622,35.043429401536685,0.739198685055528,0
-50.755852814501175,36.740355376298034,0.12396089080283723,1
-40.802444948502135,0.05675117347381242,0.1128753615045961,1
-55.38397809354088,13.459457714237155,0.36087667189855877,1
-49.99248677268642,32.90192759001649,0.40616966621650075,1
-89.42251809867219,4.062292041899411,0.934983535105625,0
-45.01681537465747,27.445328804790353,0.977405412543885,0
-68.10322487827364,31.552005968961986,0.26584897126622575,1
-48.31817176591075,8.616070242516374,0.15260472368363331,0
-45.56815759980325,37.58567869367202,0.7091573016256942,1
-52.2390164745043,28.620005629841067,0.5596430063087361,1
-49.997536331687854,1.9315586968224752,0.8524465345592467,0
-96.02708082339184,0.08716793309200721,0.5761507517593626,0
-98.46990616238813,23.27689001532242,0.46314190246116627,0
-61.098840057421256,1.906092154460346,0.1101982954492966,1
-75.30065829221584,31.08688948617344,0.14462533033799607,1
-57.31543913741546,8.95759314463303,0.7340097797846171,1
-53.56626849472869,33.25587245380311,0.5775134687013608,1
-96.5425917071766,12.396501297683336,0.8134975768904621,0
-42.43724366108614,30.404265732436894,0.2992335560410204,1
-80.01435033936173,6.396531063743809,0.06018270872253251,0
-95.60915856514242,20.52382535689365,0.8525786147775628,0
-97.72803300141231,24.49724074537677,0.4178208178549567,1
-87.9088252036753,4.8313915248733075,0.011708678974679754,0
-53.534967725840055,13.74323953373878,0.05541989100908917,0
-50.52014857261952,4.574587653993922,0.3082776946835387,1
-70.79683735536356,13.808577990338646,0.022166904441408897,0
-88.28886821088066,16.644623897654668,0.9029148992290624,0
-45.90554037006584,14.484284468022484,0.6766422970311181,1
-89.44644599966897,1.8826856810794546,0.5999204477888256,0
-56.5484978950494,10.044890544246812,0.6290327465305431,1
-64.28914160865386,2.531056745409135,0.39974624591465546,1
-77.91440374020307,25.727348831194586,0.9388569206402619,0
-47.35553033853167,34.5700562067139,0.23717672115803945,1
-43.47206356431744,25.870691349692244,0.5661192809039849,1
-69.4957926077188,4.209029002974494,0.6585491562031345,0
-54.78972621998452,19.69226726494121,0.44105765104859707,1
-57.44626083536808,13.141505073081522,0.7421706980123215,0
-85.44834818496217,3.579635054924468,0.22101894193942817,1
-83.12108956756703,22.360610207926932,0.13222862024782778,0
-42.753503255799544,32.96254875228274,0.9581389454087418,1
-74.27452580465615,24.78236810002229,0.482409939129953,1
-74.79022872852168,12.27448168702924,0.930956892126729,0
-42.95128940453901,14.32934396066305,0.9042479125557378,0
-75.35482780195952,3.6857041433172233,0.616599701618816,0
-94.1781783679985,22.82708051137383,0.8655336110314062,0
-40.65201983898367,2.177075859089732,0.5125760654387105,1
-80.92959797595107,7.807782296803754,0.7905223819930589,0
-92.99688635944244,20.548933626413202,0.44881189020315393,0
-70.92298365432903,8.39505672709809,0.9682723350164116,0
-66.6417405375895,26.360722843742536,0.860077875040812,1
-45.109459077842075,32.40044918598661,0.6907564252423423,1
-40.99720892941265,14.177451248516583,0.6623302114129893,1
-77.08068646008513,30.938512440215465,0.04983510307658123,1
-58.599475440066875,14.874204520822346,0.7754586729243301,1
-68.64209346921263,3.628658027275704,0.26384076219675023,1
-82.45290898109778,3.888182578583348,0.9739017901595163,0
-62.88036328382094,3.127467309914582,0.29873625879268095,1
-44.542095219131795,0.06627320302297068,0.180841821947351,0
-92.76535353904077,21.691156289285942,0.1111630429566568,1
-40.5335965342241,5.196618859270079,0.12464052224777211,1
-42.49424914594166,33.79711388000254,0.6898271290816247,1
-67.99848474911794,29.783786182532065,0.3103440038950165,1
-89.57040105192974,0.9780887362429302,0.5120208288333931,0
-71.5914758803404,17.63602996826311,0.4651478458621211,1
-66.13880158305255,35.51016586940012,0.9162403000196209,1
-71.73105189167663,22.194213403732817,0.6299947667992081,1
-49.58406717616712,25.6916816707774,0.34239293253702274,1
-69.50842511330531,5.740771817940269,0.46635791039339214,0
-68.63252012006114,14.68537250751439,0.4544047970017323,0
-59.3956822306352,26.286973138879432,0.3887153217434547,1
-52.11517374283806,16.436766544984195,0.05657095480508889,1
-60.5947232336287,8.675408711726948,0.7708215886219427,1
-97.07665439483634,27.544899054466757,0.5847159289688377,1
-82.69044381148314,3.2781749247304637,0.36318905598383877,0
-88.94587728747815,12.052357395515543,0.25211206793258334,0
-70.77727039725059,15.08710489400853,0.8625996911663111,0
-79.11811459542915,19.53705681623259,0.04820330700431796,1
-64.42260213102304,10.319591338265713,0.5026967745458012,0
-77.88261076799105,18.52449332576881,0.017231268814906442,1
-41.65226892787769,31.01249700733827,0.8720133407119395,1
-99.07620070236581,31.129860120031744,0.48034935570205683,1
-95.09756527359126,33.755808155500006,0.4544741397693034,0
-58.24727390630348,29.58645434859935,0.6330741137741819,1
-89.08342268339484,10.406086063819796,0.88574975581156,0
-67.37635231854387,17.84866167686311,0.9790799273912648,0
-73.7250485796952,9.5913539007719,0.9656947217405766,0
-98.82700170142162,24.699718235539997,0.08433301037035046,0
-81.6711632577298,18.982674098306585,0.6789843135317291,0
-59.32766238612824,14.03011287407196,0.37792926855473663,1
-82.29243937092387,27.365605173308985,0.9339516559546656,0
-50.382710836252,22.994954311908216,0.642250044969987,1
-45.10123496330798,31.996602407516235,0.2953676794553536,1
-53.67349605373717,35.12078979846344,0.4938970860034456,1
-55.4280049410695,9.493265724111826,0.3277930911238367,0
-89.70412052517005,26.317921800938,0.1985201354995071,0
-73.41688003849917,13.342579077357142,0.20774279612759539,0
-91.95432340763408,36.498616724335214,0.02681756434188476,1
-68.4767840288892,36.021233297621855,0.8069063373720021,1
-69.36036209560618,32.32210401243022,0.15506939354112648,1
-60.85401660873811,14.510513612711504,0.7325822761179959,1
-53.64965163865519,4.878387300297207,0.8508157302913627,0
-67.768770740378,18.567299791759414,0.03729041870770966,1
-99.25983013304766,30.11791268760989,0.984555235184087,0
-97.47816151408047,9.495230094043642,0.7409781308672716,0
-78.71188485174406,12.019193714681187,0.5631320772817017,0
-88.01346090039654,1.0496156459761252,0.2009359610954864,0
-98.64076073752376,7.23003098006664,0.98910962732558,0
-81.22651980064714,24.0399433545519,0.48731414474061696,0
-69.53873321585417,16.673436419172912,0.20726462265289258,0
-99.76635121713204,0.7837508225160761,0.45387590867943794,0
-72.4030757838085,32.885896903523765,0.8108437017651637,0
-65.65521100248176,31.066586031276593,0.28545927469926025,1
-68.69714714884958,2.777276379610072,0.33806305888049537,0
-80.59219453509466,32.1793266975052,0.22762378895498436,1
-90.56455246377867,5.535679723119444,0.8782262661963768,0
-86.68927811508013,9.450863179802905,0.7010688235141451,0
-48.1705029841747,27.533900987131346,0.47814427148560745,1
-95.6527015842477,14.257733481209257,0.9219985433163531,0
-88.23219882143297,16.466154838406204,0.671925448280584,0
-96.4503012101392,20.525666735359202,0.13261989964021093,1
-47.44932439423714,32.00775027219396,0.04960269133202422,1
-50.35354884947517,32.28493903807905,0.5421742382928318,1
-42.66832789464276,28.572262785158383,0.9918619771163434,1
-69.43151889224474,20.80510413087528,0.005541415127062299,1
-91.76813149764007,12.137837016560265,0.48269299150570344,0
-83.09398253041881,38.537603460093194,0.9622081138390182,0
-77.83658658881217,19.151456529926886,0.7913641814758431,0
-46.230353689614,15.984278435248163,0.7146921001006208,1
-47.03046603795532,18.30577309956681,0.4892213471307306,1
-95.61596878028396,19.048102861897277,0.39628754469027794,0
-60.877091007707996,9.659931949052648,0.33428829676529026,0
-63.94851271259364,22.421362098343067,0.2019086892995161,1
-54.16476959112221,23.314101695080403,0.4995448636850477,1
-42.12750599839367,21.752255420646232,0.22352441054413152,1
-90.41569194263745,35.114887000501284,0.431752330579142,1
-97.99742646670387,8.416544352853865,0.26272985405256355,0
-55.498578097292864,4.717685473961559,0.5638974346022778,0
-67.48907079329999,33.60440145378175,0.8515335473398645,1
-54.5950112529441,25.89522884784186,0.053707719533506504,1
-58.57551347326287,21.860144745945874,0.03949065132445173,1
-54.71643381907197,1.8565292784738485,0.7593591099361389,0
-90.65948817249323,7.8026151748647,0.9474107086925863,0
-94.74100484103394,11.590862691910683,0.49672202392088516,0
-61.894432767417655,9.840844553191893,0.865382959201421,0
-54.21564885616827,4.192791652513637,0.03798244322511202,1
-82.91498350997259,8.517149637081381,0.5062586794728982,0
-53.73802020079751,28.67799401523378,0.5613104015481427,0
-93.9513173318932,36.14522716344565,0.8847116964487732,0
-87.98375019459141,27.622958664166788,0.3257444989316084,0
-66.48615599392562,20.043942172309336,0.4103105710547795,0
-51.58462133080505,5.942517031777581,0.46373077269188057,1
-96.4307984689996,12.89205083556681,0.17995285747020162,0
-94.33950984162067,32.19188810520428,0.21931120853995112,1
-95.26361945780774,10.446642139409859,0.29651635873591653,0
-47.90581358302602,14.112073214452279,0.984770607250151,0
-95.76095705373336,21.922326894381406,0.47762912419573134,0
-54.63441113722883,17.0542013232432,0.8969246165942376,1
-62.091907218891,10.57849740901542,0.7544794466720013,1
-92.36454290291641,25.109067723483747,0.1533088397461445,1
-50.312632699748804,2.202578872095371,0.7037505607583141,0
-52.21200110298744,14.450776010180668,0.8807221091890685,0
-88.27080942507976,13.06161847714077,0.9361709421432431,0
-79.6585824448104,21.036454863182563,0.3952451955465257,0
-66.09593300474722,26.238109238928416,0.9453413004165739,0
-94.55789403460189,7.264529936830186,0.6273917152698852,0
-69.49935023827655,23.976153847122884,0.12801801424466897,1
-72.66814562860509,27.255344439048287,0.4944461480550538,1
-73.64928920764392,27.302871570751186,0.2856684422154907,1
-80.51376228193115,0.16385478111546448,0.29405483167507596,0
-76.42490939817556,27.56802149897259,0.3086188137180379,1
-82.7514682655616,26.322930196146874,0.45626623292471236,0
-64.81588266772403,2.6493869902535927,0.037251412851496246,1
-81.44501641983064,34.431945557332725,0.9950619516075422,0
-73.57739190491279,9.772378962872349,0.8818819409260741,0
-85.40675224657889,33.36272667549587,0.0691393125188412,1
-78.1721810701218,28.237684089204834,0.5348959702642084,1
-42.28256885289745,27.51977824640303,0.7835423861591654,1
-51.66483365827198,4.188696247780612,0.7330673923065086,0
-79.4858016514386,20.317319900881085,0.36069308682909074,0
-60.96919587203478,10.398829275235633,0.807282902987119,0
-93.9802409292971,30.329159094193926,0.1641267750113249,0
-44.56753003008962,11.715814922570654,0.0038565059544932723,1
-60.43196349967131,31.47526005654401,0.2863305349985391,1
-93.74498702319993,1.1749135544180689,0.133538799812133,0
-93.61716104134194,17.028765721839363,0.014638697547210922,0
-68.29300632984189,20.36399612321687,0.9021457493109418,1
-70.13999035948191,34.70310552978085,0.32161685126763584,0
-63.253269079608884,19.196838168538576,0.26715382585212255,1
-82.07179831252127,6.50815252899779,0.338308112755364,0
-76.63330556784274,14.391656393198113,0.05461617663408036,1
-74.88483246672797,39.727739926338714,0.6198540227500693,1
-87.77376412345464,12.97312144464561,0.9122888164075942,0
-92.74992244085217,9.641523290527157,0.2054165237158393,0
-61.53613821308784,39.493796483695526,0.9304159457013845,1
-47.510610743556754,29.3811844433084,0.22600008222714152,0
-80.97750622543282,36.265686365598995,0.40807518266822895,1
-42.82320915851129,6.092306989223348,0.39792264769809726,1
-59.600301555882695,4.969030216151054,0.5742982168641982,0
-80.77270686619269,20.205456070271026,0.2535106788152969,1
-72.29123593222404,8.110515027492259,0.06824410852266194,1
-51.17991540318708,31.651413239333486,0.1699235030928582,1
-46.86022479727751,37.54720861208566,0.10358698050192339,1
-63.26845361007932,9.529324282371384,0.9603919669178683,0
-73.32070178251627,28.003553558715232,0.3091128920804166,0
-88.68818596755038,9.878108009567512,0.8123320921765304,0
-73.37982553103798,2.8433091609842043,0.37475681657436166,0
-41.58015560959969,33.300673552048906,0.13854977922440503,1
-95.79978637234919,7.558741989677262,0.34829975370337674,0
-41.4463244631206,0.19307209025373417,0.7888765012946795,1
-42.97960916919482,8.539011696205655,0.9330835782626171,1
-99.02617261945171,12.799933190290108,0.9926304114225385,0
-94.40690723995237,14.164125729604592,0.507369665340066,1
-87.085375109251,9.06687184537763,0.32173833929882234,0
-63.50195458171811,9.613601807362926,0.45373275036432037,1
-40.27545630732998,21.301418424495758,0.8863103212732892,1
-92.21631358570566,19.812372934448575,0.8614155163927713,0
-48.74013810132442,36.1459066448161,0.26967319601293116,1
-60.88112709642863,36.38151645455967,0.86182538678885,0
-71.6777426481317,39.63169235251596,0.8547497525977861,1
-91.62383285282506,2.907792299264016,0.5419047782246935,0
-94.34620813323399,30.10430774143879,0.6581551073599063,0
-65.88041092910066,0.1529178822846644,0.035083022738345515,1
-59.665594417611295,33.17439931600034,0.7546855371542496,1
-91.81176675732934,26.52418694474585,0.7325706764133266,0
-60.22433796636288,39.61801847930645,0.7555496490289524,1
-58.4214873880458,6.875906299166812,0.008220983944319582,1
-84.56171410051815,33.16846587385536,0.3982465243349377,1
-80.30067343781703,31.355108530636443,0.2543217740793251,0
-90.54330108250002,27.006128697151105,0.6472470729170018,0
-40.948884103120015,30.454499713135167,0.8578942964433837,0
-42.119350123656375,15.262952303200588,0.10497677083805834,1
-95.57727585330089,20.07872479138181,0.38740320854000365,1
-96.90354010166423,0.10602657966472862,0.8684902302824193,0
-93.27404605441468,22.446107220719288,0.07393596428017568,1
-71.63880001386417,4.5119492746921175,0.8117457090286927,0
-82.60565757419744,8.162594537359663,0.8158306692846335,0
-45.346423016205506,1.7320007714911512,0.010771216410845219,1
-42.706096488651546,9.763569827793459,0.6777898299040197,1
-88.19546915496213,26.499667773793142,0.6136399154395689,0
-71.19814003442698,17.01886372306966,0.4805781518205766,0
-55.22309123587914,24.63029153670247,0.0488001659282159,1
-85.55031651753117,27.93274878473816,0.49461252423821245,1
-53.79455691046783,21.409259050761776,0.7624865159743541,0
-49.81572802375592,9.898095954919896,0.46178906177191725,1
-71.92316880938593,10.935582553354418,0.6087134420891386,0
-41.14114353905114,14.420326870352724,0.8301737975632404,1
-98.83463271647557,5.480829375625955,0.5656505817378815,0
-61.05390404877161,12.317129797614971,0.6590236459070401,0
-93.62695309741387,6.484103104538126,0.3604859842422712,0
-75.3795184660575,19.845917318869823,0.6287241628948784,0
-96.77351742588667,10.816618139848995,0.9565590182841128,0
-50.4033109205242,8.501128900976802,0.39254608936992386,0
-68.84643374270223,16.887915867758295,0.32188953263507447,1
-54.893157446153104,22.73443520637295,0.6076862371340248,1
-46.3187267879311,22.386068577014594,0.4325450761262294,1
-87.12251505275349,9.048314374491708,0.46703544123903495,0
-76.29388974712654,18.812109609006946,0.04148073146919451,0
-55.00098772388388,19.918828535385266,0.8516517128604331,1
-96.24877903125346,15.105288933601448,0.12868918975979582,0
-70.61054463445224,4.586784574203806,0.5466319979833498,0
-68.57306854578432,24.491903105799135,0.26794395662788884,0
-71.24664322666135,18.827639017893905,0.6238414217760709,0
-93.0111630440074,34.19768302014738,0.5519878484203155,0
-66.27944951722793,26.551484877878437,0.2666634891690425,1
-64.8911307015218,31.41433101592758,0.19702581117322637,1
-99.5261462008208,9.5362461468476,0.4926616763472934,0
-47.029149792027766,17.904585695474616,0.712259102706202,0
-92.88181590847302,24.8367135755533,0.3379432338482522,0
-87.5390648937595,35.05957349000375,0.17393796805128525,1
-54.421416861616315,10.859779635056723,0.8008047318199722,0
-43.06934604991435,23.539092768050033,0.7352430158397574,1
-89.92372116406818,38.362502361900866,0.4311741666884833,1
-60.68158899956257,10.177376102812401,0.8168829734988279,1
-80.51460137468592,22.392346028407037,0.6458745522713104,1
-92.05291611134774,19.39723422864533,0.8689164099413836,1
-85.54447116861017,12.378081658531004,0.9319276345214772,0
-40.452477413499174,4.112493418914367,0.17269530695018365,1
-74.84365672595169,35.73393811920837,0.7945525221977258,1
-90.29023930983767,24.18832561210705,0.5158800127759811,1
-90.55314348008851,13.391012385287379,0.8444558569327142,0
-44.2256250659667,21.62491530584218,0.6734789519846663,1
-96.3801508855467,6.664463028537848,0.1097252132641161,0
-99.68702073610633,11.566169279253465,0.8538767304164551,0
-82.536978852961,20.123500476851074,0.8754209807633758,0
-89.29658142077948,30.965873972794846,0.42181417189863435,0
-61.77375560266167,27.262543081003216,0.785635116502225,0
-69.0484337208328,18.743685468183674,0.9179472710307411,0
-93.56880941726813,5.965251076430662,0.9812452057892437,0
-66.52282103867773,12.001749347025076,0.6136124367199539,0
-85.19908855410029,34.91152587343349,0.5810756573709274,1
-66.71682855647937,32.28724418133533,0.5590763222220761,1
-82.2220221727909,34.57035933027579,0.6622260558529603,0
-49.33126760276881,3.0952585473526106,0.9508620125350741,0
-75.42985978813667,37.015519878663305,0.5443342183972307,0
-85.86052266585799,28.749285309639767,0.15376566270514003,1
-71.67133293876122,14.167558502312549,0.6853035442606187,0
-41.57453393388117,1.1250344557271053,0.9284259207274527,1
-71.43397247397698,8.058189651057202,0.08240880979609044,0
-91.40918324638778,18.54707052629965,0.6704280513426865,0
-83.92198753259184,4.162377304208134,0.5036991191071858,0
-64.60088666541918,32.2227751706236,0.055132925478171724,1
-84.81791500421899,1.7171348286591614,0.405471185626179,0
-96.17334961235647,24.616423837752954,0.9585423977434665,0
-76.43589927389482,5.058710389008905,0.1289470068656554,0
-51.049998680403654,38.57002678284043,0.23625492706209605,1
-48.49393089560905,26.313574822842813,0.6104195936874142,1
-54.05565354909635,0.5477838968471449,0.2617715172251055,0
-77.89773504438912,6.432357571261318,0.38141951924968776,1
-87.57846395940645,20.43183360321244,0.34278291860459154,1
-73.05243258778424,5.691232097548271,0.6928206983358479,0
-76.42852968393,23.984579775696695,0.8519348170483507,0
-53.77627700912038,16.097370206195336,0.40665760826173547,1
-85.0795202778296,14.953864026217882,0.7316532348789391,1
-46.09800715830785,16.19167034748704,0.8213903763193698,1
-70.26791175084742,23.43674091879854,0.7236162272983216,0
-67.03543051959167,38.41882548140114,0.889899213660638,0
-54.49466576891476,31.803834211913692,0.012086469367959318,1
-95.60541028500934,15.141441899356693,0.36713289481383193,0
-53.814762732145645,34.12318319543687,0.4449677461118473,1
-77.54895739556903,2.512663983552992,0.067214737535923,0
-89.6123292146498,14.461087544248045,0.2544114782747743,0
-57.59330454943956,33.24513963605832,0.5393801806480368,1
-84.16166707047864,2.9531909751684005,0.4756935033674863,0
-74.22225424009349,9.271175364488142,0.766000389780063,0
-81.11502288613714,9.219666526020127,0.8384742247631991,0
-50.039308236529756,4.0866769788823465,0.3021736143847664,1
-49.20762412459768,3.495915754465635,0.14040773645986904,1
-40.34327956504955,35.60668131378032,0.052605803831482945,1
-40.30831578168346,4.443173306824244,0.4559185498633639,1
-95.67645117562338,7.7106052965764205,0.7281038785618835,0
-66.60028555826523,2.7405109937449934,0.2412427009775059,0
-82.07445576264206,34.08358439221334,0.2823923987284229,1
-78.34140176461938,0.8788717301407978,0.7331206489275197,0
-76.39936045598107,9.167126038269071,0.34862256519926027,0
-83.75047393318603,29.055670907634944,0.19054812926707976,1
-48.21090819034915,29.602782142552932,0.7498288903639001,1
-43.63820110763483,36.755829502121564,0.5960781057406342,1
-75.25750514216652,34.076123300053936,0.9706254204052671,1
-75.39821717738128,15.09570636048199,0.49401325976429566,1
-50.8113335088587,7.614215128318422,0.30606270320091367,1
-46.84149321443882,39.52273092861241,0.6980740099491535,0
-79.0438348677535,20.192870514451823,0.9453453788329241,0
-64.9317343173106,18.285568147034603,0.5787076148755554,0
-75.71540507972398,4.799636628599089,0.9611520300915175,0
-68.6145700432411,29.292088806971748,0.9931483353542122,0
-65.14063757511695,8.627769909609455,0.12084756955784959,1
-84.3992032208262,23.594404011110942,0.49742161393015316,0
-72.34858742241386,5.8452606047942846,0.36991704474376896,0
-78.42002238000335,36.9129470331506,0.14150757780520806,1
-61.239296561749626,24.855449454492522,0.7791524306677126,1
-46.2561497040911,19.314963471947614,0.6421551576952862,0
-80.12803559162734,35.04891883818619,0.12475378285908723,0
-62.162457741419416,15.47787885626784,0.6654613291878858,0
-61.96717182182366,0.5243825490661314,0.583855299665599,0
-64.81889029510594,3.314739788556711,0.13901453715710965,1
-63.137215567484816,25.152017186438464,0.7824002391929318,1
-75.68383245420385,24.67256106541671,0.24856408663471052,1
-93.05774996143424,38.64562275575917,0.6549960833181301,1
-59.92287451463318,9.181897963144866,0.797822038075602,0
-52.88763184340854,1.7584413681827193,0.1809716326752614,1
-82.32273365273959,35.04059185058622,0.33327285986859434,1
-90.20931057615138,17.528523201568763,0.6706668751541011,0
-68.33078063157157,37.640223163929804,0.43937333002394574,1
-85.26803203969146,27.401906486590054,0.2673630672205285,0
-73.91069659021083,39.11154717840331,0.5764512717927909,1
-74.5600523704612,3.8827383038870344,0.9159485313345447,0
-44.62339480958952,16.78009375272851,0.0014430076601016362,1
-44.106720398761304,37.13468512693656,0.30720343334865097,1
-81.6434202141655,7.947733750442696,0.5899455222395726,0
-60.36808201688739,37.72069772785413,0.4101356486784006,1
-55.80860693788672,34.38171835862537,0.5868505849311437,1
-41.5819740251186,34.299466135739735,0.16002931209905535,1
-40.199367308850796,13.421961478209937,0.4668563731774966,1
-84.49039156591417,29.695807544536233,0.7013331869572464,0
-65.51075612559308,15.683268718146914,0.9689880569360951,0
-79.59154782137539,29.822412099143392,0.7255975898980036,0
-54.0130251265949,16.536617418669618,0.1261414007707149,1
-73.62475748191967,20.132279053547787,0.39222524551455074,1
-55.233746075709924,33.12888527175731,0.6734596924203962,1
-51.08405774168119,34.7500032420055,0.9967441961957848,1
-78.71648072820699,14.926244504476923,0.3830827787512311,0
-57.69007728241989,33.7797649231113,0.45269187701582825,1
-98.55697145960373,17.695421463183415,0.8062447034983169,0
-76.08729261199905,9.183916565912824,0.5466553341413197,0
-94.3348270531512,11.785682363241538,0.29108510087940576,0
-44.051195809430865,9.601780598041643,0.5312962985100427,1
-93.34401205310657,38.97150712283406,0.001680202566270328,0
-75.9241021488332,14.978864327896343,0.4806446345179908,0
-95.22966621445778,27.49172171215008,0.40943973138196865,1
-45.360157464997386,13.513646677754583,0.7919149672162962,1
-42.45841695925346,4.636947878969484,0.2132693845403828,1
-70.35618378029338,10.149089599325984,0.8677531537454494,0
-89.4416791645246,19.991898660105715,0.36122804206858516,0
-52.076275646290725,9.669814445614143,0.0713532710203022,1
-61.362523203449136,3.384755928714447,0.3487966825641895,1
-95.2409860491131,32.39927107846111,0.9346178338379226,0
-97.82771119263546,18.748680388093657,0.4876871749682763,0
-99.46718840401307,35.6641928156554,0.3617505026510053,0
-76.58448226316827,1.1912993643609449,0.5064877233739442,0
-49.56541399370333,0.08106134920376817,0.5330312934089256,0
-58.48471146385494,5.394669325344648,0.1657086973878963,1
-86.80704179301142,2.421224301334761,0.46417924187991255,0
-47.24644859118605,36.054480324406015,0.26231179361553447,1
-70.02547729849366,1.589133743824398,0.6080271778464874,0
-46.01843489822477,24.63975875160436,0.30071693792310195,1
-48.168436369541034,3.476490722090708,0.4501778256483975,1
-43.02381742595239,10.385371216870706,0.3035450472168272,1
-45.48293364909928,8.201757736931977,0.8122490125541612,0
-93.35075381807775,29.095811663027725,0.5923441107008409,1
-66.73605859721418,0.26314263451158837,0.03563877962470563,1
-45.88625136943837,31.938109496476358,0.26855757477056164,1
-96.04148334559544,29.13348882797244,0.7451449956988224,0
-73.73389797606943,5.461711398727158,0.7586979057832453,0
-94.16724173290363,3.6499187029757163,0.6890707498843555,0
-63.832925973881025,39.131524204049995,0.5106785880527773,1
-86.84955162080644,13.967322249156151,0.809205304690785,0
-61.69960217142023,11.669293602389818,0.4546474340607698,1
-80.65967363151735,14.147351060688376,0.434645199618493,0
-78.10494588137956,26.93057658554867,0.8568550600957866,0
-73.82100041834421,39.91112539044055,0.643996382027059,1
-88.7481132056675,9.173934742379256,0.5751038391990118,0
-88.41954783047402,9.641378228947666,0.349096130048006,0
-87.39970967046406,27.883563251149177,0.675394127574505,1
-51.287790808744866,38.286973954213856,0.9151907960674788,1
-63.69954808467301,0.84104240664018,0.42414920975838455,0
-89.76751375857397,22.98287422198998,0.8136290632637523,0
-75.87534073637923,30.797021958832573,0.8445243810493057,0
-56.43175701541549,28.944658962616195,0.6289270200937834,1
-94.54391073538129,10.817527396916224,0.8887272901324399,0
-65.5884482974931,31.936628912888846,0.29554202416124675,1
-92.24493466314283,7.164750176403629,0.16645598176200105,0
-41.81237753495683,2.0715047168689216,0.6166715812696235,1
-65.25080884816121,18.535817964648427,0.12966665300556734,1
-76.52324494603768,28.221272347962802,0.22283772081881403,1
-97.57006288399793,22.35103678451452,0.8561856636215572,0
-52.917465448711106,9.488378991403795,0.9989409251011152,1
-52.915549125433095,20.633899738886825,0.5448474758812091,0
-62.74817754493506,10.35113954921767,0.2198631534072213,1
-63.00677873957445,10.084941884541085,0.9133130446052782,0
-40.925315114102524,11.119957967951507,0.263717337206007,1
-41.18771290607909,6.527817080458154,0.906011893669623,0
-95.39557440641816,37.902881874453335,0.04716166717692338,1
-85.13323513361833,5.151085270297053,0.5977353709313709,0
-76.2168911505556,13.305641899637951,0.6745328531106434,0
-57.53048174980974,32.69104735677346,0.08202508869239278,1
-85.24746477969649,35.43450278436423,0.8842209449927664,1
-66.1029633116535,13.858155164072873,0.5625410527307343,0
-54.60103435500308,16.91824539152719,0.9266806483522106,0
-89.23777647623777,14.467077798728836,0.10238716029724826,0
-88.27482469536265,25.976292456344787,0.06424400667325325,1
-76.66307802068556,20.06902538732841,0.8715098583162885,0
-70.45000907931444,32.109498970222205,0.9010804243095988,0
-50.37951912352003,33.10237308684589,0.2452943118825418,1
-57.37844847863025,32.690497432317514,0.4027710323495395,1
-68.75376352244987,33.11282741428299,0.5256440479234893,1
-75.09276336327545,35.21128854229011,0.5128873158857609,1
-88.28336918760459,33.936004737734734,0.5222173820018295,1
-50.79371531297812,18.847533177870964,0.4908933437646349,1
-44.44946926735297,12.195127956860947,0.812259127581679,1
-94.20858284166131,7.624658886098032,0.38004259265411977,0
-57.690254370642116,24.74049911280026,0.6845919258137598,1
-70.43547009908609,15.26049925510371,0.38175805566209176,0
-75.16409150942897,38.98702795527793,0.30404410790023273,1
-76.99301924683522,25.4281734207588,0.8380628069673798,1
-47.067039015904285,27.100685592342426,0.23249419501268687,1
-46.99928375782193,12.739550786129241,0.14853430477767626,1
-92.81964664810634,19.151330327801162,0.9214247038965667,0
-87.8812577386731,29.988060519690976,0.46788919531942064,1
-47.631668080276135,15.312759661584616,0.5802129192987583,1
-76.75470821851843,21.10004598535744,0.8102419424260242,0
-97.80746805522601,27.046430720884132,0.9727030267469842,0
-60.41845128753289,26.25944140936557,0.7682138516922105,1
-82.93617192559546,24.443404813600477,0.9057656060934864,0
-86.65327495649952,35.28868345219891,0.9360833323985828,0
-70.46551682928362,19.01406404551146,0.6802630739370872,0
-87.27115554860191,26.88549378843891,0.9025043162803132,0
-69.22273296932195,21.180118251339938,0.9798595260097508,0
-88.02849874455237,1.0655463466807102,0.15390966963822672,0
-85.00079475828946,13.685359250896774,0.9426641744592158,0
-55.261120525728536,23.046556480854573,0.3128894326850311,1
-98.38662158138463,7.574103587628338,0.9958702307776276,0
-64.88851892170223,27.93063336751534,0.015037876424899399,1
-93.48057380426425,30.383681430074002,0.6930791563992152,0
-90.78810721977715,31.024161909987086,0.8950794118215754,1
-87.836694726239,36.034822609851915,0.5246629392674073,1
-92.53306909909887,18.760277773068402,0.7392352574389636,0
-73.72950605944976,39.295870421893696,0.7915582616347627,0
-95.48297402330276,27.421361297304266,0.10601820262376138,0
-88.32167752888195,13.164834564201318,0.18150488014324972,0
-72.96761166930042,27.954113711353656,0.1611487372922057,1
-95.24682693561415,17.62148786788174,0.8228415177476478,0
-95.68897987082595,7.753018071621605,0.16591179598812,0
-77.8606868019793,7.957264672712121,0.23653943748034756,0
-57.873725950815185,10.700881368984515,0.8401305445945535,0
-42.884272595145525,7.722877243367807,0.906730463812911,0
-94.38601686347195,38.0412347052049,0.4033509148214498,1
-53.13457338504522,15.163135892424027,0.9187442669483502,1
-47.08284869463068,6.2716098259048225,0.4163593141110752,1
-72.89297185372043,25.676842973351228,0.012876718662196862,1
-97.66123734776077,11.45204331299892,0.9850184362014363,0
-43.74626074560428,12.55852922470675,0.8134479786397179,0
-85.19122656224833,30.305758559794516,0.37057296571804144,1
-70.98374489475276,11.39339391168229,0.4268950061985477,0
-78.10483833530485,31.647119949872224,0.37012845357613555,0
-44.89348626906675,24.255641495761328,0.4768681997787383,1
-70.10057055267457,7.321449233318531,0.8243946234411558,0
-74.53808263390037,14.470343372807925,0.8043302271416874,1
-45.17013463043737,22.27897329659529,0.5017826108191079,1
-86.19381075655964,6.502536534477992,0.7280215989500577,0
-72.97684372626597,2.836116805629838,0.18292895961100109,0
-41.854796344064525,19.414146349858065,0.07361987263747005,1
-70.67557003981376,4.22572504300212,0.6301321641072763,0
-68.88203947919882,33.250059301320654,0.05545940519119108,1
-71.73422763141204,1.7746200053525163,0.9230161800775405,0
-52.418752683904614,33.46350943495678,0.37651392725299293,1
-92.26735571977149,16.60075589966905,0.7549189096762488,0
-58.41427438421791,25.231691318640852,0.42137611739844383,1
-96.78282911761818,32.5610495221185,0.28748214639728165,0
-40.53821169843582,10.389656725690251,0.06025125329639025,1
-96.80049490399956,30.228532893298677,0.7695619078813891,0
-69.77461973397172,37.9062604703313,0.48028343248031946,1
-87.06493170244367,8.22516266190387,0.043644765558776055,0
-57.10498664410493,38.590747641157265,0.11165075340030817,1
-63.37575344954157,21.49439922903693,0.40727499268468514,1
-75.99600661492744,36.01246380528349,0.1733449992720124,1
-41.69177088119732,38.13081138172733,0.21012235851472705,1
-93.9336300438649,33.99655117623941,0.002475878982804547,0
-65.37175357294223,8.768640421420635,0.37887392819320675,1
-80.74899555596875,6.109572802805929,0.60095667194426,0
-99.1703851568625,37.40193170014838,0.6132669409921065,0
-96.55605245076643,32.00666142076538,0.4494998044229883,0
-78.16919313847102,9.632241620407296,0.5857807636255947,0
-47.521875289423626,37.52725698965948,0.11069779288682702,1
-99.73594468578696,2.1875044160082258,0.5673369187584055,0
-69.07388625139359,11.589459768140085,0.7104474835990735,0
-56.243117209640076,5.55687323254177,0.45126008857953903,0
-86.4489109731259,9.603460677878392,0.946666321547224,0
-81.82212226976188,38.78361976930472,0.7611203890283625,1
-43.616785118631995,38.18004977205255,0.38441550022127835,1
-93.56277654857638,29.938182679495313,0.43058499470895606,0
-79.21559524153548,3.5058751257386644,0.4221220403153484,0
-46.06470542076919,16.263395204202578,0.6309507189196694,1
-74.30831796899035,4.868115642409787,0.5674321195687764,0
-72.92316990604317,21.860286016644096,0.07093800635472725,1
-88.79847290312408,3.242046123415512,0.5220434903691424,0
-40.259811962476284,22.399527987448693,0.8797522203592617,1
-97.05704877553292,22.331628213845036,0.7869307165757337,0
-90.10507548348319,38.02646014975145,0.43596189521905704,1
-93.4307604579511,37.8900770951549,0.04204121964694263,1
-79.78438913787349,9.61941024715447,0.1144544675324547,0
-76.7107699253161,37.40559761228207,0.7017905173630823,1
-99.16382273750791,24.737368771652765,0.8079832792400667,0
-72.192066072334,24.083848583473504,0.8264838890803314,0
-95.3106316068767,23.8860041604368,0.10352719014331602,0
-92.84694842813532,12.365991107999218,0.48981634215429026,0
-66.562039227133,6.500140257888258,0.5476237264109731,1
-60.44414157864061,20.12088402590209,0.20436225890678583,1
-69.1636848052259,32.55161729292813,0.549719384302707,1
-80.2728641313938,3.5802130313859237,0.1755238398631518,0
-59.83295238628339,39.7299414921386,0.14821675563915881,1
-63.37987667258921,22.128935689200546,0.06914900674487445,1
-60.55064198221931,10.786655270237286,0.7896576150956519,0
-92.9497370648439,6.541936662445327,0.480929616057145,0
-74.93540281822962,37.85306292867583,0.7845575176371596,1
-86.00838956225248,27.17924019665379,0.03220707703971637,0
-62.39102583218183,0.7994363345666367,0.7490073709932458,0
-94.29425510620392,20.29893806150919,0.9066964980858496,0
-69.93731349379819,13.427420759538471,0.3571601819218181,1
-65.28637746347096,0.6425102526038406,0.17794445894594313,0
-76.04663648785035,4.806763337689661,0.5186441340207015,0
-47.49970346592349,4.458181416425839,0.4299329831699703,1
-55.22360596107963,10.816364283415725,0.6206721021550762,0
-40.6931551700842,18.79070168456028,0.252124451785783,1
-65.22011684139645,1.4723139266964225,0.7232469973203964,1
-98.45963882155945,4.492554664972497,0.18055568045247317,0
-86.23964682494322,8.342484663748785,0.8359518117456936,0
-90.57932055089249,30.028967416327326,0.564563353468732,0
-87.38844581493856,23.208925125230024,0.5348321046546181,0
-86.41614757531995,22.98283776819899,0.12178191084019774,0
-68.3024506237386,29.333860171568258,0.6216552846827361,0
-52.53993483030158,22.925389274267705,0.20061646541641698,1
-59.3132802804745,27.005097892268537,0.7559995126561908,0
-71.802076352538,1.1144940694497452,0.10403173957426293,0
-67.02197135840518,32.48259864144273,0.5318670662334928,1
-53.16513174840494,27.7914634162969,0.5459429216709938,1
-88.13173277960982,18.81415575429836,0.3879066327695687,0
-98.6917133331688,19.449097572580992,0.04895523308996008,0
-57.08138955790332,11.807136018570858,0.28758988237733973,1
-49.20410702273099,9.56266970087353,0.4020809001881499,1
-78.34583239052301,24.87021760941957,0.2775693967602306,1
-84.56816914452482,19.92905568494936,0.2117237054436676,0
-43.34551082544704,2.8643005660440934,0.9680321996715276,0
-53.689039406250686,21.599972642071638,0.9773655651979121,0
-79.7511986155316,33.95242477324511,0.24829052426100284,1
-54.59486433229715,36.98857886945564,0.5666677824355126,1
-59.321688847297324,19.541828225113314,0.49739376609651886,1
-44.22406167956972,26.55043256451853,0.11302838613384769,1
-66.7104759774059,32.61687873916389,0.31085663597689106,1
-52.65680322357121,8.61254503405613,0.506743535854495,1
-74.05987463394652,8.16258064316694,0.5744962775122783,0
-75.64333615072181,22.2699704160936,0.7034027991853846,0
-95.6882700495424,33.166840956894276,0.7725535095826439,0
-60.84231705152168,20.67255893425019,0.691246348757025,1
-97.83157978653557,10.004421424814112,0.4330522618777799,0
-98.18740310547577,39.18987839848027,0.05674997717652708,0
-48.22441750271029,38.27576504806981,0.08589602444319222,1
-50.88030858144053,20.474663232149446,0.4197271602125091,1
-53.569014320859964,2.830823243767595,0.5606634283032866,0
-53.898849648971165,14.11790027919194,0.822986428163371,1
-43.601044377700454,35.751542514992146,0.48716115183079134,1
-61.01547758195252,22.688392357430672,0.9224323644730743,0
-63.02146180434803,14.498895111126773,0.8257994515569463,0
-82.52023278649206,35.659719333274694,0.8187451994761149,0
-79.21042832121708,37.44966188644805,0.011551240350734182,1
-71.04564948476236,19.17325442101398,0.9339993041214988,0
-53.6304571301513,0.8859733306723205,0.9730185456868207,0
-98.54398069470201,37.429024726332244,0.6237722541909335,0
-69.10361670563364,38.40054500070697,0.3790695208468319,1
-92.86280135558732,19.836868157955436,0.35518604691180544,0
-76.77897306254899,33.43634847308269,0.2308394357601562,1
-65.71860948235283,9.521132900947343,0.44338764089988936,0
-63.94292533901403,27.486489866616477,0.5497408128769186,1
-49.08637067358253,36.360886170731604,0.7352616011867654,1
-67.78000369489004,26.878885246833264,0.26461981365246323,0
-73.7093025548672,26.83629157286586,0.036894441180084,1
-74.51453838876459,26.29397119185589,0.14952675137382243,1
-99.58731933794002,38.919594350290765,0.8261518907320943,0
-52.5854106766339,19.16355077320267,0.012452456879107121,1
-76.92615597214478,6.439645020951041,0.39350461320324226,0
-66.31063633513692,33.566760115194086,0.9368161981059427,1
-90.8612738372099,30.202997068234495,0.1726027956000067,0
-71.32414696261242,9.298045100005957,0.1801375977616082,1
-58.73039023742645,25.37781829413383,0.9345230008626333,1
-74.58230047588923,31.33790476635899,0.6388904170710016,1
-93.66607224915259,13.965675128603934,0.06580817145777051,1
-71.9948244448636,9.031539561406813,0.05283829270342766,1
-93.91352373648145,38.38381455074678,0.6963236415383286,0
-96.44013005650196,4.342679007685479,0.06363733930282522,0
-69.72814058842081,30.481254310334513,0.944878731098092,1
-71.64999470317483,19.532486291644435,0.4993095382489897,0
-53.04255372222718,34.38035195956854,0.22678696968846523,1
-88.18121048086076,22.438168350174724,0.1942477057355695,1
-42.15460152042006,29.61015354837402,0.4258631292122562,1
-43.36317244824421,11.555508327050003,0.7063475250690298,1
-45.836411273998046,15.517131215145593,0.625134767262998,1
-95.86366289604672,21.833901989857154,0.5807049201720871,0
-88.18773948613797,21.464951611136097,0.35645554512030586,0
-99.7430313620239,0.9158476124182346,0.789053245327357,0
-49.53279612974072,18.290049438349453,0.5574430467881832,1
-73.77088486766016,35.170061225099275,0.0357033521597232,1
-53.244813246410025,33.295958109380315,0.8013408753502779,1
-54.439533998656756,32.423384234439006,0.10212547839226249,1
-59.95935857176316,25.536240931619695,0.45149381516383924,1
-97.23610599386853,28.35551746545997,0.24288125193367271,1
-69.17688752997677,1.2458769227663868,0.9207368751510814,0
-84.32967495900455,38.36877789112192,0.43904589259757687,1
-52.408097547570605,31.050438327067663,0.09326600063807322,1
-66.59777589149773,38.32119487348321,0.9958210691225423,0
-74.99793858591957,23.91385883533069,0.41920172275896617,1
-64.62962017579193,3.5802745043557005,0.08028200980369704,1
-82.41074751959832,11.942397005008655,0.808041886001498,0
-62.47215467362457,30.540089836325617,0.07428977721696095,1
-50.04955462739037,16.0888146609253,0.6696513297023462,1
-87.46242355092315,34.65498949595799,0.11289516060948257,1
-47.62846247354928,9.199909605358666,0.681425213051728,1
-86.3629815094996,22.234684249002786,0.5398510803904536,0
-52.44930944099426,39.79726786323079,0.6473736427147803,1
-86.68286491317596,22.92738214921014,0.3339025412448614,0
-80.33153675836084,39.664041998279,0.4135594637449612,1
-48.17907763468779,8.344539669358607,0.6000712927107704,1
-75.75793655555404,29.438361931115338,0.40140936828644735,1
-80.50419932732729,22.544911615294957,0.9918294364989629,0
-92.02443694138005,0.20724008435430985,0.25650078121553843,0
-81.49242265013498,36.45077613440335,0.955493065567245,0
-80.07392872953972,24.00514717926303,0.38514437481924757,1
-98.4162490730473,27.94372912466323,0.2612636251597056,1
-55.41091339569685,21.127783484240787,0.22679411654010329,1
-49.70943911427534,13.133612080988275,0.40878801545345345,1
-72.16466283339699,6.6727759265557385,0.7802405175015571,0
-98.186517328914,36.17198120102057,0.9252256896231581,0
-52.98815850398616,34.8547678485173,0.9189112486481886,1
-96.81805769968693,3.156970352642734,0.36020706953064097,0
-71.48166292698374,38.7850440077625,0.6493731979801891,1
-62.099896865203846,29.3868707030245,0.6070439735451827,1
-68.57305783780748,10.896954535330021,0.13748559577122754,1
-96.09534236934905,33.81776031046798,0.8436675815345512,0
-82.63421754951611,33.871469959958304,0.35423958295656166,1
-96.47997206004753,26.09261198571661,0.8476205726843432,0
-65.9583664591565,36.26045533780801,0.9707747183525302,1
-52.62049277418638,3.6835085805183176,0.6190564999868547,0
-82.99206698539855,19.618761206987976,0.5295979539338634,0
-41.88995667823504,36.39803902169244,0.00017863279996643833,1
-64.95868295042877,31.90569525979128,0.18799438074734798,1
-85.87148977589472,27.998665988581962,0.4790797279061645,0
-48.730615818068536,21.239812850914813,0.6732390398220887,1
-41.69041443634196,5.630045525437293,0.41426467490376784,1
-64.02286602922786,38.70833587408752,0.1719005269622511,1
-60.93880844478962,30.327315512211687,0.9452967655421827,0
-52.53201259842711,21.475853905004442,0.33918937014795514,1
-75.08416902205698,6.292429774925785,0.2567802102346708,1
-91.45251566294381,20.804624734479937,0.469368190968377,0
-86.48934003366728,11.199359157461512,0.2729839055917834,1
-46.92910075799952,8.345277164428172,0.7667929557041006,1
-45.654578090209434,34.30442341497292,0.8403144936966435,1
-65.28686504104688,12.352319906191646,0.3209639514589162,0
-87.90689816953648,12.580459238557506,0.18174302489625072,0
-60.26784194210351,1.7588726559147672,0.8632938728320251,0
-47.04145694510493,17.453349419076872,0.14965988563692967,1
-71.51549549756804,5.48570003756601,0.232491005907693,0
-43.81294511749069,26.363306048735424,0.2330446864414869,1
-65.70581292959687,8.958117747013997,0.9956526711536313,0
-90.67617284456347,36.552230818519675,0.6414878307627125,0
-78.45923007137209,13.985588615369666,0.46981651917909195,1
-68.94357429886676,28.07299197520724,0.4678740683937307,1
-88.49368176005332,9.406659559737477,0.4941219950825141,0
-95.61328959944971,7.216865539580799,0.28724810523950894,0
-55.24385296469312,33.30566175770596,0.061761000045839065,1
-72.93125535933072,12.861093367661454,0.7456547214243457,1
-91.74675294552573,18.690553542205652,0.9606227511743215,0
-62.185870301620696,15.193835239470644,0.29488462479959443,0
-92.43841949520241,8.041033410133839,0.617389880457384,0
-79.92965440355975,34.6917062825088,0.44227112611789976,1
-61.0103546462033,36.172131893095994,0.06419253157710925,1
-89.51895970476151,13.699385954541366,0.6193098033797654,0
-43.29006895241592,23.258424611367335,0.5583590318665411,0
-81.03031115187581,28.57086773182687,0.22175785762609812,1
-52.451640066473374,27.195274818714687,0.7836205048873639,1
-83.2218202538482,2.7443927088117537,0.8707750613295201,0
-95.81163403772617,12.273712421985486,0.8149730978523536,0
-46.44263741143187,11.500891051627393,0.38518479589805954,1
-67.17902630761998,15.10042327453311,0.47370941858223203,1
-78.70527771950827,10.838077709167532,0.3377989542467903,0
-71.90611565838496,23.4265517381634,0.3431055693299865,0
-98.7311190198136,13.466477427687309,0.9299174891628784,0
-67.80591918537465,20.723045293485896,0.1953454382546974,1
-84.36895568844807,23.448819373140587,0.4583125648435371,0
-87.8557244124569,8.984446781214457,0.3459952082872979,0
-87.873141990612,36.49905478102953,0.11240965237966738,1
-86.74432826722526,13.388660526607374,0.4951430944598868,0
-85.84646474907755,1.0774712326184632,0.17072662850978937,0
-76.35495463508451,32.33501362086945,0.7008475419378015,1
-84.41210526242162,2.4744590091315866,0.5715154138507516,0
-73.7257850544602,20.771994325522016,0.5791620925410408,1
-63.6413644871146,39.013122528451575,0.537651059423417,1
-80.75918437104885,21.246994042974737,0.5019077925028342,0
-70.4074400279324,37.54451873368236,0.7525670676542198,1
-91.0297148553025,36.316365830943084,0.5053908427698502,1
-71.5454451144768,28.25431645182038,0.7566595301119042,1
-64.31424979149378,34.012198399063536,0.26520297364966705,1
-88.98800626718086,27.7430565850537,0.045550333960988953,1
-53.68836754936446,33.61678485991048,0.6165191878077689,0
-49.43608187161168,19.45303523257243,0.15429525823322343,1
-60.5698144945498,33.782929974191575,0.29626790055962327,1
-70.45222497997402,27.394211439352052,0.4794694369499517,0
-42.091472976556055,28.703724019405932,0.5582551737092806,1
-72.49089936248033,27.272004512393874,0.04083064355662214,1
-41.55342286116507,30.177403397415592,0.5653385717622291,1
-91.74191289205784,14.223269295308945,0.34729583116106355,0
-59.09201717810816,28.719952685748943,0.22394613471536962,1
-40.03468544654873,32.86672998555276,0.41892781012059976,1
-87.60221043685678,0.9318865283027566,0.3285289874742574,0
-75.80358502417936,30.726084348876288,0.9019617710427077,1
-97.35492666775131,1.3664731297899868,0.8613453862739773,0
-55.017654937321794,35.41361319786381,0.48201676671839655,1
-93.2370360203284,16.30463505461661,0.9757142553595096,0
-82.34062150990998,10.60998263220997,0.24086283339806114,1
-58.3044783318712,9.414168271608133,0.8942975768352115,0
-62.058696954021926,11.80182429275149,0.49254810180716035,0
-64.95027104900225,18.148967653176094,0.7866567457367423,1
-67.30102362529016,23.677258484199193,0.27901413842772116,1
-84.75086271285959,20.801214388854987,0.37530052727940855,0
-91.02837947111806,11.508185079542397,0.46393241027477505,0
-81.35558393341259,25.07366216546707,0.4440754048102774,0
-90.35626340933842,6.103791936253584,0.8226746433470952,0
-78.06980210671856,10.708857743089965,0.19302385774457342,0
-55.660959765067496,16.07324053589592,0.4011544326451919,0
-44.52284929100694,24.182485601271164,0.7976680152338023,1
-85.49802412113215,31.689825807678098,0.3374981254419699,1
-86.36567669291338,8.966955803371942,0.6089861087129861,0
-89.99216717057186,18.39396412270636,0.7625600787881949,0
-82.75161888709462,9.120103925953114,0.08008732154373821,1
-93.81166883618366,20.109769976177656,0.27129464700729433,0
-68.25763639066659,39.69513941972194,0.3640548488348956,1
-71.73718887731468,22.094542935731614,0.056003003315500455,0
-48.78095985972999,16.94723663713176,0.08446706660432457,1
-81.32013838117976,16.19040040513528,0.8538593661821401,0
-97.54318238285681,19.804018158479586,0.21776057402407256,1
-44.018606703987324,9.843121564261912,0.7226322306224646,1
-49.75705825929589,19.55755326105676,0.2045393841141403,1
-65.48230284228987,10.983507200836552,0.1219861544490699,1
-68.15382456405679,25.226031987014558,0.17243404511156413,0
-48.83313222208524,20.403704529953067,0.5093054584941635,1
-98.81833878408194,33.172303415932014,0.9967462224514594,0
-60.372865690397845,6.973282589347538,0.7645423248788688,0
-69.4804393886325,8.079586186181281,0.3981468298797899,1
-48.75467520206734,30.551232590645384,0.37275804440029725,1
-80.82006594237478,34.95841199400799,0.6036988881060608,1
-72.68617914093056,1.6588361863909418,0.3661838543647611,0
-47.625279016774954,3.4275618118399143,0.134278505064945,0
-84.03814764270008,31.60287717906574,0.34915282694837924,1
-72.08991184978942,34.16905404233298,0.07852967241740672,1
-91.76732453256326,18.57106804011554,0.9292514625790086,0
-63.68938899981531,23.63435589557332,0.8779659541438398,0
-63.6500227315172,15.945567370825087,0.9905829857853936,0
-69.67614072643683,25.913740531891435,0.7451042622624938,1
-66.28354458392934,5.236684232190987,0.33787201123315347,1
-46.969765834082104,0.9835979855210475,0.06993996344866471,0
-76.23119529470199,14.822424490444238,0.4742606709676185,1
-53.876198055905476,31.974938886029438,0.35703555254218133,1
-63.809258205304616,6.902947961353054,0.38103546108083997,1
-54.88078670989832,1.6638049957511702,0.8721621438584287,0
-55.318529837431235,26.786539198355843,0.5338953928719335,1
-63.77810565042482,11.924371888705,0.904335354027731,0
-78.66885888188521,22.671022298950938,0.36318791028520536,0
-73.58193111119269,14.920475115441239,0.96600675430606,0
-85.34595708651135,30.22791501697735,0.5035695878144457,0
-57.07042019254609,18.333345716522004,0.29420411694457704,1
-53.121728963208916,18.694587934667574,0.17740779893936054,1
-42.47754844168396,14.968491741265382,0.8611228242026991,1
-58.71629601392379,29.735299098432183,0.28329481218296115,1
-62.2127335165049,18.280927771850056,0.4292806775938164,0
-82.68681958234288,17.483266426391854,0.6674416314974766,0
-72.29636816892943,25.631631484277655,0.4244115840646461,1
-69.60333161440879,21.90864263923755,0.9979525669924286,0
-92.19721359490804,33.717182948995685,0.6512071821901907,1
-51.752528429064235,36.68530415450063,0.9777715299995696,1
-96.20370691032252,16.026918974994647,0.6149654399396826,0
-98.78893488357764,33.52687395874494,0.514286874269433,0
-87.7786390551892,30.50365705678491,0.5511738701954456,1
-59.44540049106612,34.268697342796244,0.6713018998715493,1
-96.08336593128041,3.5360287085245545,0.4624812267248344,0
-78.59033964052158,36.07853930878106,0.9123115964762789,1
-99.96573661580966,17.023248586725195,0.45720457412790894,0
-45.34891905741824,32.42979996182661,0.5365583476976188,1
-66.57989308711299,2.937141131894707,0.30834419763113274,1
-97.93174043003424,3.909207339684171,0.4707217356863842,0
-72.8652224751079,2.1085489022284376,0.539552216651757,0
-53.75138309005644,32.83467825284347,0.009050929414002429,1
-89.12268265069164,3.4371919785348393,0.8872117068760514,0
-41.86150580553754,29.337218230962364,0.738774128826871,1
-46.097476963637526,11.510903194169359,0.44810030711301196,1
-96.8916930616076,19.980376867121407,0.5953654270345793,0
-60.68262308413678,16.147522448960654,0.7686027922412657,1
-50.84443686640081,3.612784139642349,0.9645135375180348,0
-41.731890891860324,35.135260371074104,0.1718232407297139,1
-41.51323431654085,11.90622749789513,0.44688641445879895,1
-82.73145910231793,12.530508974383604,0.2742526176864438,0
-48.19048494620693,18.547641597010248,0.7357389494948099,1
-44.17692294465097,22.115268244203477,0.6504722163881376,1
-97.4115410142856,37.49485412870159,0.5016653190232986,1
-79.70166852382215,33.35850064858603,0.01444722953147759,1
-58.196503283526795,17.496600116995197,0.43745675719769594,1
-66.97056521350288,4.741108915298753,0.8443338260902923,0
-51.29485772684409,1.443105205394759,0.6894435927359337,0
-44.69890094574578,28.77223544426664,0.01740893393556675,1
-45.13443066204197,18.044611021276292,0.7611184754752752,0
-66.73300708020835,11.255817791781922,0.39058015712612737,1
-79.93844639695646,33.151851310057914,0.30686488474305207,1
-81.31703534388066,10.585950746958028,0.0834728987618426,1
-98.9904317792531,32.72277886573253,0.01668700639804921,1
-51.40355581330776,3.65166941688408,0.26555712676456944,1
-76.87783114857382,1.2565878502312255,0.04287710798723432,0
-80.26338097141044,0.44686574628231224,0.5761157205464529,0
-61.910343247308695,28.937999360890053,0.5491019428900115,0
-66.62689283654953,36.82318156380555,0.13645751777373405,1
-87.91260626515935,36.41433229342707,0.436597965217838,1
-89.188349577463,2.72293422849903,0.4942574650810063,0
-77.14357911708196,20.767556067559248,0.9573830765018189,0
-59.723174266024266,12.005342325391219,0.2120209513550806,1
-57.655716745466044,19.71923396999601,0.9741367657411447,1
-88.63819049962876,0.689458790397186,0.9273983442001863,0
-98.216967198614,5.5785033036973,0.8033902318132708,0
-69.43660698304046,31.146833250900507,0.4111777512353847,0
-53.28353184243522,9.234793973951883,0.5359878629869594,0
-81.59355498536769,7.084075840941746,0.15672819985539022,1
-49.95274647987351,19.02304326604687,0.3697795640971928,1
-60.64587282017483,5.310578943873248,0.9364508199622841,0
-86.96009187049913,11.541215835766284,0.6436111045008353,0
-86.59332299620966,22.04989926277524,0.42153104191776025,1
-99.9444335961157,35.52069737937525,0.3884063532663292,1
-65.9556055211936,12.313472793571826,0.6880869642249875,1
-83.80067575905049,33.43504104280478,0.9424904281758583,1
-87.64230173631118,16.55794291094542,0.5204611733216071,0
-82.44432460905259,16.10873766323316,0.9422655916175975,0
-87.50974352172268,2.500127868172073,0.08407215598423545,0
-52.83614168338277,23.45617332555143,0.5790785971200488,1
-60.04877761862769,36.50610311731016,0.10281078650659026,1
-88.61391176735391,6.709289297847194,0.235502225059806,0
-40.35457181397303,14.943503623335005,0.7146056701613371,1
-51.35770696950252,28.918187070904466,0.3105590084419384,1
-43.74608447362318,18.227188576365528,0.28265854743714813,1
-72.71243456097702,24.134022130405924,0.5929499760698216,0
-88.46195925789202,18.336333584368365,0.12450244143264921,0
-40.79810790888823,17.99454443776778,0.5012309022577829,1
-73.21663047137743,13.589356029971448,0.4726514057385329,1
-62.69131693281177,8.210294239721158,0.4559451399017608,1
-97.64083701800378,18.113849963633733,0.29423856402010273,0
-90.94481468023652,21.564468990286663,0.4975352030435358,0
-42.8628455469809,13.248613365595908,0.17748322129624627,1
-62.37244148127262,37.46561563697907,0.6537268807687456,1
-73.7257577680748,31.245760144930163,0.620673718964351,0
-82.05165453687336,8.84913716823721,0.49139103576119325,0
-94.91130452585422,9.709360869413945,0.2941685112535217,0
-40.573469264480664,24.622854070380548,0.8099184147452381,1
-54.792367633819495,25.103528121318863,0.13494896508530174,1
-98.68139926353884,19.964309387466514,0.5919586412443827,0
-79.22713267833451,38.277900990444344,0.963568296326342,1
-60.365932407549366,9.889692961010166,0.24148441126179465,1
-90.06296916757596,16.88017648845351,0.2609476212460168,0
-78.4489330473645,15.586590118462734,0.7409300375194667,0
-42.47251662725774,39.27444540966822,0.6810211582434441,1
-75.89807346985108,13.436945149470635,0.43165291885151413,1
-89.58094268249987,31.935638673055585,0.22471053385695416,1
-88.41800731302327,24.048172508178247,0.5801030908953002,0
-58.40937283245935,28.574766554314724,0.8827932346457199,0
-56.648270660005544,6.593038756481584,0.44213094548497467,1
-45.44192106158377,12.224516669296506,0.8407179371669942,1
-97.40009479236998,24.035934727191798,0.4123194199546041,0
-52.728402877967795,2.5768711010695844,0.30224202424387414,0
-56.01253152642728,13.518922309033785,0.09938103347556448,1
-54.66762745159436,21.565543806342045,0.871638244151625,0
-79.6189764718294,31.737555267010475,0.7828229089809406,0
-61.11436418310902,36.77215041492675,0.0033103321469913904,1
-61.57956273253096,3.98410903045487,0.9076733655109315,0
-86.75889419625368,6.048047916232604,0.0934768881944047,0
-72.21907901582023,20.74071323182443,0.34860855996047735,1
-76.35686854080822,0.4958858637021546,0.73249118816546,0
-60.50837528020721,37.62236222443185,0.023955507718375735,1
-83.33700905024779,22.94477472029636,0.6035757401822138,1
-50.90635884236456,11.312760332437861,0.3496143170869406,1
-80.90041674225878,20.922052821309435,0.9329112180150937,0
-44.20602100115797,11.74521742099265,0.9715393764842184,0
-70.78107506170029,3.352995918491777,0.33655121649012,1
-42.79478508079419,0.9672251823073763,0.7834373563793037,1
-90.82311173014732,6.866006378856793,0.8135089241205852,0
-87.71940225047955,2.048977802185692,0.4590523252995511,0
-45.89611492216225,15.747564839008152,0.8543949883934009,1
-82.18367573093664,1.6160622702096106,0.9745095640013214,0
-80.97754532096573,15.120343136415828,0.8961981008439106,0
-64.58720353932252,12.13234490736471,0.9000514276415003,0
-69.2902119472887,16.4155322945912,0.40638053228309134,0
-60.85719196336812,37.28973431438515,0.5292736402501259,1
-75.78047378204994,23.34426497892462,0.7671321693134254,0
-83.51049695469598,13.160640316156439,0.6878362350014187,1
-89.21907907722189,28.454511756159583,0.9992192209522014,0
-90.28783836227555,18.424720960112744,0.22419769824127422,1
-49.72121810595594,32.38611564794912,0.036709433021800075,1
-91.51639431533404,26.827609520065142,0.5729598082113346,0
-47.26425802313672,18.94375028897376,0.2894423608809289,1
-88.72835647974868,19.780884857741352,0.8816734717139949,0
-84.95902062945646,18.719830089628886,0.6758150953505047,0
-67.95519934068822,29.067672651921743,0.3156916479886539,0
-89.41866541493192,3.259246263069482,0.876955286472345,0
-50.42526272803228,13.168237603076642,0.9615633302697078,1
-75.02817201987932,5.00992042218213,0.4572510483995107,0
-70.1628385473396,31.737836837037,0.40962214795507557,1
-43.6716787475777,14.647428415797506,0.712157796183099,1
-94.18132667767124,23.853526455657615,0.25617250436868133,0
-71.19519548832743,5.532319696690866,0.20576162503106177,1
-43.785607598639324,28.74060937439968,0.42666141885686004,1
-42.90746841098305,17.760746338413664,0.6477381754074208,1
-72.51648750289411,19.48758939111153,0.8801996123884953,1
-52.293109661014846,35.670311205103815,0.07984686079208558,1
-86.21610840323237,28.50479078788657,0.5580443594920751,0
-93.00124511534884,17.490950217371815,0.2796554323331857,0
-94.93334073160665,38.434695922466815,0.7515138048628117,0
-84.46986176575602,6.234155143301794,0.12174642002582803,0
-80.49441021513128,16.189323255012688,0.9069910093767767,1
-96.28114167986111,19.533198658690726,0.5963155471560764,0
-67.56568888668028,13.383430357355195,0.7657540958837463,1
-55.00101255500084,5.216230137587732,0.5264872994150666,1
-48.879068987129855,14.344350991742004,0.44014497964853017,1
-46.82690119663577,10.437613023729359,0.8855124415302995,0
-79.17587999522927,11.633446332159373,0.0677193567893356,0
-63.24287545083488,7.286538073575866,0.805600821640691,0
-85.79895978414062,24.157252513903565,0.1326565836792052,0
-68.68015677725585,20.620332190046803,0.4225939801015556,1
-55.89517334428797,15.329771213823221,0.019644459520239632,1
-71.48755728842244,19.650116271246564,0.8741643162479671,0
-86.59008273555355,17.673680769644307,0.8019884959346235,0
-80.08635160894579,2.2134582106434264,0.03047359333920041,0
-58.926914537275536,30.326195351943234,0.445970561621696,1
-68.49541046048347,4.384765527891195,0.854845373895063,0
-60.49115389640248,18.30867365121396,0.1910556082971051,1
-97.29967675611334,14.36691801593765,0.7496936412396462,0
-82.04329767267578,17.672486184397066,0.5256776442344124,0
-42.5950978927487,14.276377474184425,0.7353916918621596,0
-84.40241879650549,17.684119698789623,0.316239656244264,0
-96.10319324740338,37.41382234623121,0.06028782665525845,0
-99.55217077529392,4.954157445654972,0.7411917209173954,0
-44.84603822183378,19.678555658856883,0.5858176451895907,0
-91.4081957354127,16.6497638186273,0.8894198581940664,0
-55.6033862090912,37.28371926332918,0.9742359037524223,1
-74.28414798666178,13.666974355729842,0.04188339084157788,0
-91.70025579303704,28.603549747335766,0.4541590961175399,0
-53.23134755372026,39.997522154760404,0.10340202117729225,1
-47.17424345304174,9.996296300395588,0.14263473895930956,1
-42.343823770683635,31.95348025228702,0.5618054275114394,1
-70.14642056100644,36.42677318494835,0.2056237736504164,1
-85.24434096465184,37.35919598220285,0.9685282354828488,0
-98.78433230775165,36.161698579604824,0.6574430003680134,0
-86.7921351860143,32.53762986305023,0.8524108061949205,0
-61.89320788150172,18.290549057345693,0.0558177223721551,1
-99.34391673336017,6.08315710727807,0.3754930424338606,0
-58.43550998398723,25.243096800723226,0.2904496254925203,1
-92.3025145373734,6.4441118818266885,0.5710205486401232,0
-89.79253566306099,29.098698488434977,0.5906136311024951,0
-63.90169785166823,5.384095986329749,0.9654687185512403,0
-42.27188806098849,4.508486897723136,0.5744903778640993,0
-98.39512762108929,11.692379924260079,0.6225733674048975,0
-94.3071292796999,17.322232936779358,0.9598712590722609,0
-87.7166834475374,37.09962692023743,0.9695755897719479,1
-58.78610466887581,37.382858267041755,0.6911577454816733,1
-55.314270645530975,7.069724042489747,0.1585108763062284,1
-58.003228874281824,35.5368931667152,0.8482059231224272,1
-93.06872837944374,1.1291675944504354,0.5970063552362002,0
-67.19098790369375,28.503779846802495,0.1729947424321262,1
-52.81658615786104,30.569605387622957,0.17128260393222627,1
-96.1485110779827,39.41034890388687,0.9678659583091761,0
-75.26135638856591,34.67359901756676,0.9837954106952603,1
-41.52457520493365,32.67168943779461,0.7581918095182556,1
-61.36809279516013,14.510476213878466,0.8397944994077569,0
-98.12336492351162,20.492338491530006,0.3798614569489024,0
-71.70383325009112,19.206560101999134,0.11494276679292181,0
-98.89373182748837,20.440721893386215,0.2461124634552322,0
-99.54311774664599,30.656450942244252,0.08287464365904329,0
-65.90995892251813,16.051379294463047,0.468410953359648,0
-58.105463560648595,27.772614477831862,0.3673144132157641,1
-80.35026613524727,16.74296177762006,0.6415525293800594,1
-64.77607519907187,27.682197447488033,0.3193246728989566,1
-48.19397463664775,11.242987703787097,0.5502115512596853,0
-55.125903871109486,33.17067117776553,0.6606208084360723,1
-98.76741792831137,11.068812777897236,0.7947258599027955,0
-43.5355497851986,9.529853076473124,0.3245460266141639,0
-54.20874543543991,30.758176196447376,0.7804321602753468,1
-95.13075997456605,24.002838126141274,0.23961818157609505,0
-79.6515995756215,31.47811165092755,0.9371510634185931,0
-82.70088593137189,38.537527596320956,0.7412930220405352,1
-82.48338952291405,3.4524509603509124,0.04070000743022095,0
-48.78194847115844,28.518011364811958,0.6280570758709814,1
-95.9488911887551,6.856350764667121,0.1264057858252372,0
-60.224709338074746,23.99710235615251,0.8690543591016152,0
-80.38717993854733,0.6210503166856496,0.5292991600028849,0
-86.11550470336051,13.30126621625848,0.7970417156657076,0
-54.50202739218178,12.770596695873975,0.1617871993772111,1
-99.47711816039597,21.895971957829058,0.7833485085689345,0
-83.76882419738794,9.355133703327647,0.7425312985806994,0
-95.8793208670498,16.923055887996693,0.20387507524418946,0
-95.94162672981614,31.42900031171721,0.5170362825855608,0
-71.62125488967597,24.69383641079213,0.49272866858960684,1
-84.52869160370784,14.87597903487826,0.30781539091136967,0
-79.04171083373834,37.02413572392863,0.34864720179489816,1
-63.91763423131913,18.310221791895486,0.06362527623737002,1
-53.987465913568144,37.44669805896801,0.01988559661445477,1
-81.57212238027827,1.0702657982626018,0.7270279431670503,0
-67.10360092850868,35.431025425616966,0.5506622969105741,1
-77.61911397533595,1.3111065637034658,0.6912454831289107,0
-97.39946337752417,20.17066116188871,0.2984423602044498,0
-66.26634672270599,25.584620597717027,0.8679998788473634,1
-60.47446064759346,13.148733745087892,0.7954623301270153,0
-65.0963621224771,5.086817325683004,0.9778904828438983,0
-90.89189601527012,1.1140859264576175,0.16162619928572153,0
-87.27196147461879,25.294149937924068,0.1188586033303285,0
-77.03736738414221,10.149423602867934,0.29809210786126594,0
-50.39351031916728,14.103281838542237,0.6758670198018472,1
-72.09915208064362,3.8304089912547656,0.07179159941468694,0
-91.72602505528208,31.46551247765563,0.21967345330801824,0
-73.4268177877824,9.75419205023484,0.8929770233443713,0
-61.59686144778181,38.926994394405995,0.8807261147830743,1
-86.91104892633811,38.16965010104454,0.6861782486498885,1
-65.93131687873941,15.297820397510247,0.4738108830911256,1
-53.298371753307,22.394492080467685,0.4818891588431271,1
-70.67877091798184,15.93194703717816,0.0200804495946878,1
-45.74042895649166,10.163639241826852,0.33038871191484054,1
-96.06834197411199,38.26312249739506,0.6138102418393642,0
-97.84606683955846,24.55120948779651,0.24119973520540428,0
-66.75573418651909,12.087851713970355,0.5521363801929671,1
-48.03132362013879,21.26224391450162,0.3125245231968079,1
-47.581615213851805,6.60233639917577,0.4577631414842912,1
-88.0947491943075,10.614582579044756,0.48867913000399044,0
-87.55880001841265,14.52578400215199,0.9428669062109816,0
-59.25554739282438,12.154852575239863,0.1464701928268548,1
-46.901799915063634,12.021450291983399,0.9216724257364993,1
-62.39361545948715,23.942100994881358,0.7847947946654042,1
-86.69817109739061,37.71970550319895,0.4677990419705782,1
-44.66001050108165,29.559944893582145,0.541275445050581,1
-93.83213823131503,32.22539787308727,0.642678182067326,1
-79.98282343044738,0.1820136747952672,0.8475097763196596,0
-91.3654782352865,20.607005000390053,0.7935529742880093,0
-40.17841830164963,1.118072242904864,0.5234770992621208,1
-50.9831161446312,18.757805716502677,0.6062252147157555,1
-81.91596179678886,39.74447104746438,0.25999673723064265,1
-69.76402213418595,32.76317927254969,0.42566216045884453,1
-48.356855900446355,10.065243777647726,0.95672611518929,1
-41.45583853662037,33.47041326827145,0.5031815806656262,0
-59.566530735541775,11.753724514392157,0.13223178936192304,1
-40.397890095329316,33.03764479193828,0.8326973129024741,1
-96.75674130288405,18.00919011358183,0.2882700416836751,0
-87.15446263979679,18.73769812773248,0.31775513550803614,0
-41.07134222092934,33.72844110633615,0.09659202875416273,1
-87.47467066005578,23.194762139284904,0.5983957754053801,0
-58.84796184587087,39.0082178497494,0.9234937497378148,1
-70.42973199587307,17.36076074442701,0.03466709044607508,1
-57.40441731144509,30.35009577016076,0.9132139073331988,1
-57.34760948242852,6.580803320230673,0.9457419794941248,0
-77.62365171470626,39.05923482834968,0.0626816197702128,1
-76.38600872121552,38.805599670900015,0.39063439392403865,1
-44.283781706630045,9.470885224229662,0.1899491172803106,1
-62.248123670224345,7.517979025609893,0.491606911800045,0
-90.42856396624123,26.75534600623063,0.41745306108412306,0
-71.44525392054831,6.75966513421296,0.7969260678427392,0
-92.57276013297174,35.11340015614333,0.790300479337295,0
-83.59940179060598,15.23901347957699,0.6863899104782943,0
-69.5938345451676,27.199675871274746,0.9144346670366498,0
-61.62780205553822,4.860134423517639,0.2971252641915588,1
-94.46454154387764,22.122586970630685,0.08100101201014787,1
-98.67663596139705,29.889694304380736,0.29451033723110187,1
-48.690163210947176,18.158930021120092,0.08291397820734847,1
-82.2450036757113,7.607756312353184,0.41434619352732993,0
-98.80120454621124,24.815744764593234,0.11949879919522832,0
-84.76653472465686,5.072090436690182,0.9447742220676633,0
-61.28884236004142,1.4307125631596795,0.716284086137663,1
-46.89022740196953,0.5207401261020816,0.569315760709593,0
-47.91071040825593,36.92699163339211,0.49139397187276135,1
-55.1960971097172,17.166336236352056,0.6210446011281119,1
-83.31867360395117,23.042335098287655,0.5795811605320023,1
-91.61389534276259,8.60155124778343,0.7509306223327887,0
-49.86200445680053,39.17295253248493,0.579785102079209,1
-40.232364541683566,18.35400338722113,0.2702024030311736,1
-76.14849852670042,33.619335106458735,0.12714428588788407,1
-65.5517915913027,38.576930334127844,0.18571858461447266,1
-61.70658682441979,20.815692296662313,0.28216137571574296,1
-97.28288649450181,28.212285111489543,0.5278691074451923,0
-92.23823179250354,8.987231317339663,0.6322650629370599,0
-82.27557050055074,3.5758680928889364,0.06869660655884491,0
-71.83062809800839,37.62030834113276,0.4756620041690739,1
-68.10518734016111,21.319369614725186,0.6690100086971594,0
-75.7894223048047,14.963093958367551,0.28123896238428514,0
-56.81888434734326,30.917640413381665,0.04153669864464493,1
-46.11279516993433,26.07605665234403,0.23831121509403108,1
-42.41251430538801,1.5053176488472042,0.8095928427900493,0
-64.2132940383836,17.49351054581643,0.3382274146862133,1
-74.51338451107264,36.86585882816179,0.5641418339547138,1
-84.05143520349606,11.835460296284488,0.32816470491672867,0
-50.62384736841417,15.452096091054983,0.4913397613661118,1
-97.57610686866276,12.052655463021402,0.8982323952012353,0
-41.432995597582625,16.71038768965266,0.10670606530805649,1
-54.919759616471865,1.4348120677706566,0.5860660378459198,0
-54.24807117576086,26.314850791124613,0.8359613310840178,0
-52.1072894816958,3.3766829423016365,0.5774959005896709,1
-75.08341416893775,20.34903736430859,0.7635076169245223,0
-95.83560950215016,39.20805305090703,0.8295071012641434,0
-84.09872165166283,1.0783805751240516,0.18535501748486416,0
-55.049550561068024,33.06280227240229,0.7972183855250813,1
-53.45015178908567,33.75000707539182,0.358248738357986,1
-68.40174940376798,21.68860398290682,0.9022724493085356,0
-83.31319858771073,19.53997089855831,0.655325505929925,0
-46.815974848433726,31.745906044337467,0.6737040281143468,1
-95.72172794890928,16.18897022048998,0.40299890990600395,0
-58.60359822327563,28.284444208859256,0.6705048432002738,1
-47.39931167489783,3.512340491214432,0.8260227909578298,0
-75.0831151756725,6.293847815924067,0.8696551877811108,0
-97.80067628990577,3.367763610538117,0.14080118339231906,0
-95.9807011426705,4.967905281340417,0.9266644113895102,0
-61.0092039067108,13.380443327891465,0.04220752403904726,1
-83.95705067231451,13.532367817400583,0.3970439129212745,0
-98.15092992592363,17.984105364515145,0.12420415090794479,1
-49.18997349933209,32.371004643404355,0.4918258214829051,1
-53.01922987258944,33.89054482397374,0.2846642993207217,1
-79.87324444304434,1.5597857429786055,0.5982146338790935,0
-89.90303704033461,17.147940981338653,0.7385831946414841,0
-60.3969195336869,1.2315995175457317,0.34479667469537745,1
-99.71551642528756,30.706082330347485,0.24130826166471542,0
-71.10450464763738,0.3201418109540377,0.40125721227234157,0
-85.2786241039824,27.475614152336263,0.7046896832383602,0
-67.98280396360794,3.358223015029065,0.6026112653533513,0
-91.17016703884335,32.2206338489676,0.006047534688582434,1
-97.99098586017396,33.27491562523608,0.10085026533824182,0
-59.26086034510378,15.150485929810875,0.05379030378551941,1
-92.24144487077378,6.765261695637568,0.9103493541935106,0
-74.95505048808651,3.8539601088593844,0.793180435093197,0
-40.4862808762241,18.013638286659123,0.40387699153349765,1
-72.6998434905053,1.0618142760385707,0.7075864830058421,0
-53.48852080847683,28.17992899191223,0.6161078469530309,1
-91.47376444890143,7.509370539607136,0.18785227270092875,0
-78.34660347064984,3.974608491915128,0.591747963368589,0
-76.16376290265599,6.7140798125864976,0.12270885660187147,0
-60.9523246169358,1.0926106046104422,0.6869934181411287,1
-79.87712369022108,14.696874182030912,0.5031440666231899,0
-85.25291941006459,4.729876532211774,0.18252039699052258,0
-97.69498385385732,5.015960755292412,0.014919209104176323,0
-83.21279129936488,22.718025873817144,0.8066945346529946,0
-64.70434170200977,30.75843553748673,0.167865314565393,1
-86.84864701128205,0.7218031357712151,0.08120454900273322,0
-62.145279533640704,16.55876954641243,0.40235240794648286,0
-60.424578587726884,12.444328808103924,0.7813032711151666,0
-75.56488364254048,36.24480119054206,0.918730286019515,1
-47.09683460351376,4.24409760586268,0.5651674297763873,1
-84.64209456594384,26.39447842802056,0.4027828974344817,0
-71.56093161825454,33.75614275526963,0.2101136058867784,1
-84.12761133092134,32.2149711347553,0.6822971523072116,0
-91.26503847386584,10.556673217855671,0.19403749202803133,0
-58.18779702851209,4.6681992069798195,0.9305514926197441,0
-73.69557456819106,14.436242262318174,0.4395495092338665,0
-72.97164082837816,7.636350255734876,0.6921088793287536,0
-74.41880531653857,22.885795690604755,0.2877410128507627,1
-56.976582013567324,9.502120273206177,0.5576466871449997,1
-93.81010043565828,24.205318672392522,0.9913346863460473,0
-46.8108205203224,0.853846343772453,0.68442213063757,0
-94.73573301504187,10.293306083244005,0.07202923052434729,0
-98.96268236885125,29.41226734031574,0.4561332157350866,0
-57.227208599968385,39.83907075262866,0.06076742721569339,1
-88.56143460364045,3.447909676673806,0.2845725693471455,0
-60.8246724061601,39.689437205852435,0.20997962730307673,1
-74.325807179119,38.15166271231448,0.6749350593620272,1
-66.59005501775317,0.25576865014746986,0.15739068327179662,1
-75.81158775285509,29.754157789963326,0.26732342790438124,1
-76.42845088858115,3.0412933460667624,0.3089035682481436,0
-41.213587897256836,37.36674044876831,0.5584470867497316,1
-46.734299457166756,11.648610022500954,0.8617553056671858,0
-85.54437301514128,37.84588817598975,0.8217086090534729,0
-94.28874769978155,19.57066731622532,0.6078854650101373,0
-73.48137171487556,34.06381573634363,0.5935057664658762,1
-87.85087928532724,9.482878099688218,0.7946560196431111,0
-59.62879631890639,7.951480477409656,0.2517479143438529,1
-67.62997940068945,6.414095377490656,0.1605850659935859,1
-52.96290518766629,5.240865549253475,0.5314756476285288,0
-98.92979296138074,34.52273090949751,0.7366172300343776,1
-48.15167939076807,6.793864479815941,0.411170045896493,1
-99.88421752759963,33.525968466751586,0.8868939726240901,0
-88.83973778003553,4.527426361429567,0.9449016022175425,0
-65.02130427606636,4.875729219640594,0.05170408274395333,1
-94.39922525915968,39.99640654775324,0.10744608406992018,1
-97.04273521685671,7.5494389047955135,0.09442008416089487,0
-78.77770514873849,28.33919448165457,0.9772318181720766,0
-74.39226270013731,32.063615680746274,0.9645476264983966,0
-52.59770670170633,24.548487276057337,0.3223723437891671,1
-70.36473363054913,25.231819596585364,0.017642859835511615,1
-54.77375922136266,15.231450540582102,0.8775471528288817,1
-66.09111323824678,25.898132307627414,0.15383954482863205,1
-85.02864118165365,30.389293647937563,0.7957493843709607,0
-63.75194768697573,29.87711828906923,0.4897304734060145,1
-77.39389172219589,35.117823068805855,0.14850311132023886,1
-80.38991950456523,29.39984335730173,0.5270712449181928,0
-43.62082475210648,29.868526964851824,0.5384811268288471,1
-78.30783528164804,20.39622747455389,0.45342680833249527,1
-76.23608492329076,2.0941467009569648,0.5876982911478897,0
-94.98615061858897,5.461687170805303,0.03515159132184997,0
-76.04828184053257,25.167917118906033,0.16725493169276873,1
-60.36047109297209,13.760115292294707,0.5485994045008314,1
-47.673741879785574,16.410255098571568,0.6185719314627205,1
-89.61856471940219,23.661635374548474,0.8843611909900939,0
-87.47086394287427,39.004517966468214,0.6045036885785091,1
-99.29145470925972,7.96030222471563,0.4585479926164885,0
-68.09056865332394,4.099795628032563,0.3783621887482369,0
-94.12700318710841,0.058930788808364554,0.08808768021154667,0
-49.14001192012161,15.915655154733411,0.05125566166249007,0
-80.155855476708,35.977618803113906,0.11976964923816968,1
-99.0651579974485,28.401164536032887,0.26480654991494434,0
-59.25127789366639,26.653196478152857,0.23854916889517097,1
-85.94645942733631,37.37065010165085,0.2455491791993244,1
-51.036638994830135,18.265458040610586,0.47300282569625574,1
-72.9927281955203,1.9695801525253165,0.32971898940034794,0
-78.99150746235506,21.38699432907433,0.021223070173666314,1
-58.18176825698551,6.749630398898709,0.9979291977501759,0
-74.28442490494501,9.350175698909005,0.16982936030648899,0
-64.18971772422289,32.69841420227768,0.7055400190859791,0
-76.46149055754972,1.269834262349696,0.7813221061818552,0
-48.98425689184122,2.3756244189281306,0.8464312527245847,0
-98.78447439893523,38.25966620574056,0.3620723134558408,1
-73.47108655213029,3.807290039714548,0.8833815078444015,1
-40.38864861124942,34.723874733717366,0.2428132854024212,1
-90.78319628847649,31.016448916749205,0.16905021849437185,1
-44.60658788382301,25.133073874159855,0.9491390773764846,1
-95.104618442967,33.61901697969997,0.28946963550396076,0
-46.86099304557186,1.9705606046721158,0.8701604563812347,1
-81.0183125597971,38.90450742714152,0.18506251803362306,1
-64.28863887247445,29.568835608763617,0.9194912019632153,0
-93.10991953408306,10.744314427397402,0.2554012529041103,0
-42.619603595594924,39.10706058753729,0.10143231972502487,1
-41.28195136597367,12.471518290131813,0.596760093869939,1
-84.81615209813678,39.00335244843439,0.4505784703063934,1
-94.6574796954968,37.393659761842514,0.5567187746469974,1
-89.67052690181782,34.053037860896445,0.24114850472478022,1
-79.52567172071778,4.556654812445302,0.638504748041226,0
-78.69639575229851,14.247140953738228,0.8621391868047923,0
-74.35450316362638,12.83097613845166,0.6474606392811082,0
-79.26778049259894,31.167071648184358,0.8506809822330924,0
-45.483505206661484,13.302995970101525,0.316555887695092,1
-87.88556688811383,30.73294206933575,0.6030850002893502,1
-71.53503730644135,16.368608014410924,0.5812855580835229,1
-95.50009064205761,6.120768375650889,0.7554681324742296,0
-76.5045869437501,32.52379652006526,0.614617421661568,0
-50.753237377530006,0.644111121620563,0.5779648678491951,0
-96.37554539226205,29.01959676911178,0.6748429321276699,0
-73.23062346555815,19.461751732788134,0.9394777761300473,0
-81.32661344774657,12.302562251110349,0.17200801125177168,0
-53.83957294470468,39.39374772594674,0.8342132398920294,1
-55.02600024483208,10.25780789257519,0.27154535393921453,0
-40.87812626990667,21.761912434928128,0.9992286998425328,1
-54.94981999381225,36.77781095139865,0.5628308484377835,1
-61.85661072780585,25.994333276366323,0.7129084726637257,0
-70.85844956657417,9.020309817429432,0.5471845646189263,0
-90.6879313423704,23.762367868443953,0.8802129177741848,0
-77.89696374647185,15.744425230567982,0.9887086932304696,0
-69.99593639160324,30.010534264212477,0.903274738383689,1
-96.3575689238853,2.326342100366645,0.6677481133832921,0
-48.5655692346071,31.62087760774689,0.05171197722582932,1
-84.69721607811032,36.08295855929817,0.7426933306065562,0
-46.98820981457755,14.07368074763005,0.5863416203520495,1
-68.90174344929008,38.092684279991886,0.5818242007730752,1
-63.710526515430445,2.2360061837395806,0.43187894039096597,1
-73.02203869463916,11.63087672749998,0.26135353809993567,1
-52.67237063975338,17.176192714745333,0.23213320817884198,0
-73.89417639981772,26.919569866488516,0.8029668666502157,0
-63.02456250385032,7.6764471640911225,0.9636524036173465,0
-76.98688618395859,10.644909469164157,0.8717273916440778,0
-98.69220763710739,35.56942259826532,0.8170265072505851,0
-65.63669388195925,3.5364750657431765,0.27355513145010113,0
-96.83157391599337,10.530405894519955,0.8035550602670816,0
-74.15218451535665,27.109084100611398,0.639829914753827,0
-89.77626740589207,25.723068003034953,0.5799291862865105,0
-96.0352473448363,16.390648326778027,0.13057800655704066,0
-43.986901223799485,26.094615431849682,0.6202206850547651,0
-76.54241152190653,0.994401692418716,0.5226612957982815,0
-80.75706719835543,2.264224322650019,0.7570631491808375,0
-91.9990476891704,21.021505670900527,0.33841069998370576,1
-91.4195559204169,25.592657633300128,0.16352854456133437,1
-97.45896690518997,32.58893291705445,0.3862304230592023,1
-47.68060817656687,9.981393325480452,0.48642407989655534,1
-73.07161697366695,8.80005573397899,0.3375547241645781,0
-76.37372131597571,28.300841054281804,0.6333356911759831,0
-90.62552561436145,19.332996530718212,0.508330807107726,0
-69.59038202694701,33.7707153955631,0.8803853294487477,1
-66.08583361112866,0.15243776809867438,0.6159037681539978,0
-84.04302997925222,16.59926357033461,0.974633167790897,0
-56.61573475113732,29.0256633057257,0.4290226240888235,1
-98.63551219364962,7.4218433979732445,0.07441159379806228,0
-40.104642927082246,38.66254850133491,0.42908025485836165,1
-78.08891781873596,15.79125899283027,0.07523082515027335,0
-81.66024237333741,12.083513912083834,0.8051496292780471,0
-71.38020896419164,30.84046490561522,0.8445254744486403,1
-53.39392355846689,36.2714113673104,0.45529440116755215,1
-64.24852295614089,36.79450327464256,0.025757341893775987,1
-90.4322594024021,16.896028055174185,0.4043729938167613,0
-50.82050682789022,20.967447587999605,0.30460932755426673,1
-88.76616243460892,1.8332550840874262,0.08931314818255454,0
-74.20257700599713,18.826517606889155,0.053264852076112534,1
-85.43194418528336,8.65837659645274,0.02666626628194857,0
-67.56402571199554,16.089161896385548,0.05719026321377074,1
-46.41813882782182,0.3728427927793998,0.17478497993993658,1
-63.56753602071169,38.45860140192143,0.12543831806644656,1
-91.2296053484381,31.50153273754897,0.7831942828254159,0
-44.38417824642,21.522944475664314,0.5127052015274605,1
-91.25681429599727,6.600697447179491,0.06598628584606958,0
-62.15006557811546,6.32006354548043,0.7572463098299914,0
-80.90496672289581,36.0684965305679,0.7102032770757822,0
-49.78297826085038,38.92173373629254,0.0943613073447912,1
-83.28300644750965,33.903810004198476,0.6100223108846676,0
-96.62267122108052,6.067152923675048,0.4306378662348882,0
-88.08498018812152,21.174566979770532,0.5346636721659679,0
-56.219080384341176,36.67765202675558,0.7367972244496288,1
-76.15743110404446,16.07199272351341,0.005948996885959845,1
-85.69201337705545,4.487938151698301,0.07786169776691176,0
-81.27383503877823,10.960854209009359,0.10287726891162619,1
-79.79975154415766,14.378386575466875,0.5461065370833104,0
-72.17732162672269,19.31310451499753,0.5974900716122936,1
-56.1177215720013,19.78527134899511,0.9593306214855889,0
-56.32757721864388,14.255490687228702,0.17525330618385748,1
-88.47314654504731,20.999792877134812,0.8153925125136989,0
-65.01914402672547,10.347563776645895,0.16959480093411017,1
-50.613542631586014,13.280157617486378,0.1867404477574176,1
-78.87277156446798,18.540634746216732,0.9247075814171032,0
-79.80357798606899,9.58313348642536,0.8994142062183479,0
-67.47525790295686,28.788715549966916,0.34872797630093166,1
-87.03327669506973,0.35273083662548554,0.5456396553564301,0
-98.33295424557029,9.936465497538233,0.5263909185132195,0
-42.86219213406212,36.125926496954634,0.6790236602764979,1
-69.34737104378026,20.239759152785926,0.1581580414673136,1
-97.54025381187816,26.7265323176973,0.6966988634447301,0
-48.93778076847562,12.059160612186709,0.7669952702759232,0
-40.00834910752675,23.05809710156872,0.3142156906069622,1
-99.39223975951248,34.822589532105106,0.20460748148380203,1
-96.74967738991937,9.40981246175828,0.21353181493222673,0
-74.65897787849694,22.455796901540165,0.6342959861041636,0
-48.932134014283896,35.21358252630821,0.9783750766120805,1
-66.11029821023422,38.281048068203624,0.10989763967621402,1
-80.70655830645589,19.40770533248758,0.5419070133451608,0
-56.4018922837662,12.549201731291042,0.370536210193526,1
-40.06650707473461,39.26293852678659,0.44705896208037177,1
-75.15834507205827,14.62853536919615,0.13929878790726846,0
-65.68234973151168,20.663064539902784,0.7285270308173866,1
-42.7177052856381,17.888467475381802,0.2520902416319579,1
-78.6296337138754,32.68574127059034,0.20072428734940362,1
-54.143324736416034,21.32992467072912,0.7691035828983823,0
-43.34141562885159,11.65147241781872,0.6692808050837364,0
-75.15843437264581,22.68389054674857,0.4201498298699321,0
-81.34230940475402,39.76274748449902,0.07726177437932358,0
-57.78051394866333,29.00705724116099,0.7657624390765244,1
-58.16358029020425,17.241852185974864,0.5245871616260439,0
-83.98550142214191,27.26209984102036,0.18325987958245182,1
-94.34935912674104,23.90962993534258,0.9783563510022854,0
-88.46115758345864,4.8470722370472785,0.9392023196663551,0
-59.15487411713252,0.08109917922490162,0.32945718820711,0
-49.825289389443924,19.414002564594348,0.3354162496664046,1
-45.40376962495232,17.8205265887777,0.7649999122622895,1
-96.99359861818397,9.10135732816122,0.7801680305993905,0
-69.47434706684922,21.457933436793702,0.5323409705542862,0
-60.76161119698411,19.93919682022245,0.682969306430223,1
-92.31318203946725,31.519578715980376,0.6190739499313963,1
-63.00534258658906,12.584430520007611,0.8626723635668827,1
-94.00409146165818,15.571374337262167,0.4057651111715489,0
-57.21263210898324,8.005244623989626,0.23598359859387852,0
-83.64670761415836,35.773744094413715,0.5142308066355668,1
-49.614325104983166,34.68938914879806,0.08249721064572646,1
-90.5263346838037,31.360220733868545,0.3424116782620168,0
-92.31684336713278,15.811387644046754,0.2975523675436065,0
-74.02165042793396,18.593943276152277,0.5918339250916056,0
-50.81568758305842,20.897017042516232,0.9118472687882332,1
-65.12517862879889,18.544429518253857,0.9641971157192677,0
-83.16468276803504,39.657172768325815,0.5074569150291166,1
-65.14771909381707,12.148670904352654,0.9014487317202896,0
-88.33300849215036,29.733856148200744,0.2029039855138295,0
-44.520986820492254,7.489436822130124,0.2805906058232026,1
-45.82643874218299,18.883886638787217,0.710110908680175,1
-61.08419251177408,27.130992394497934,0.035528369677987115,1
-94.72217508853683,5.231367027562697,0.5494486529492508,0
-84.9740147960867,16.66283127910042,0.592903216416218,1
-64.46938330709315,0.0075861407297717065,0.009978067355828069,1
-51.6080051412277,29.62820137554025,0.4540707264355921,1
-79.17884265502919,25.716910678141026,0.3541997647693206,0
-82.91154468100663,15.746733414675207,0.5429194480914306,0
-70.99605832672393,19.283147813935106,0.7291739244314626,0
-95.38550016967514,32.07753728649757,0.7306246755907343,1
-82.92660187280154,21.04402607348571,0.87490556694414,0
-93.8140317948814,1.7564127992116063,0.9714419189528493,0
-57.59508498414465,27.572392796438187,0.7575468361950196,1
-92.57085443938152,19.178549158504286,0.9479890216727022,0
-99.62052116561588,5.184992007601732,0.19352789527118475,0
-44.10064828641776,0.28866300853472193,0.40876280698619805,1
-58.59239382529241,4.532688319465539,0.8171083334078257,1
-99.15240550540872,5.792390865677488,0.9565244677005816,0
-65.82129454121431,38.913661979421455,0.2875229458378006,1
-94.9862780710913,33.611762578996306,0.13321284392628419,1
-55.81875417117866,1.1665496866177394,0.697195412487028,0
-62.30613953337218,34.29208254276488,0.8610502092309095,0
-45.159717672941944,31.777909753649123,0.2306528571583828,1
-66.83970612415516,5.536735590282595,0.6594979065270699,0
-70.38960517381953,18.138421309846823,0.9699300692269877,0
-80.05737189783012,14.23910368418245,0.721619955855141,0
-64.15134420060411,34.24518686760154,0.9993863008431035,1
-92.30216062454333,16.49769013652164,0.686215775554009,0
-83.49813756218484,36.947823200050664,0.6249957284848869,1
-99.85132414857861,12.087707683572564,0.12856168031913695,0
-88.47742136499284,21.474125133282055,0.7628679090193758,0
-86.14836032292844,21.47681213721075,0.6426864703528535,1
-76.57090061388874,30.090306168305794,0.35125088133538374,1
-44.86541663139461,4.774132342086026,0.2609910522498573,0
-86.64865834056354,30.24697895564549,0.4749921134975432,0
-97.50314956828645,30.246061393092948,0.47663635697337703,0
-72.17772506388691,39.14831278964283,0.30987873851244996,1
-78.86324622239493,12.324262536343591,0.7725765213221524,0
-72.9583933679568,20.807974775980178,0.37754803104010237,1
-53.02971069665294,34.43270046923453,0.1355348579120158,1
-45.380385388884854,34.33703725472978,0.9191004991816306,1
-58.71104011146292,19.30996652217273,0.9771774837104863,1
-96.17489581496181,10.162061440461404,0.8634026552273691,0
-88.76566332307951,31.734081408785627,0.9891061649692626,0
-57.817992058066444,36.76974504716106,0.5941857347642565,1
-43.68363002625402,30.767448048995547,0.3772852979473845,1
-92.81958593874933,0.17756157921732463,0.4770923676535924,0
-41.379617919040456,28.48952889658264,0.9508312707894,1
-72.1539481484906,11.222852137343065,0.9546638586007975,0
-44.742165859850395,30.875959198020485,0.9826381021918845,0
-54.14737902519299,1.9987455999562087,0.7917143432523691,0
-63.0215742368746,12.493656017457822,0.3751837807558752,1
-43.8373857970622,16.694515795303992,0.4816721160444959,1
-90.19500534758423,37.102686776346864,0.4858721853271458,0
-49.68177191268128,3.0568112525213387,0.8594252667336237,0
-96.56608359080438,24.693897720951266,0.5618778356133606,0
-68.30113626590467,16.917096920166234,0.43428766570777166,0
-40.783325127766325,0.8923309430746773,0.7085699344746144,0
-61.43177413998511,10.644377521168163,0.501577047638324,1
-82.92097401263148,36.45336452789717,0.5323918834492686,1
-94.67128707915953,13.13614262830308,0.16350100517160326,0
-84.86495286869898,11.533004068153208,0.5036871900708162,0
-66.42943735162237,28.487540675455413,0.7323513390835394,1
-45.03209872539839,33.00641946846131,0.2550482788455227,1
-90.05023186902264,21.026313854640584,0.3386352468567504,0
-69.94100733809339,12.069245778026549,0.4145652871385185,1
-89.76442188778684,14.663476798751516,0.22793241443112855,0
-64.09695550284101,26.23695482902145,0.8268027499030769,0
-44.74712881575018,22.51974852372298,0.6369767761699993,1
-43.046072072538394,4.518324693456051,0.4185433958830024,1
-48.16908628888952,5.305449517783547,0.22411383749125646,1
-94.7919733989566,21.402981923168902,0.564417925030698,0
-92.36644228649033,35.51519685971675,0.3666091986034018,0
-43.91900632795539,11.261243287740355,0.5023428009872201,1
-74.16340585114995,7.159315788747147,0.18200338326608667,0
-89.77650945048251,2.8385325940639206,0.7470872185975594,0
-62.63747530070751,8.654112531169375,0.7159230001876308,1
-97.84492711963436,39.22739261530236,0.3982452128792262,0
-95.1831803802433,37.94094073390616,0.13665054686792555,1
-58.836062221223834,10.17012243155028,0.49528918845091274,0
-47.16850141844087,29.745971694028324,0.6805887234369787,1
-68.8887396638749,28.980622657858326,0.4285406561074553,0
-66.36403149601647,25.302920629099816,0.21195820844901525,0
-86.99726125520608,2.0033525446335165,0.8957134846900345,0
-52.252299711681246,2.6700418938086967,0.7834539779132019,0
-82.78216380325992,22.43459288596105,0.6524907901000739,0
-93.13626655592347,27.498097619674382,0.8636083254665524,0
-84.94522426284612,25.779273626027226,0.8086205774171156,0
-60.69316651451411,0.2054003499910273,0.5154616776336209,0
-85.58292619852091,25.15840721265426,0.35662863200597594,0
-58.79713261869935,11.702231877260768,0.49422898485114497,0
-41.067707521761534,12.352672080703297,0.7787829482130239,0
-53.90096590943304,19.497422274580618,0.6039238247875741,1
-55.33958445924076,33.55601618893661,0.971588415756872,1
-67.76964110039088,4.644402429585686,0.1675262643103611,0
-57.20450822129811,4.210058043066907,0.27089533760884565,1
-80.31395144858803,24.948549454913685,0.4127983508727361,1
-95.82333989208367,37.15848095603743,0.7835526774969586,1
-76.30954643796207,30.86728639721884,0.6495335746278749,0
-54.34966958072758,30.988909642630126,0.3720052258765264,1
-69.1780828918044,35.660117517406064,0.8392199424383938,1
-45.34084963013175,12.759786563497135,0.404267280322007,0
-48.756669232109246,19.867021052179332,0.8876253801380547,1
-97.83640994335818,32.12780233942743,0.47241859237204553,0
-65.48393940015814,3.5366969647153823,0.4143977195151921,0
-51.62611067662111,22.49663473289044,0.2740948464343661,1
-82.37318249409574,28.99420904914098,0.07105106416379925,1
-78.01987068660782,22.193453176384367,0.34699858896061686,0
-90.57847015994844,29.089039888341553,0.1126345761620614,0
-67.03276198221394,33.33780937568024,0.8478267979657792,1
-49.43426290887893,4.5657483065383975,0.45718868072842656,0
-78.4315886276514,22.42852665056557,0.35595509878284604,0
-49.6497474650419,9.093258114068888,0.6127472719246421,1
-54.48394617122443,9.956876005436808,0.7521003791883782,0
-57.37003020109571,5.32210619104911,0.7967571217894784,0
-80.8380385895678,26.455405842499072,0.6393675189062296,0
-99.68217509790566,21.169780780721798,0.7163290729154733,0
-96.41053976096205,5.8242022848887,0.985946170978925,0
-41.3172552527212,38.07817822578826,0.9471807574162351,1
-91.46883921909837,7.000579101349098,0.6062341047666188,0
-87.90462934825821,3.267953084234403,0.5764461628384959,0
-83.5353625206544,6.309491801784235,0.4377571175336258,0
-67.08315644066755,10.562794492178668,0.07833239678357584,1
-61.172872715586024,16.901849365513485,0.8741734379264677,0
-79.10692875756092,14.902078201947187,0.37791430751255883,0
-84.63302393712272,5.169235591958672,0.7535780946923036,0
-77.82947431840897,18.197284373064548,0.7168980209494376,0
-92.58962455964348,9.172039002560378,0.6767154668277625,0
-53.14486053815321,3.294571360923877,0.9104965266297639,0
-88.24404678590835,35.5547418269662,0.9290030342781758,0
-54.367238636207986,39.49657296586387,0.12796420438706835,1
-89.31195137549582,5.720204576813566,0.07137614350283161,1
-77.58453961165652,33.22182492435514,0.8379139406964137,1
-80.64781468366849,20.86949870562909,0.36542029707590973,0
-73.1569556317528,33.27184617229844,0.7534038330603936,1
-52.2382866213773,3.565086728924074,0.8456605085269677,0
-53.78878303334903,11.954713336803877,0.8392572037844545,0
-73.91441519145724,30.926699972400804,0.5176060708613672,1
-86.94547709551401,26.76852130590123,0.8675641018797772,0
-62.06303121818739,29.60431925617153,0.002285307115397095,1
-63.03005799855272,33.737726075342266,0.7381923303516411,1
-61.073505766686736,22.103581255970962,0.1214858314822832,1
-73.25604019841603,26.831722127888057,0.3436001985193051,1
-52.49020940831894,27.615745052282954,0.7799316297115251,1
-59.19634867419432,11.227316582590166,0.5496583606199451,0
-40.31054718274793,25.10636991286162,0.1459528274435561,1
-55.30050845321869,13.860212481809008,0.5835599534322892,1
-87.90664433971958,9.242984454477977,0.5419132912667076,0
-83.58360889207096,14.480741776611858,0.5383813004193353,0
-59.11763697008549,19.52704692697437,0.062174274387304496,1
-65.72604089543364,25.337070825924584,0.13939872286106403,1
-70.55292735328342,25.760326349361165,0.3780369439025326,1
-92.8793579752693,32.44158383105324,0.037928863683989955,1
-99.4429368745898,23.09196052640032,0.27558842856545185,0
-90.6760200260756,8.662927985561272,0.28008422230274366,0
-56.61036435670896,26.896644678433248,0.12360103508793352,1
-57.510546769441895,31.39645323057193,0.08833837786441301,1
-42.514445250361014,32.20603165434441,0.08076521185098529,1
-81.71730380183797,19.484790638564565,0.08338401907670057,0
-83.01189541674933,25.709450918798332,0.6697090702163034,0
-53.98910842552266,32.510373522941386,0.842690196196731,1
-84.25236904462813,19.36996446046997,0.6919715608214649,0
-62.40164693815111,30.189881382759882,0.9583980928457335,0
-98.09298507139582,35.311088557250606,0.29179612202709504,0
-52.12395296926787,22.197550472805048,0.25215272627913965,0
-94.88669945340828,24.9898437162959,0.37912126786348554,0
-84.69539431946006,13.674422249923555,0.7261465947935914,0
-50.416221742562264,1.4138994880799016,0.01575973643360895,0
-50.47187000406282,14.419571676733005,0.2613818713610123,1
-40.03546447673972,4.221790400756005,0.5478216974485266,1
-55.24333864385111,21.633394987638056,0.9846699954611293,1
-94.25428888840995,37.23516630190169,0.44205970118230886,1
-62.44385172941759,9.565068629769456,0.8919880562235347,0
-79.72979583215361,1.2891621326270242,0.06022587939289148,0
-99.68909500987854,34.716120784669975,0.26403847201417696,0
-46.72260503825189,10.620844385292546,0.6868037119340685,0
-85.1728426978588,20.744016655936214,0.817575165011894,0
-84.48460773705429,16.40770791190115,0.5308836567705429,0
-58.85487754430709,28.1605288590316,0.29794922476066343,1
-50.356440265869495,35.227114713667746,0.5913837306317256,1
-89.72892301233554,22.657279242443632,0.7386232061775267,0
-67.16488515714443,3.172762109484508,0.823808523102654,0
-80.16396675154132,12.27069182941959,0.8389695711629459,0
-45.65630616214868,26.013502251591866,0.8025410511110349,0
-99.79858516677925,0.6202003794851718,0.9114282524607801,0
-91.9666558374891,35.75009303018282,0.9054108389788518,0
-42.286833917884564,23.915412072293954,0.5689318929202074,1
-52.053553093603625,38.87185725662055,0.5954224112756222,1
-83.42153075955139,7.902518951556017,0.5002578533048019,0
-91.17633246491594,16.861088261994183,0.8007307550161358,0
-46.31768203117891,13.186251251923453,0.9211189868843332,1
-82.70031376418535,5.743312722960159,0.2700843918682262,0
-80.53960040778163,19.327249537524523,0.5927355357603404,0
-49.21128783592258,23.4596446883426,0.3618552163831119,1
-63.7633201012824,24.607765624629472,0.43731302421499985,1
-54.1718288601856,22.260861828561698,0.13186472537584137,1
-92.52338475522757,1.912075876824506,0.0054061226946355845,0
-51.841243516414536,31.747924016957167,0.9011317197265837,1
-42.7439033943631,28.07580957180999,0.21988312873155424,1
-64.0179040571036,29.854290629064295,0.11925740389403894,1
-71.53707202531791,34.740063660591495,0.2744633584798386,1
-72.93459035176562,14.397468241828522,0.41947045877304745,0
-74.9977538150522,23.36323007064365,0.9244560337937093,0
-70.27051952387906,33.05920303213136,0.18715337269508958,1
-74.49604780762252,26.550298546888378,0.5830005004735188,0
-85.25801542030115,17.060716106667382,0.5005086520780642,0
-65.03614259914121,18.530880031813698,0.46967787056916654,0
-73.10485872677538,4.752578384705348,0.33218784879334673,0
-57.42282940684527,10.5190071463227,0.553816271549983,1
-84.75492529452671,6.8068906333979,0.8984462154518769,0
-68.86512145077495,5.84215723178394,0.4898639735056882,0
-71.81194670951032,20.12808325805585,0.8063588604771063,1
-89.0314737741414,14.428143344122844,0.41024067458044433,0
-43.258380890531605,27.784427340927984,0.35458327670101597,1
-85.2802980265566,20.67755803764696,0.5187533474515209,1
-69.36050889719718,9.33098589811765,0.5693188725274342,1
-89.88130709170129,22.807828592388866,0.980029800974017,0
-70.01788841822298,11.204148186860664,0.17295666924522057,0
-43.044831153650286,39.344059616666186,0.759252378562853,1
-85.58488037348327,4.782523187005592,0.6888074041784565,0
-89.81200157363754,21.55164419628501,0.308533307578688,0
-57.95724518389769,0.2925939718763759,0.3228089874702432,0
-74.77709370968337,38.39255736256158,0.1309301791931633,1
-71.02553005773572,18.990129739264688,0.41399906713247814,1
-73.46115237592642,21.47802150877449,0.7133043031501126,0
-93.47998175174389,2.429656734491572,0.03912021513077446,0
-72.65716446884875,6.056291285245434,0.46255686565017984,0
-87.02384141214691,33.10066758333605,0.18921454107345104,1
-83.57867686248493,10.42084962285827,0.5145099658705151,0
-46.451114851619174,38.92686782706384,0.22832945164375829,1
-46.20625960478153,1.3584441774581402,0.026678897071574004,1
-51.75993038421595,28.749326933112886,0.8035331024558782,1
-58.605380651965966,10.218416668324558,0.2617071466994123,0
-57.23501837432202,0.022314077319482983,0.763267356521815,1
-71.59063593658277,2.7417951169351396,0.003977491967490088,0
-74.4253478091966,34.88913976219139,0.155433016431884,1
-68.52625357886322,21.171981333210002,0.9547430083123842,0
-92.38540146888921,23.527093260343598,0.469835104259105,1
-44.83160148939452,37.18340798938082,0.9965819177221615,1
-92.83401479246164,23.618965787105655,0.9916772129908331,0
-59.55134194641193,25.72152900834955,0.5421234738186913,1
-74.73495042332749,10.675383373896663,0.514792705257728,0
-80.56592423684269,36.95920765285478,0.5988675063110629,1
-78.54410738661545,29.81779253124784,0.3136633321851776,1
-94.61612333552493,24.425752213812302,0.31965701013395753,1
-93.50151272866036,32.52277837806812,0.9203957518906375,0
-90.40823344543115,0.4312657790989638,0.6766394350744827,0
-60.19280456625479,0.47626367996833174,0.2201592860158874,0
-95.78017252794315,12.081920268400035,0.027533436070937056,0
-76.35245336931415,30.951202515097545,0.5565712305987622,1
-70.50342464092027,5.172714914378038,0.8244236941063188,0
-55.28776943313935,35.18636954543936,0.05068654088676605,1
-63.86350867913242,11.08131597487552,0.06203060747865241,1
-82.4764401811283,1.7736369035510524,0.4135768382239383,0
-81.94307849314362,1.583138588842643,0.5435644513128398,0
-55.68935723880229,31.912445921655838,0.7090532519352807,0
-75.70870213440797,32.45866325133918,0.8280386418490681,1
-81.71772377435012,29.764378610849377,0.26455624757823115,0
-48.42633199486612,19.20709463986845,0.3171953761689055,1
-71.25795688904842,8.47538374261514,0.25314669866449846,0
-57.407724733769555,2.4094304263791644,0.19925258261430212,1
-72.92206489940168,5.615832167109929,0.8170557545311161,0
-99.73302768119297,21.097072010433816,0.27208472584753485,0
-67.74775390902232,11.078651998074328,0.14902232772649315,1
-85.07442858018165,39.757613523619796,0.22019886872343852,1
-62.0662277747008,30.445604357943587,0.7319115412566677,1
-73.95107293837764,28.88457922413723,0.38012048707264057,1
-47.56050464358723,20.95249326484158,0.47253493731028584,1
-66.21935439481845,31.660523299193656,0.9736254847412761,0
-74.88551251831274,2.7605668209232226,0.20437642904458153,0
-99.79030113343917,22.973979961259296,0.02587365818105214,0
-71.31228057393113,1.9992191570499607,0.045764083527546906,0
-46.98691562491939,12.821922316475236,0.34490976320250066,1
-73.90695073471262,33.7284365431397,0.4970881897644631,1
-53.857946337723035,9.154730743284759,0.7186578202045844,1
-42.5444539483497,21.104742205628053,0.18425374679346962,1
-85.0785771527281,10.742804245721654,0.823413016148714,0
-96.90052497913607,9.548504534458608,0.08115617242767026,0
-63.134350309710044,2.61031433081389,0.8597790154871138,0
-74.52663775036959,4.458205104224953,0.4976242444153266,0
-58.97723722258939,19.02554003107332,0.6588297814441877,1
-71.07881399762586,3.178297619314301,0.5429721203182432,0
-99.49230885464014,21.806129780185216,0.2156994790413551,0
-82.97451425164397,36.30981409546477,0.7895639051287395,1
-82.86946049857502,30.943269320762468,0.22266741596049733,1
-40.194599611342,23.774986074396246,0.7200339600305334,1
-52.49871128936104,27.303762280155496,0.851005413328958,0
-76.86663228137508,11.063325538098026,0.4153248805438622,0
-72.28736618491675,6.566822119015208,0.692199930858819,0
-40.897198196747745,31.59967273541058,0.6779189165801028,1
-87.14465062399229,27.286823015398042,0.16465101464573106,1
-93.74018230028113,39.90200041819384,0.6820577151550762,0
-88.19963042270223,9.98821892914544,0.6000652990038362,0
-54.497663404087426,14.014421844730563,0.05003015506674369,1
-42.12512773382132,15.792542700732213,0.5212264926277926,0
-55.31780234545691,18.088218648488027,0.9253002363018598,1
-42.58643333070864,37.11920779115884,0.07788832261871659,1
-45.09169577529405,0.07926422295351454,0.09005874728436158,1
-92.84843893656172,31.51774676619427,0.7481927250188966,0
-81.05992165742956,13.030875886981775,0.7013395835935826,0
-76.35827318896875,18.24902714907392,0.7389947309491468,0
-54.896420513587,12.536172040222917,0.9358575357253441,0
-48.96797924855304,21.048936529850614,0.7023744374493458,1
-89.85191755702866,37.48645700626178,0.2517876955138274,1
-71.78906360781903,1.7776806499524467,0.22962923095765897,0
-44.54261443542349,17.769893957815512,0.87017331019612,1
-86.65792432619136,31.85344856507525,0.09833580072750137,1
-98.51061209208565,1.319705152007713,0.8006576153465604,0
-44.601838584527286,24.18490757720718,0.5089592632752118,1
-57.22682251407394,5.302396326472314,0.5451193759780449,1
-57.36803369543933,21.692256629131027,0.12243235023866739,1
-55.61379840603098,22.713807732696644,0.7287078389550155,1
-88.66325497226867,3.2349848407409754,0.35082212020563797,0
-42.06524190432843,10.604500286575655,0.0022510186835541512,1
-76.45498898697676,7.418266753121308,0.018387052989050745,0
-91.36768402173143,33.97765930105183,0.7811684747624661,0
-88.83167475374567,31.113219201331027,0.10543981472395814,1
-93.35559158363849,0.6216646064030629,0.5897941404418964,0
-48.72838791746823,2.9142580502281312,0.4405812064282728,1
-51.28710995752432,25.040673643786278,0.7851836116725254,0
-97.79203597599292,1.947912765700357,0.39813137808180554,0
-93.003757265889,12.986006467322966,0.9410495725973776,0
-46.55324281139824,7.713343991089592,0.417030519128444,1
-87.0345676997684,1.7922121338024022,0.09461040033228896,0
-91.89521246694855,31.225863342202587,0.04463903805705849,1
-94.19482609833423,31.72575033014885,0.5988684176548705,0
-44.21390499189561,38.80923975194393,0.24804415960140802,1
-60.475438573279774,17.818417679321847,0.45366049785433926,0
-47.07490005426986,35.15877573936484,0.29129310399645925,1
-76.44563704948482,24.183490839126254,0.6343142157707548,1
-88.37244323365525,23.669744443222257,0.6088341157725846,1
-50.30833197774301,39.29119859863476,0.29767109109142675,1
-91.63615701274067,5.48060202938375,0.9712897962188887,0
-53.46379646640213,30.945936635090945,0.07655295804884155,1
-85.28404941344202,34.355251420508324,0.778621807045249,1
-83.75819431029358,25.094888910914666,0.6141133774183463,0
-78.01645301042515,37.432119944402245,0.8912679328248673,0
-63.512265024651825,35.582910671425054,0.8985630291840945,1
-82.84450306978344,21.74673808004121,0.1599053358998379,0
-63.66450138431357,27.700518673228252,0.6383324177874814,1
-94.94928745117063,18.25463309364972,0.43800452273957524,0
-84.52635945113235,1.063962074994258,0.7121811402873026,0
-89.53222902602081,17.753237465185126,0.8217270130345846,0
-67.23675599511522,8.31405456278572,0.8498709790844903,0
-64.9364531566832,30.403066208129875,0.2014610340445805,1
-62.79120055206715,30.749773265859343,0.618665363997289,1
-69.70511576976146,3.4191383472852976,0.5986025049825855,0
-72.44823425847608,36.881971801964326,0.9234772558489154,1
-90.33477931454888,31.851514973046214,0.6684357836610088,0
-76.59341725265683,35.28470030439954,0.11345546821654418,1
-70.50605395978006,13.832650514332009,0.32001539400488777,1
-90.82230164975033,26.664443150544184,0.4970592140301592,0
-72.61576852588928,8.882215490328896,0.786613545713021,0
-93.35680850880546,3.931490033169349,0.9930547399635996,0
-92.90138930512443,13.961130684561208,0.19102914204573263,0
-62.79104280230222,32.13748729686066,0.14738798247467455,1
-96.01875131460389,2.652827198549441,0.4095622479519856,0
-61.09613888779833,39.27237558371323,0.08884566640339464,1
-74.78665125805371,30.591669651585573,0.6003819324817825,0
-83.20133877063141,32.84868836431639,0.7578138131490837,0
-56.69261552165664,11.633751734255856,0.09886791490282387,1
-79.37161310836896,28.305902118526465,0.8616119177563131,0
-72.10159262838081,27.350563560160595,0.2436233782228191,1
-86.6510648722756,1.2392474290164435,0.025058516577622147,0
-49.821742566985726,1.1195580130073202,0.8194221545647133,0
-57.33337742803008,6.318573944496939,0.6545131213088987,0
-96.8746735018186,15.391563499647862,0.7932005945643977,0
-81.8326197113542,0.09594400765458033,0.6124180049781112,0
-90.64592264476165,9.863337002688288,0.8445998692862876,0
-99.94060036441684,17.147544049048086,0.5596209162845339,0
-54.11459872404108,30.26569802335352,0.8228322448405585,0
-72.04089082112637,2.5849791528419397,0.62139951690359,0
-86.49540845352455,22.23152816274115,0.12012997341082665,1
-92.2047096798717,16.150908929564075,0.321561463112198,1
-52.55958450132342,21.00089859246203,0.2624010647622682,1
-64.71121911315579,28.42619111206204,0.49768066667812094,1
-68.6848917538448,29.269175738620312,0.5322674620160658,1
-64.16314775347097,1.3742913587439887,0.6220136920479923,0
-52.456261188996834,29.935413907933658,0.8810095944872827,1
-67.63373448013664,33.746689849090764,0.9505698347971235,1
-46.8065251800233,15.163535324858625,0.2535094624075863,1
-53.30184431493632,28.950119289131226,0.022954077553222874,1
-78.2726481491531,32.523237200783285,0.696985159037295,1
-68.26160578522251,39.27081891869185,0.8879455602036495,1
-80.89605293029243,13.21461923866902,0.20450295413072705,1
-72.7409222894952,39.86764775217146,0.13730153337061324,0
-52.57519059733553,35.82196793689258,0.11183577056946403,1
-94.05058176407114,20.807890854655575,0.6804003787428082,0
-72.48497056742076,27.49340094132823,0.5127078600237299,1
-44.09054255228107,0.4974462351291775,0.6386922266013403,1
-48.04035369852852,8.37567841047855,0.7087629327833158,1
-61.92225295490422,19.795226094629324,0.18794499124222852,1
-83.3493328339591,6.296421420560994,0.3292554694042905,0
-56.33468326880727,21.495390249148677,0.5920869750840556,1
-74.5726341742592,35.990235654160735,0.6413269926752834,1
-57.67304012592534,1.4684524380432729,0.7125649215451909,0
-72.38383935183683,17.037665350572734,0.23249727972687284,1
-87.65997660018526,19.848947908410643,0.20788293438268501,1
-45.66717709387246,22.379692490257224,0.9069288691698061,1
-69.65450330072024,11.339170925124172,0.9763687780768887,0
-59.67905666202479,20.57074521043425,0.2806219850276821,1
-50.30812885063985,16.687483694501676,0.038396274508964656,1
-97.74907266523353,15.21213501582794,0.4195574237427445,0
-81.82022196296695,2.7476671741235004,0.5710867208857652,0
-56.813047898707225,32.434633941201845,0.8602729982493913,1
-84.7173862566913,35.82428210698555,0.6503259883688163,1
-72.07000016985656,5.250151497294757,0.540107882442045,0
-77.10818976756137,9.63987480092564,0.23887378060287,0
-63.95170665237585,12.014582093923035,0.08724985459644441,0
-43.485844126158824,14.610658016624827,0.6564579857956195,1
-74.63198004719239,23.529707134460192,0.1511593388164748,1
-95.40168031294711,0.006847024979790284,0.35628671087870945,0
-94.09964398765662,1.4162622845737394,0.25957684962880645,0
-84.43812926862294,21.247018069985227,0.8179018572256833,0
-89.78085471329027,4.70982614541918,0.3666601211299103,0
-91.85285046240438,12.779895707625538,0.08795908654504303,0
-83.45427547029585,23.688591568027718,0.6260408775413804,0
-45.238000555499106,31.603792311290526,0.8591337532796802,1
-83.89472692232283,1.1511726356660068,0.2707867897403561,0
-88.48634367247556,9.507403972162823,0.30758337149410864,0
-64.2617549193856,12.661223036968918,0.7980616294067185,1
-99.36958860460919,19.86941221864913,0.255716649235754,0
-40.472310619556154,23.06467821290092,0.3043477305332527,1
-74.1271019124499,38.925501038479865,0.1558549159059146,1
-75.13516825450708,15.119846995003844,0.4587630987067147,0
-86.12316761878887,32.8164032566595,0.9444316778021657,0
-58.094286725269605,35.02301269872887,0.3935919237213086,1
-97.66672062024747,1.3811665938024786,0.18894721747387244,0
-50.26414111075204,10.036686381761237,0.012792457183867456,1
-63.94652640949687,25.275438073578638,0.5910067451062485,1
-79.57817331161621,15.101766820765508,0.26295005508850944,0
-42.453889715827906,4.36878612598429,0.2056227604056784,1
-54.91055136571624,23.362830925595404,0.05237883675042054,1
-68.9356127755502,36.96117861343382,0.6111813299124301,0
-87.71680243987525,5.2190183918205735,0.9056663050448313,0
-50.17918956318634,20.075502683386986,0.26758475949522875,1
-86.82522446787452,29.17416334378042,0.7097306335557959,0
-96.1115380653744,33.54628575968148,0.0572791706809177,0
-49.47882782054435,26.736651149078202,0.433572925202772,1
-44.185478901942055,38.776377066129925,0.36923964015437527,1
-70.72143010704117,14.714323507403254,0.2616836691988178,1
-50.90475852076813,31.211340432679332,0.41836612766227266,1
-81.91229992071898,18.643496803024693,0.9172397188568426,0
-90.7008893136366,2.650794418609559,0.74656839488038,0
-85.75986911521768,30.34306602913052,0.31553203555609133,1
-75.19550533660848,32.175720077352224,0.3773800459912747,0
-79.31355184508976,6.263958985752911,0.19713660498002683,1
-80.4256982701566,0.9771851334516368,0.654244305532034,0
-57.78476456930465,19.301994285737578,0.3536331787917393,1
-90.50992818087661,22.668770311706304,0.14978619847211194,1
-81.98511348224191,16.265416248032526,0.4106522947643648,0
-61.46485488592039,31.230608173422254,0.6060368587282837,1
-74.35424854908977,35.204900384419936,0.4820557252955474,1
-60.606960880232464,23.692298954439085,0.221127973913261,1
-47.1378368849278,24.749208969967334,0.010631452299236344,1
-87.87471390127132,24.757608277322397,0.12033028848765548,1
-65.98373228083679,28.736501760533617,0.7935016973285497,0
-82.39955034427189,10.315540978822465,0.6122345300310646,0
-47.73484840841816,22.497550533420277,0.7479481555215067,1
-65.1737021678293,27.088621278374,0.36568451593042106,1
-48.88026343483131,37.65714611912546,0.3363516676558883,1
-86.07517235981273,6.8073374699845735,0.6032037956968276,0
-88.14207132964943,19.39331521432646,0.4613203658344819,0
-57.63408505643439,4.0951820193152555,0.6798745267456152,1
-72.17945711910994,27.820079329014604,0.17808307656049216,1
-84.60709929786007,34.864874640876906,0.7559105953323195,0
-52.775792384358496,0.2273829926801163,0.8562386932453943,0
-73.23562642478643,3.7688609853458876,0.8690038831991225,0
-96.36215546863569,24.650848388087134,0.9175312500743915,0
-50.04824290455957,21.243427346879507,0.14904244761955565,1
-67.4387173371541,28.026192012840742,0.14617249208960703,1
-69.32164279523829,39.54609100019954,0.5294683301509012,1
-94.70991358455049,9.289073409882231,0.39953524057544176,0
-59.48166227995095,7.002222995645306,0.5447733003583941,1
-95.28658015390208,6.879255848153063,0.7824656378176009,0
-72.8184331428015,1.325604018816371,0.3269825880714996,0
-79.9818977724199,25.583890774190845,0.357215234464511,1
-59.36275603813617,21.18166104419818,0.4690590960893698,1
-94.05408455439377,28.563961779009585,0.6189850259597135,0
-79.43870917733011,27.703559837992998,0.5544519238490636,1
-94.3881909215243,18.9053292577406,0.44885328463924434,0
-77.41183393561805,22.324885480988485,0.011048731198406547,1
-48.0587778787288,18.626329479769936,0.40376202125667127,0
-44.09056109362297,10.328338288696068,0.18013610710914352,0
-44.8504060640013,29.301257788829986,0.3678585305878812,1
-60.92548427303913,7.811348618996163,0.9963666021159988,1
-55.31374433099475,11.09528808557911,0.5177638635070336,1
-74.32894196030057,37.485352655461355,0.23245769328443266,1
-63.35052697204182,3.603760867926753,0.002367985855459276,0
-46.2067436688903,15.600908966132728,0.6212149850571593,0
-84.65316079450041,28.28406229589072,0.5874574294778939,1
-98.6404995426495,0.4469441280042785,0.9283663991526193,0
-53.359412348249286,13.950498633040995,0.5082562390345761,1
-63.48317567545132,18.674150697395795,0.21982457206639183,1
-99.66163091064898,12.77758687871212,0.6167036600596666,0
-64.74190152081741,31.825582590983863,0.7659947248849972,1
-74.8881533778008,5.741628984833387,0.016911055673181408,0
-75.73313545648645,16.251833730420984,0.9012089756256164,0
-99.94045215696227,1.8377745597591266,0.3926723019209065,0
-92.09066693280874,38.75221259097687,0.7063167363049091,0
-52.45198713768339,8.871245027422265,0.17277540574266914,1
-40.53998511541069,26.729605747489718,0.8876192424699596,1
-74.903360846298,16.829535304644505,0.06386860178490816,0
-60.66893569941686,35.04019211805097,0.8661411339239949,0
-53.814989958961036,4.828177057906231,0.1756307909430016,1
-72.38772982169931,20.501322176095652,0.343261024725511,1
-58.32803252281711,29.61903446138824,0.33748379637298476,1
-65.4281449346891,25.07049375020545,0.9011119205511486,0
-63.56731417035567,19.72571134275967,0.060624470852861045,1
-84.85382256702476,9.627790252601054,0.4735016315989551,0
-84.68812154109968,4.477125290575463,0.08109212047685432,0
-51.17929775911236,17.137965474978177,0.31434112901892086,1
-84.8089236324039,37.88130016512215,0.48296909271171606,1
-59.046412394050016,30.47639594324341,0.9785835152733463,0
-54.208775056285376,30.947665779146647,0.20827627127758563,1
-66.32661592659736,10.180824631434366,0.8242066440754934,0
-95.31349641517816,30.30760312252019,0.8887172929824889,0
-66.16506840493761,31.788715693325834,0.790911778120493,0
-75.22338818602564,34.71908321979386,0.5844893121146228,1
-64.46927538965983,6.431568129497931,0.7793788837789141,1
-78.56146102736952,14.654307959178436,0.2475077742742401,0
-66.67229739173416,29.84941180532749,0.4083174917600999,1
-61.94884663302049,15.922574852091413,0.6776852337150073,0
-80.07163209692122,3.7663371932561596,0.5339114879184516,0
-48.19093340215284,24.725463288889145,0.4181079442742517,1
-79.78836923635728,13.59584241760798,0.8801728274442749,0
-60.88413846520155,19.283191178332043,0.2994432177884566,1
-45.197133606273916,35.19321948086394,0.7961724182457041,1
-79.19485010433624,28.799413985045,0.25389899735858656,1
-80.15210683211696,19.60102287437728,0.6696819311746114,0
-69.94787622839387,31.69206666686253,0.9652919610773012,0
-64.55531235017403,16.452617320820405,0.5368891823277729,1
-64.97910489309817,8.794817517995263,0.765276218602589,0
-96.74138344835755,19.00703655066608,0.21205611465831387,0
-81.30405670746659,7.781427353618859,0.34708127608974526,1
-88.80027377827422,22.643531884815026,0.9121487992076099,0
-53.87096240415047,5.379072365451707,0.14891095700247248,1
-59.831188707218296,20.704869527761815,0.3924379000211391,1
-48.18399580875075,11.53906457429295,0.2906158086128573,1
-48.018222223475604,0.27807355051783667,0.6178741174212603,1
-45.41220263600597,17.037287934052983,0.6050403629272215,1
-91.00346938438632,38.9180207604694,0.9071192079453995,0
-74.02010708981118,35.16896808218755,0.786516842551517,0
-78.99740665762127,10.166526048147105,0.4914114682947519,0
-77.20017217343181,19.153478235422764,0.872806539946949,0
-47.97293324706712,22.28514075630808,0.6965108708645898,0
-88.54689120566658,0.9281967838981275,0.27868818018709585,0
-95.2140014508663,15.874422478474512,0.4532747694033179,0
-90.73483431866597,36.718279810500064,0.9552153314656417,0
-74.3098081894676,6.716258992425952,0.3330093595873702,1
-55.6881034587567,14.50166640151869,0.620759753271692,1
-88.05700826289463,20.912011978483132,0.6536767589135244,0
-83.98146021448639,29.458978295752303,0.28399219291591093,1
-96.08705980602782,12.146442848706904,0.01910195529930614,0
-85.73713747774136,37.13391624038888,0.6169798666193826,1
-84.7137140386362,2.6839405173775255,0.8786912024894822,0
-58.54679221412289,28.341584357232218,0.2657914252546446,1
-72.38380915517469,28.95241847294477,0.793461310537767,0
-95.99177418418364,23.480296020503207,0.2785608136305364,0
-96.5183467598436,35.94760115591938,0.555343834737111,0
-44.220002744826694,31.663008725347055,0.526073100446634,1
-82.59712931358439,27.368060849642678,0.871362975090268,0
-79.35153531619912,39.587040483712535,0.8292844886632862,1
-67.17002374335395,18.334070072358518,0.46043956947883635,1
-70.70488658312203,22.64211594701059,0.5481528318505806,1
-80.98869485320456,35.72146154291178,0.20700696480553316,1
-87.63436562017355,4.506236147340914,0.1953889528116568,0
-85.42084828223085,14.091288235884857,0.7607347104976541,0
-83.24087317931576,26.598912166051637,0.6853470366447838,0
-66.27108210309243,26.138313811765762,0.5849291099564724,0
-56.101114587344085,34.51918368878241,0.07357738867173513,1
-89.93953673679003,14.420086497909255,0.5000504803886219,0
-72.92869326798805,4.882457843319146,0.8509402134732953,0
-96.4005499248791,20.728923134638183,0.6970701402288593,0
-42.41352866024678,1.076887942306124,0.364805731982903,1
-40.14519776422497,39.755555415551434,0.7878654671621859,1
-54.19677675140299,11.016196770996519,0.2813578268203203,1
-53.29699017557429,34.17883078815049,0.3021386921520971,1
-99.0245734064369,31.194196594859225,0.756198874925561,0
-63.80879841563976,36.48740345592919,0.13334422421994296,1
-44.68213994780745,0.9203602838051994,0.7344241800059665,1
-43.02187670939501,17.238007864363603,0.07393484712581289,1
-71.97745899200592,23.352388366038817,0.9897900737590731,0
-69.3313741942034,29.47637836549304,0.5970780744982129,0
-87.07856995123574,16.02826551049374,0.420511767595951,1
-92.09939487777055,34.399483862639755,0.6849178465459914,1
-97.30718065142341,25.438640367437323,0.9676595503992743,0
-44.429068223508196,33.064032012530575,0.39249384499169115,1
-65.53772977411336,24.07801809627987,0.7560413449385608,1
-91.22173833181111,3.83845938556421,0.7419211316650907,0
-99.6345832194924,14.127516612234036,0.36916648582670997,0
-72.60946409278233,29.5871825875801,0.648119114043305,1
-46.77864456649699,9.941557878555924,0.9293222715004068,0
-43.761321761720566,9.92060529827944,0.7592813976484317,1
-93.53941882446395,7.749561883808878,0.7867065041519022,0
-91.59667571863056,15.916953587541943,0.2721474689122385,0
-67.93687119650356,7.656490860368175,0.428286340685357,0
-85.26603767143291,0.4942698184908201,0.9934337859579191,0
-81.25489978764949,29.893780930093957,0.6707198563766116,0
-96.34824500765792,29.290326742114814,0.21338396358325018,1
-86.65821382357282,20.72067412651682,0.5924274004019072,0
-69.75616560612694,15.256834622706087,0.7662220028370292,0
-49.84689894681146,35.959655057385476,0.31848511292560133,1
-80.38609888738064,5.279938400239295,0.6171071318656394,0
-66.97086380329972,38.34094627425879,0.6139949048822024,1
-85.94226395128457,39.08872190910486,0.34489605778293986,1
-93.42851624307565,28.13780485487044,0.14088397273355702,0
-64.46328851067885,28.15918795663769,0.5073919072620214,1
-75.33164078944148,10.102909996985066,0.7937030457456351,0
-56.48900074894787,20.13756726239079,0.6915275195804564,1
-97.04475280434436,33.3418089509638,0.5944282600983286,1
-87.01967139185751,9.51157196826757,0.12290392422716445,0
-52.56537728832337,2.66186925814337,0.9308023399593885,0
-49.07603656049995,5.577483534396124,0.6927034682085017,0
-91.62738002763041,2.9520868132250655,0.9218145077349221,0
-58.20896120205322,4.555542597922417,0.332653148723135,0
-75.30134098673659,21.62781393207475,0.5467947571866901,0
-81.42569283820148,12.87766566912576,0.5154346514158713,0
-60.058915833607784,0.560842742483425,0.22970696980417804,1
-41.59907897524566,34.799098507696186,0.3002501170425982,1
-83.76335828828837,14.511147998765948,0.32817989595749875,0
-88.1092581506288,23.069232978554876,0.3571915344561053,1
-96.32175605359346,14.017882857559334,0.5603138987317671,0
-75.55825672822166,22.750693902799817,0.31257881779311103,1
-65.38834249014442,19.737906716132372,0.9590471292166544,0
-71.70158856253728,4.675873541411537,0.8531637355241476,0
-81.46823470508434,4.198901349292048,0.7469925189094472,0
-88.81268240832534,20.80194606074917,0.28733024283947084,0
-91.15820400851526,1.7166452591334602,0.8302375028220643,0
-76.25399140565379,17.10301912581894,0.5797514321901989,0
-61.75583737022867,34.573023467136196,0.7723757943486399,1
-56.243725368376644,21.856604000411146,0.3249700502761905,1
-46.84667829134799,31.51873010860499,0.982463755567825,0
-97.86820491825866,12.236615236514798,0.2978750520672673,0
-90.71656605946741,7.870279898960089,0.915135512304101,0
-43.30275183335665,26.259314666012088,0.3743269605444225,1
-96.06817396489706,14.795123187533573,0.737711479298795,0
-48.99671613262321,24.690774957230982,0.21952482146235597,1
-46.49789132648776,29.733199964056816,0.7553492793492192,1
-58.09590425839726,12.07241844822093,0.9489441549233019,0
-85.52113972134828,7.975568225370768,0.5505026554833632,0
-72.74925929786384,29.073759533195215,0.24137186929677468,1
-87.81102548995618,24.87651742613923,0.6839230684148478,0
-91.80020075327019,37.43401183202778,0.12161346744044055,1
-44.051676919835515,5.889116728211028,0.0004913922774196777,1
-52.2329739670976,14.028263008020154,0.508861603334201,0
-63.624962832991514,24.886913913596395,0.22789000888750832,0
-89.30758861117206,20.682624474538642,0.9076105823292833,0
-48.869248299552964,11.30789049777167,0.3694883694635661,0
-66.36082955624991,35.50432144154722,0.6303982396109056,1
-64.3436383419052,19.917828818154867,0.25902183711450233,1
-88.66981477146166,34.04142319189326,0.7418084858773569,0
-52.5811294153583,26.205917680542818,0.8621207571259822,0
-60.61497258035599,15.048848127123925,0.46887820704329186,0
-49.55822976797436,28.561101515544895,0.45386996024093007,1
-96.67084080854112,5.87668437125024,0.05004640288337725,0
-51.23188651444904,3.465608963609079,0.47712449632981235,0
-72.05491709709557,22.91445900781172,0.28044206854150233,1
-44.13085987201218,10.261857697387624,0.4315929939184425,1
-81.67924304627584,39.89266200945649,0.7077224957395825,1
-51.00417718653025,3.786268591269164,0.4821856118468495,0
-80.427331583854,13.69603445551233,0.33828876263774976,0
-49.55331406357408,36.62571188735876,0.597156740213168,1
-57.70970061740914,39.520289313963175,0.9016865173076086,1
-42.45423619773335,27.752087898790748,0.7022597176991295,1
-62.5143619189245,5.134112685611494,0.08679135199621835,1
-62.33487425254718,18.224530989239728,0.32314337997885756,1
-68.86417388547153,1.58049876021233,0.9501298653827988,0
-49.803217538038425,10.369587779796262,0.8159471542108188,0
-44.125400291232246,8.93803367880842,0.6106497162480736,1
-83.23075758578862,27.57735539041528,0.9367161364517543,0
-80.59484452235151,11.025090496863124,0.9466051291373735,0
-82.98875400404626,2.2631471361761335,0.3273237938761375,1
-81.16680062120587,22.566028627515223,0.9515198945218389,0
-42.44744362932545,12.937776522625114,0.28877206593556215,1
-63.135804936140794,8.735321914236632,0.49050787721291755,0
-91.65969528926408,1.5645391459280722,0.21102659959729997,0
-55.12059226285319,15.073044338943,0.5220884767842899,1
-88.31909818828295,34.129930224700665,0.3351541846051219,1
-52.39610077065565,16.834119570993753,0.06227168002504857,1
-69.72728561776377,8.752730746951451,0.6005102967468762,1
-76.01943189018179,0.5833426282524368,0.030446862269473685,0
-77.7323466068361,29.299257319595785,0.9812994105058486,1
-63.949575523295145,8.166355638571122,0.5511419496970155,0
-47.89350726767687,13.330997251631738,0.08692667844288404,1
-68.51132874344778,23.878472030122907,0.6135345035636568,1
-68.86849837681305,35.26234371209698,0.9365008323525994,0
-72.73255418208053,39.69205282729,0.06145743500496126,1
-51.46182384959506,7.122579976543761,0.8919149626159689,0
-85.68683076235669,31.97464515381401,0.9840049346013388,0
-81.92462863322417,34.82127543787162,0.3726510253700831,1
-85.38419527848356,1.7455051259050913,0.19645481900346107,0
-40.57669255837106,34.12886286690601,0.8185161037672449,1
-92.33112784467197,5.142061853346274,0.5156625838958768,0
-70.09752717869215,4.487094200379129,0.374850613577545,0
-74.28136525040527,7.216960047056014,0.6624519857377758,0
-68.59456912930645,0.6918604437667186,0.8303124270970701,0
-80.79371404680718,3.2091717477958914,0.9436350739015482,0
-73.17246698536978,10.394708762436409,0.31471062652587867,1
-96.57646498408234,12.731294514064096,0.06492007882052997,0
-96.94999228309138,25.218983395198965,0.7235292872907126,0
-71.14551326911116,24.869762449396774,0.9587195332819837,0
-85.65761547091863,20.57411343691995,0.05327252488510048,0
-83.31026296646391,7.672056754201151,0.6372886337233762,0
-59.062616880416115,32.51603099449313,0.6850552634957731,1
-93.31701462884271,7.284961806888743,0.14490527609452697,0
-59.91789735439434,19.25396440380031,0.2278942947915622,1
-45.459987874435264,8.123241580786388,0.2067017522028971,1
-69.07813907023677,28.423979742256904,0.5464658865492534,1
-98.02793978401186,27.609687652786107,0.1872367378248755,1
-96.19792119695627,1.2250882734373958,0.796788268323727,0
-43.35238327529664,30.904682875182864,0.329519359012577,1
-47.325173404719585,6.585211327928651,0.37152886869642365,1
-84.59669430789003,7.063400465591125,0.9601875838397951,0
-56.09963299193265,29.850658155213953,0.3538915587209345,1
-86.9850326316527,17.547805884803942,0.004218249411292119,0
-48.025484814546104,26.666808072353312,0.9725742498668071,1
-73.79995063966963,29.89114845688465,0.26557907949811754,1
-54.399101695357906,37.903862974083,0.8019608158314061,1
-72.93595651273249,13.394804126429003,0.4065001223449298,1
-40.001378774938345,9.577027563236005,0.7626879698833088,1
-84.60299524368747,31.06983574887309,0.8241044404371517,1
-67.87916209495529,1.5279320909608218,0.8441653600107758,0
-46.45737376260599,25.273685670260846,0.7476833146664672,0
-87.11668344486198,6.668456626649122,0.21223017185911208,0
-64.3926236446016,1.4451343191958665,0.7696654995615909,0
-94.44646367570003,19.796183293911103,0.7184802720480686,0
-83.97452340175522,16.61771155833481,0.4859172476427336,0
-98.63198514550183,4.537315555306174,0.33898575628213135,0
-84.09991983156027,19.416599630223672,0.8094351551180373,0
-93.18951272148678,25.424009406723762,0.2472789204371202,0
-98.60437359269393,23.5516325402422,0.10087844230324372,0
-82.32703877260045,28.091753372709313,0.6084485631271255,1
-72.21840207466809,26.18710279677202,0.7493058252949685,0
-48.628296211095,16.780417301089912,0.14440784545901253,1
-65.65062545267318,6.88430763794063,0.18893971445938018,0
-69.05875368868168,2.4392203490595277,0.6324852572768319,0
-54.37469888892295,8.08985752134452,0.31988372837971224,1
-95.01503351847691,1.753928173687589,0.24180921216928286,0
-49.700584522245606,38.877205257078,0.7911624366345094,1
-53.76644183289402,9.679492020114964,0.5735887107538941,1
-66.36776600400971,26.680244069863335,0.6920690488355941,0
-98.34714272251263,29.11301776014625,0.5161485310834114,0
-87.4812800466401,23.19995198355871,0.9576658395764743,0
-82.96549372815767,23.34518187393849,0.49328899540524485,1
-56.53157258781764,8.828915818246763,0.28709875071059454,1
-87.83933272793695,37.7625473634367,0.11933455139679605,0
-48.896669034848884,38.85996127050236,0.5829078655236153,1
-80.97276028749171,15.682654074233643,0.7797125233192194,0
-56.99489499018344,7.9745539155341305,0.595744077216542,0
-66.38721574091745,1.1472840740177093,0.7449045857628402,0
-75.8055207793179,33.05065875843312,0.12681723998766026,1
-84.86774266045074,17.90673301864709,0.6197145757981777,0
-93.56734924839157,15.309400901335506,0.5692632839277696,0
-90.469510556238,18.18981960514464,0.8926466488458284,0
-60.89983192390036,39.52067073681373,0.04958534609095888,1
-69.64213488438057,39.19343721668186,0.758581989768674,1
-73.10556200976357,1.5944433339182584,0.9732449238727028,0
-85.1788097130144,3.6831461436983526,0.4780036928661704,0
-85.30678309117559,29.916531637195213,0.5562275303300224,0
-90.20759891693277,6.3974935065061445,0.9279342617115052,0
-92.15489119742088,3.1074687904081078,0.9253060448374024,0
-98.186847774919,4.663456556803793,0.5973131087892772,0
-51.457222694170675,13.176276974570275,0.9351699588392239,0
-85.19463164336742,38.084238041767904,0.27608648831560445,1
-89.28228286322546,19.192762909992194,0.39871683761001053,0
-92.64142914172612,0.2086754057980933,0.1645370693686784,0
-70.13817223155364,29.876531668541688,0.9876371339761155,0
-87.82649231163902,6.688095193511541,0.6374918907542851,0
-59.22837944746253,16.35561800591347,0.589451748420618,0
-78.05900779677972,12.206550816060592,0.9519769011840774,0
-86.63081058616746,22.051622117472654,0.932305949754523,0
-90.38935049999499,4.471378123360199,0.5590386008656624,0
-63.52852522900655,33.313408486387026,0.9788506703483486,0
-85.72540680014015,16.073185854011122,0.2724053491351508,0
-68.6693886404961,36.66443204924498,0.14402982384259688,1
-81.29371247332497,27.353539694146797,0.65684446777962,1
-77.01106765842478,28.67889709133778,0.9437483784212553,0
-93.62506543519375,28.084973063399154,0.29962122852866246,0
-49.01618851592637,9.724861805163304,0.6980915273278379,0
-47.25734017164178,23.617954603797216,0.5944836928329567,1
-84.36584101447144,13.621096947698138,0.2626965763757483,1
-51.29355530553055,30.29511449648202,0.49704203913093836,1
-66.2220453199067,15.594296379789746,0.323910276578231,1
-93.80299125357702,11.787052442284022,0.9776356884104902,0
-81.85118313172431,16.424699612348135,0.22432241794800678,1
-73.44834474560287,9.40735794211902,0.07484769875502462,1
-67.75887514554674,19.228362920734302,0.587898623796049,1
-71.07815442481896,24.73350217839641,0.3503408607371512,1
-89.30523981093438,32.64622146981717,0.46496406922492717,0
-79.37973512291397,25.703051848164673,0.42215644257342844,0
-50.18488545896262,15.564450581717896,0.9276977283820216,0
-46.17799606620248,37.65179115471601,0.8829865570812248,1
-64.62816432779422,2.474041979183599,0.7051439553864325,0
-61.175692111400494,3.591614009077806,0.7025655085241896,0
-47.59757484636039,28.80641142494525,0.8915425843720521,1
-89.26759899754929,18.641545577938125,0.7298943042719032,0
-99.94267999459117,30.93493811606271,0.2084703449430586,0
-68.22747668289566,21.72197442676199,0.6952180747333307,1
-61.37557207454361,20.658297427221733,0.940395835913372,1
-57.40571816312177,16.48404359343474,0.0006800892946756676,1
-85.46629534161039,16.46101355486657,0.20478809966531442,1
-84.14850020588187,10.722722715625604,0.7687589976870491,0
-69.64253457767023,16.189349405029642,0.5509083397137505,0
-52.54809214820394,21.022901264928944,0.17769492142932009,1
-92.7917671312905,4.886006171249395,0.6980618366704351,0
-94.14731759362104,39.441537735595574,0.32870860099130617,1
-77.93481396431355,14.661139038615811,0.37826673898079344,0
-93.90307342614304,23.55240854771074,0.8877889657037286,1
-44.658541687239804,5.3642292671962855,0.3162151525457473,0
-93.42187925388697,28.78758453040305,0.09677315265940734,1
-63.5133956916047,0.2476755426755295,0.7390128200837516,0
-60.642813392518846,24.197738990977623,0.9157351610468827,0
-85.01043473141668,10.923832677026994,0.3806669346720757,0
-62.441741197432634,1.1799185107153098,0.1375374740039853,0
-81.54789565475284,21.784776086619818,0.7181252553305062,1
-46.20358527115396,7.847601986737347,0.37689573421742184,1
-44.60124626138472,19.685372561511983,0.5786281259278617,1
-98.99967590269962,24.29760472782643,0.021048921577415558,0
-91.71629626288572,12.39242864464773,0.7750213136648286,0
-90.74301247519143,22.029966051059226,0.4549632429995282,0
-68.76634754864344,16.55085609947833,0.21175234115188513,1
-85.95379463050631,2.4810620698219843,0.4908321377070043,0
-50.911029495079866,30.45152210706195,0.7110048581053449,1
-69.8104689432988,24.530339141255205,0.7094070116372991,1
-62.72600930718019,10.842732773620881,0.08218636869000273,1
-55.64966068439665,35.082268086759555,0.00970440540640538,1
-96.643547561533,35.376341098430125,0.2969293172923523,0
-74.74529803176307,26.614634452116682,0.5523513934993056,1
-44.68472075354262,28.916475632075773,0.5316938546625483,1
-44.68614961004798,32.42053738492958,0.4839440792123362,1
-76.45785442469236,26.748012485214815,0.8681258499127755,0
-93.2271068091768,5.07711543416808,0.34133195635879676,1
-58.66617952066989,10.708000070865907,0.19900886693577624,1
-72.87281245435926,32.72627097608374,0.5168021072050236,1
-82.03777939874207,5.7140354869374255,0.3105390123496984,0
-71.74287169259098,27.681116548059798,0.6411867697897043,0
-71.07640610323675,21.895588446008762,0.6228643992941548,1
-87.63452926493736,18.818580004986867,0.40041594404128233,0
-47.95056209486051,36.8723892855337,0.6812433977719089,1
-65.65252401267307,22.857270479038142,0.437552710192457,1
-56.81872713612375,16.68319844356066,0.9639393990286164,0
-71.17092444047117,16.49504546153235,0.902525658088605,0
-52.37907096640164,3.041860693891736,0.6153206818372273,1
-77.36764102701977,12.929073045765103,0.725821249222726,0
-74.89727861824227,23.896791145572575,0.23196086991986853,0
-78.91344312802804,4.155253544206414,0.25941446442563787,0
-58.38880160770744,19.870869899284628,0.7791381552226365,0
-67.59516590269935,23.372129656528053,0.9661158793506467,1
-75.09355439989031,3.4638459014809397,0.8408451199873934,0
-84.09536268550168,2.7512835170503935,0.5950113332419643,0
-76.34344784997285,30.49665076691774,0.5953377475531488,1
-82.12750944141365,21.494517007479974,0.27104239061644186,0
-47.24799854153529,36.62428728318736,0.9035067870596001,1
-88.13397270050413,34.987915409644955,0.9412629067243916,0
-94.91451125710645,7.795302032995286,0.6562994055415836,0
-56.45749625573541,30.91347068918255,0.4301330361782908,1
-95.5782500716996,0.29622739857231295,0.02371308058178534,0
-92.46332983224335,25.30207995656426,0.045382857054250714,0
-64.7713395306941,20.472027474628046,0.9255834052374896,0
-71.43449459928036,10.675453183029191,0.9296404594500406,0
-94.78808688830908,18.30020172401799,0.6963970994245932,0
-81.61922576933765,36.58491958574251,0.27364847772436307,1
-66.75882987575737,25.58435094025169,0.3661488505423376,1
-41.50223785457373,27.692925099535653,0.8903451023559747,1
-54.11996628628002,21.594907612861192,0.0625060317692514,1
-69.44198120651069,33.073393220539074,0.9598433227898596,0
-97.54780061369954,15.846616685746469,0.22667317880505444,1
-78.15349826548149,29.295477300170635,0.026150009437403088,1
-49.739229279545185,11.355219622288818,0.5494609674279658,0
-69.96592235256601,19.214495777177753,0.7339285624654003,0
-88.50482590199098,19.14907104000404,0.8253116410394402,0
-53.72272954289372,34.491983051424974,0.621596111298471,1
-77.0422436209258,30.38241355261127,0.03549634097961463,1
-68.51229097999492,19.036569765485496,0.10151633248663694,1
-55.76412879448944,8.922525419676074,0.75364987560681,0
-96.88761000107549,7.205565406071863,0.8479165250684185,0
-81.24333593294551,29.74814273743776,0.6943053017614538,0
-60.66669325666804,11.037991092244518,0.46679270303650156,0
-69.45853190470918,16.260940891374794,0.7223822206016985,0
-42.15917785841218,37.66873646812881,0.3325012591023083,1
-74.38408841401983,28.197097129154095,0.7211900643187025,0
-40.8618572491687,0.9684203806816027,0.6893104337078698,1
-81.15000328554484,26.937627304949714,0.8342192927541415,0
-47.49860087356275,33.504230224445585,0.12837441144099482,1
-85.69220806802605,12.716643905751933,0.7128423458041493,0
-77.94949929680112,23.617358889083818,0.6119993092772065,1
-71.52846431184719,0.9491611884205398,0.9261757956818509,0
-44.635654250489964,26.90952969449917,0.06822096809511768,1
-89.68237888377863,32.709770567184506,0.04248998187711883,1
-91.23810251920327,19.11069130917467,0.7275591990840068,0
-61.815499473533386,34.474661867750655,0.7510201351820648,0
-58.83022506309098,20.563125330814373,0.7879456086377488,0
-64.545070511115,29.963088545504284,0.5686835601201101,1
-47.318243638805534,29.3152178714738,0.9866572080136794,0
-75.24570584357917,21.490719076898948,0.8268854367104835,0
-67.23163039594219,20.139294185338915,0.44757789840981643,0
-56.21315397737248,25.142953013896516,0.9288420128849969,1
-69.26542173360238,5.537411014807794,0.018636949259979274,1
-91.2464068132529,4.214743109762935,0.14950287427514664,0
-70.94106467887109,34.892193217484085,0.11944774453554052,1
-85.57158675428572,1.3780206611543555,0.2802367001345014,0
-89.13940895978966,29.491111719141205,0.7166878702911479,0
-57.599247011450956,33.875090535388416,0.717299405066576,1
-54.63548305430573,34.9964778383127,0.1917248145424194,1
-77.9625031522501,24.241290622773413,0.7119908441063838,0
-94.6713947928553,22.53012083856582,0.26492981639754276,0
-96.89516871801511,10.62479896413301,0.5337474478332319,0
-44.021198401043726,8.36235659520777,0.9224048994851441,0
-56.51099066518762,21.321380803284384,0.5778074103056783,1
-77.89190780136417,16.319127692716396,0.9941742393213673,0
-47.35282511482267,4.18006016903794,0.9529691957907326,0
-53.78841318772869,19.197816862881464,0.9234280261716639,1
-61.39226595078341,16.86740701280947,0.15712146379469183,1
-41.30773415412632,26.158669547232336,0.78674870081776,1
-40.014079785139366,9.179451390018873,0.61259238189703,1
-45.95909801426542,29.370756319989084,0.4594253554221106,1
-82.31468840783421,28.382296769259842,0.15020155789959988,1
-43.36314342851664,3.0817810392334133,0.4416009167358578,1
-90.74263047594712,27.72029064588931,0.5063967075617242,0
-97.71880772767638,20.620209536382074,0.43214447326504435,0
-95.25584935792266,12.31076444206288,0.6400554817713973,0
-84.92418695761204,32.249743833703064,0.2722750925904367,1
-50.99079595125392,0.24653344605347627,0.8139855371839396,0
-83.9816928792296,24.129398176986324,0.05621189850076247,1
-83.75553696016678,25.261422127150915,0.5567408112181469,0
-68.87376500702146,8.244565647653058,0.9095200905806468,0
-53.95978634415192,4.841043952497541,0.6924883196841038,0
-65.93526405437484,8.98923433117892,0.1341246119266587,1
-48.03647708896984,39.909494152620766,0.08166543969619733,1
-68.39360611826154,8.388094649462792,0.3084061507075716,1
-52.05013827530494,30.1212706747572,0.3081781245235736,1
-67.48322606839812,17.678016987955377,0.2372244890167653,0
-95.55653899785558,12.836398191183438,0.04279939553857548,0
-83.4977464186198,27.085619584909658,0.9972916880825536,0
-74.28192099962601,11.599885394727533,0.19570321483016162,1
-78.98618820592682,24.38588811985776,0.416127392643736,1
-69.29065666571456,14.830409481748,0.7946618574606086,0
-40.29943496057138,27.275056524472593,0.2143461626504335,1
-63.494995207364205,5.1470536083138585,0.8605065191962326,0
-91.12318520171732,33.766911909609284,0.5437319360438827,0
-92.86537911796236,0.7613700370198506,0.033146237767705866,0
-90.67350615499466,21.880320244127795,0.41399749637586125,0
-96.5384397000136,27.93085829127876,0.10835176927368684,1
-74.1149082892066,35.87422513250885,0.6426725997905931,0
-61.229249883395454,22.665323589594557,0.5006146318982349,0
-72.65342260998334,36.31134982113357,0.747953542095095,0
-84.64365508715537,10.126766387191717,0.42386313175842516,0
-93.97265165213103,35.645085145792336,0.6951820424873231,0
-46.92339984098317,34.83495713487253,0.571343020007565,1
-89.61907543082428,10.40747907556899,0.39802362782136447,0
-72.84949608432828,38.85818828243786,0.6528464930918264,1
-91.46302128660446,6.429203755471131,0.5071936081440116,0
-57.77333832758653,25.381516728013516,0.9171553566809796,1
-42.61584127135384,17.0610710057931,0.8093218478483889,0
-65.44484342063404,35.35308844289101,0.4971988367328526,1
-98.6025363997184,22.46247219415337,0.011111695205184735,1
-65.56094751085068,8.930291595256579,0.8026317160647806,0
-60.866677202944345,2.0892283443726045,0.10158897474314643,0
-98.44134640320635,15.550389414273305,0.7353427440630803,0
-92.20323684397432,2.2701633434523893,0.42545655383547165,0
-95.9427995422423,36.3012901988529,0.9312391241884718,0
-83.04423531753915,5.226162526338358,0.7393890460927016,0
-76.36991462889867,9.059179934477397,0.5559655723752139,0
-50.769643368483756,32.937031800450406,0.9355795615581848,1
-70.22267543024586,11.582486851714151,0.8101033334025264,0
-53.35389039895219,38.71671389597867,0.9747459786923962,1
-52.91419304486875,39.810752266624675,0.956879827544563,1
-93.04222598999004,4.7113344862579565,0.989288753417999,0
-84.57879906109254,31.679279167767437,0.6704906296993722,0
-70.93694444791294,19.273556263180396,0.592223037103407,0
-69.71251102579012,1.0841962368376734,0.9859027955128719,0
-62.8714042616239,35.65588024527837,0.2929438734056927,1
-55.4609230349214,15.796015679647542,0.3034625731535342,1
-62.26542286583567,0.8437081680352865,0.9600058240812949,0
-62.0494902307812,24.92567545199538,0.524060987295856,0
-99.48370266596902,21.85015060159291,0.3570197300068142,0
-76.79062926353625,22.80937040516022,0.861334371265527,0
-87.10021945479734,36.683082043089875,0.3464946626825164,1
-99.56113262241907,17.388259841031672,0.20053027737442186,0
-66.7249127790499,18.546204863293863,0.4896593441869984,1
-42.86844781624599,32.85117301295292,0.999463209590204,1
-69.8552203821437,35.43239833278867,0.8448747901522491,1
-54.797883162967274,21.62071904056482,0.2864423513849085,1
-80.91615117347924,11.98250257821639,0.8014180592198049,0
-97.26026287379763,21.22085540904033,0.47463574269802355,0
-44.30157201417258,39.68516101822294,0.7181552715797512,1
-57.75806361284723,5.182750889701984,0.10542933731623971,0
-80.69024981820466,10.730789942347872,0.5090926388922593,0
-76.17163321602409,9.893620695949355,0.37064342462515465,0
-67.40144942584257,30.338945316236476,0.4420092961379489,1
-93.75302948130832,11.516015886204887,0.5929870538327211,0
-71.33486467882278,23.112358036539117,0.14891233243174573,1
-65.8833389215976,19.70586752128775,0.9716569652206626,0
-58.67115416805028,22.3436516023709,0.7430223596803907,0
-91.3051505884996,6.705478934757481,0.207636342462044,0
-72.62493131632797,28.6954412687774,0.7660006861266304,1
-51.95969080243476,3.3034268575947356,0.22555678388365563,1
-48.67050749256486,31.408562759840613,0.6983952804216833,1
-95.90421366688597,12.850042580355684,0.6885069559038616,0
-54.55903403560488,33.48294723132657,0.5099431839549319,1
-49.31393539225748,13.481062093613412,0.6407064537086362,1
-50.341538536985865,2.155140306433947,0.8478816669961619,0
-94.57551529168614,20.754433941980356,0.05774556526246977,1
-55.2359212624381,24.69399264865266,0.3358859695612538,1
-98.06026804931004,27.526820385017086,0.5356367118173342,0
-87.90160447275034,37.99621037540404,0.3243133722779237,1
-50.597644517760635,34.740309855956795,0.6075887174856545,1
-53.39867941904258,32.94104818301152,0.4946846631510501,1
-46.4776290379751,39.19812106275492,0.41534966876986434,1
-91.0025830402955,5.014229800623293,0.9345016552119155,0
-59.34275418401236,19.780618816356686,0.34065713252127394,1
-50.80060313327363,33.928833257796924,0.5048889791279934,1
-65.96453105036578,22.061347438024303,0.9551722810966224,1
-96.95508575050083,14.957586533886102,0.6866111678514195,0
-93.0485965398839,13.154828048368907,0.7895521873509292,0
-93.1328381698066,25.556619655738007,0.7742507676007635,0
-83.5519363786835,19.737999186665974,0.705480352644849,0
-72.63983824680662,17.816831847273463,0.5043629138036629,0
-80.31262096512705,23.695964593566735,0.7307713489694564,0
-66.15429177716663,31.701557286123048,0.305863769173526,1
-55.23914318539322,4.864324241745939,0.7674152811834145,0
-85.92248062551124,1.271691987871506,0.07550867089628821,0
-53.370835035579425,38.766148560263986,0.36375445855022015,1
-96.29026235811989,37.320741836279346,0.9289221029009539,0
-95.67018020747668,16.104869758647364,0.04025335001957264,0
-98.24820369444514,31.748364535962924,0.7849843055520779,0
-40.58555356868152,0.7356356489815319,0.7336608383901669,1
-46.909144464137114,33.91166077716223,0.6027045762328364,1
-81.92077854024308,30.84083686476173,0.20827614683212137,1
-40.40000191238263,14.772216301287187,0.8733444249005944,0
-91.76929987061173,17.958045411178716,0.8438830293135801,0
-63.58169593197356,12.73402368239553,0.7102095707168056,0
-92.388475122297,13.143876653663899,0.24828716715518728,0
-70.08399769647241,13.495739127637716,0.03770632869344903,0
-54.225818857628255,23.642424167577083,0.8187276410748112,0
-90.22860692543784,31.53352755956746,0.413738496600629,1
-76.02201539556887,19.253144814398627,0.7433757612712785,0
-96.20298199587778,30.14715388890481,0.18993375549729685,0
-69.38044497545596,1.6569883334821878,0.7746357649429972,0
-69.54972306339768,8.483689592654894,0.7827870240790941,0
-86.33276854232771,21.693373230105134,0.5088845114780828,0
-53.20424436710799,28.22224319636408,0.2052712185663188,1
-61.42009459955005,26.819352702805595,0.2392541313562574,1
-76.47745228828863,17.352106646028066,0.4421396236587909,1
-73.15643489247343,18.122939044214142,0.6619459143935266,0
-48.642249471179085,6.249892670855108,0.8553227317010489,0
-69.65651803275252,36.670909628968516,0.5829846551193456,0
-83.13924354990829,31.52298144399372,0.4394286795954031,0
-49.26880372730634,16.633317669131088,0.9593256160605745,1
-82.78986671919087,37.753620418425896,0.7441020291247636,0
-94.90849338670394,39.134707552913866,0.45114220907128966,0
-97.53080799685598,2.4536656526240552,0.1267960881466782,0
-88.28524632726524,11.420923864126781,0.4167176988251986,0
-65.80960670607949,5.894863027946617,0.6854115790153403,0
-85.41162547641136,18.305906678015816,0.17028881875027913,0
-89.83280922356928,10.435838298562023,0.9997500399402176,0
-51.045927072214354,36.215748619894235,0.09150894015976296,1
-75.60411137788222,25.70809620847107,0.018859913067972744,1
-58.48039801680915,12.678120853172752,0.2026876154817172,1
-86.04924202621967,36.788957472338446,0.7050442998572152,1
-69.83924051223599,36.258743042565044,0.5559207892646867,1
-91.51412271844823,12.416171004263132,0.4213823987243075,0
-97.59092202717602,15.381140081971513,0.45210689054808095,0
-43.87907828019233,19.578477169591906,0.20369765706086518,1
-55.99201343200985,39.14904596179453,0.03675572930282167,1
-76.96289119136931,5.553170155390634,0.7108664521330071,0
-63.34074717780231,26.162282992336078,0.6414346732757498,1
-65.04133904112774,37.608646449267816,0.2518873695620839,1
-52.30494501451004,13.922355190314288,0.005577430074845013,1
-50.70155589927752,24.125917329972243,0.35939304366085856,1
-96.41192744364764,28.57179984039917,0.32729825132088897,0
-94.43287275239564,31.017706808260456,0.7579487288774396,1
-75.99631323191468,25.413607357311868,0.31194251412596297,1
-66.32941473016287,20.90507687211373,0.7285413460086347,0
-63.47153144766435,19.813885525017852,0.264381107407373,1
-55.95900641267662,31.714074258641965,0.9035202729287805,1
-60.37233128137258,10.564981465424834,0.6076874117910765,1
-61.054179294188046,27.433010122637747,0.5816055779626679,1
-97.52481804960625,17.162973016739564,0.9859963223768281,0
-88.72251772216228,11.281583031002537,0.8028412724410037,0
-52.46374976977586,21.12081819884025,0.9452558807088358,0
-82.5341101781575,8.884110518295078,0.8102108238926963,1
-96.13874309700762,33.133847372908164,0.48014050831873867,1
-62.43044284957185,6.941793883169161,0.8640019909567169,0
-61.08926209569172,15.98650610918643,0.6251892126753198,0
-44.57300103440919,14.903829730121618,0.18363415717533915,1
-66.26023033493537,13.929785808577297,0.5993422666584953,0
-69.96358851360064,14.768581320197022,0.8172422424850947,0
-91.0166770422124,15.039648764369424,0.22651135221460872,0
-80.70495382783292,13.696155816031759,0.17895923220167864,0
-74.81081028427943,18.015931408343853,0.8036050469742658,0
-89.12071247404886,12.222888626321971,0.13665085316802572,0
-56.68982006598319,16.870046750303985,0.6576716600263848,0
-52.955143099515524,31.137504345841833,0.8371213779342331,1
-49.400626854281256,34.86125660458642,0.1018481943999695,1
-83.09796811008219,1.808255457718948,0.03796127122931359,1
-50.00562754215688,14.894603318997532,0.5979001169407681,1
-97.98340184882494,16.6383695582024,0.8863065149450058,0
-52.73839314002823,9.579593117264134,0.21525781460867666,0
-74.32634420924518,17.947938492723402,0.9464063991746833,0
-87.51681025610542,29.8591212658434,0.7712492543471865,0
-89.77952838048887,31.92775375102316,0.7858184691540152,0
-87.97103860719814,37.896764031911246,0.11786169921108958,1
-72.95574473090277,36.5822299051284,0.6240192678331917,1
-94.84775212057832,27.87401153695699,0.08212167865490305,0
-78.90643678171998,39.56574684954286,0.7173157707372152,1
-56.63030427747361,31.90048525187724,0.24056557251174904,1
-92.24404324627605,17.361630937300184,0.7665873238990072,0
-87.83779834481126,20.304825545675136,0.35878205276527064,0
-59.85775419258207,39.78677946507507,0.09550610996390019,1
-69.42594893430027,11.504516582758995,0.04502044022037077,1
-54.51473559487757,35.21130088657995,0.18896716568765037,1
-84.12300543524643,5.105824769595233,0.12202852960640931,0
-43.08121192502847,28.319556415180593,0.6701835059406824,1
-78.59843202067474,35.04103344193665,0.4787005808849456,1
-43.95331485742054,2.83399726236103,0.08399771430243608,1
-62.68613359748525,31.475303618606905,0.860965103778436,1
-78.10996847659102,5.990495969783902,0.35184032146293887,0
-74.53981426461931,21.534911713559378,0.8214549021557923,0
-42.4400591418635,9.434374781750972,0.9110379552022857,1
-71.55662704433108,7.6031486448025465,0.6919648190003295,0
-55.19617324715699,8.171089729589504,0.653820710070683,1
-91.32487809239305,31.30333202756828,0.44483755861062546,0
-40.51611706686274,6.236302934782083,0.6575926221982399,1
-47.39735216412284,28.84599833529219,0.11441829549097071,1
-69.39902905879362,35.725222496922115,0.7667405987940366,1
-57.245448139040114,36.267670677691115,0.4147779077705286,1
-56.60078014197061,16.146924399600657,0.4611889582341243,1
-40.311106430223504,5.100978266782175,0.05480222168989246,0
-53.23854731285167,9.566012284740255,0.6103221106153769,0
-46.267528011254576,24.25683793130331,0.11962643740430201,1
-63.854982270795375,25.67773908364458,0.045324115485419036,1
-78.40204437053846,29.648079637586996,0.5625180177821542,0
-47.95458763104498,19.36070710770374,0.46243578211248015,1
-80.3294776687935,17.62049910783832,0.83391965343555,0
-73.81846315404616,37.54783369602044,0.1163728046755973,1
-63.09186460069471,37.03707126466292,0.07667753282589407,1
-86.21333062341512,22.99806786007852,0.755132150649679,0
-59.15712839202962,31.14294706214245,0.10282339906953364,1
-61.37449706803225,1.1522484059702487,0.9200785830480738,0
-47.991913704284414,18.002318878500457,0.7724262649439826,1
-68.81478041824941,6.288702350813473,0.7968955619195475,0
-54.51782732452984,16.61872490008731,0.9287602599857815,0
-51.98509338346794,36.322595219847386,0.4780967023498527,1
-54.43068418188835,10.205530344188652,0.6703041530859895,1
-59.66413412659331,38.78286525986975,0.8431643089305957,1
-71.70257116194983,29.861605383838427,0.6296120238713369,0
-55.040080715755565,4.158131925408273,0.9677904102523028,1
-62.48711262096006,35.52120881440713,0.9464674841334414,0
-58.74009705003445,23.572598472601403,0.5981088648771107,1
-64.07569386231128,29.922302762211114,0.3663113748173482,1
-83.21225267972102,16.45021397106284,0.7625098379298214,1
-90.74854706862212,38.08061627320734,0.8912747091684919,1
-89.12764750969673,22.496298620672214,0.9630925723663085,0
-76.46768775914795,38.10989673012388,0.23744480675298085,1
-69.22470534667984,27.33269820105239,0.2775854654084665,1
-77.26792261912257,26.407490001274574,0.9366747120726832,1
-53.03431911663386,20.47112753279654,0.31911239551432635,1
-90.45569471034986,15.459784349107949,0.7541726733592532,0
-57.49479124099688,31.993992895767242,0.06321449634042198,1
-65.8937553174569,14.693318420848001,0.9542476201854836,0
-96.6327453369649,25.620915402055495,0.6880703334744088,1
-98.81686335931086,5.739147688089905,0.8358632898056251,0
-63.4755322661052,28.52245032106586,0.6891668435765265,1
-63.18901091621007,32.92715795307705,0.22288795806035633,1
-71.82665132345153,28.88156003955403,0.6541031721724496,1
-70.34112798792293,34.970829591611356,0.7284213979771118,1
-52.045317009276005,38.816036968942235,0.17886806946121825,1
-40.92102798294138,24.76988950282206,0.4288106713211546,1
-76.18271828970997,10.07742121023362,0.25645270028701994,1
-88.85629342062711,33.866023059332406,0.699841351397707,0
-77.52703112467302,23.987709295356126,0.01998720302928758,1
-41.407419192816185,4.642486266548476,0.129061028044269,1
-91.73238784433168,1.545867916606638,0.9738681002991575,0
-47.525491608665696,4.200559019814207,0.25841379798223296,1
-76.51308018478959,20.879054699095928,0.8594018471836121,1
-90.06201513925927,5.014302047049783,0.6468489133884877,0
-47.23198866460742,18.948498514911925,0.5230032934328115,1
-60.45975604178067,27.028133989674362,0.18109666646610578,1
-72.61286832914371,17.42417306569514,0.48599553415273467,1
-77.59698740447952,16.4993758732465,0.9774775273436533,0
-97.08539573020855,17.270560138590938,0.8892401365916983,0
-43.5349524724764,7.214069480009666,0.9477741238540707,0
-53.679254073340715,4.6636024421059075,0.04992118491536035,1
-51.28743336475643,8.21425365373726,0.5595418639403994,1
-65.75616363278522,25.59244725693139,0.7218219741021136,1
-53.88115048494058,34.69979173873111,0.7314466472759033,1
-59.48975701713705,2.666968045808371,0.18725933284485252,0
-67.26154755914665,18.484710918634217,0.7162435142578889,1
-45.20288897788146,14.555468036722555,0.31583694285001607,1
-82.23472488072412,17.993638806866375,0.4693084024528609,0
-81.06779524582964,7.891777518271019,0.535710269847102,0
-62.817123927122566,18.49626369694394,0.621594984955744,1
-77.40767603220509,5.050608317830383,0.5113046872161346,0
-73.66729361487685,39.83225862688337,0.12083648750781106,1
-77.74384479270007,3.2173404077439693,0.8906714332317845,0
-64.47203050578,11.038079946321982,0.44305818355335547,0
-72.21719159484516,28.892631234120977,0.15413176102420967,1
-64.64129801683438,15.435682104218436,0.384887783721647,0
-63.17717099644485,6.04998079566053,0.6239826393021813,1
-85.86944453072513,15.523816058451004,0.8735407969551843,0
-45.40137360897289,16.647466088732934,0.2821697669666884,1
-59.72611520148445,2.127327630895368,0.5893513073376321,1
-47.53994461991121,1.486644830324213,0.7370056497375786,1
-61.337588309290794,16.211173154058166,0.7508232352388178,1
-78.44711883912726,13.014958552683549,0.9693553320608356,0
-59.89338575765359,16.665003844789062,0.1229464050443485,1
-83.1462168421507,10.44596280413372,0.7990156277944218,0
-95.79313407734897,32.33612349455954,0.4733562592708507,0
-49.32664063830828,17.68972134789742,0.7508680385597816,0
-96.19452404179972,29.854615247096245,0.14045821356566957,0
-82.11792714718558,21.384685623857077,0.45833739833273757,0
-51.579933856266805,33.64870233700952,0.13481676084202343,1
-90.51389266338221,39.900203971501575,0.8669156206051694,1
-56.42919229696594,22.154415269813093,0.13340037691800288,1
-81.61653164500308,0.4348383376929732,0.7944618964772059,0
-96.96427491865863,9.098814850960393,0.5976148887507993,0
-69.95552882785947,36.47364776648476,0.07422151399293042,1
-96.49513722672287,9.640411993384394,0.972216895201463,0
-78.36063077659682,7.071477365675487,0.3178835327599433,0
-51.9562864416758,4.976247852453901,0.4251197361734512,0
-78.48129085819232,9.436685287848228,0.3854797513383754,0
-90.26920390337293,38.364457097318706,0.5897889264335824,1
-77.99874632455433,11.136027261178851,0.59833018678779,1
-40.33908598317808,0.30387399171591944,0.8376545900801674,1
-70.26960660228289,32.12635896333637,0.9208818424170817,1
-82.75022267220004,6.899856448827042,0.8797454382334268,0
-56.116365293503485,29.7964637292668,0.4702122310737372,1
-42.4988312109749,27.69192519243338,0.6754188036350198,1
-51.09561422687475,2.2671830587999686,0.9713828459476117,0
-92.56937908339775,24.24809506807467,0.7116517303062689,0
-43.689312462336055,34.75666667356616,0.248420897475641,1
-87.68440897208787,37.04794175925241,0.7517237625257122,0
-87.36374883321429,39.2355899933778,0.45520611424931134,1
-62.816836637221584,39.617843888920035,0.8982657161281149,1
-68.59199280213512,14.631333717084267,0.43022839429554094,1
-83.69825516363979,39.843354962764536,0.9163205825041746,1
-89.14693418067458,10.570925281339761,0.5860233607068743,0
-57.132805839565755,30.7626783784464,0.9698514598807341,0
-99.75981025343326,5.249856898722305,0.06218382331934735,0
-87.89307335685668,20.189098232292984,0.9856036459704535,0
-86.68275762634306,31.593268124257055,0.17801166238440624,1
-46.6897739926094,0.36494028928236943,0.38847819510252324,1
-76.65818442766854,38.84743868055911,0.8529545002304376,0
-84.98973683169822,13.28945960510438,0.3211208419056236,0
-98.53507081911839,6.4982973917843445,0.4211294235355053,0
-41.5349726134692,16.21604032734094,0.4441049475750467,1
-62.04572681284077,35.92342318241331,0.4369609836435283,1
-54.67770752648155,0.011716872996512251,0.16460730908871413,1
-84.00365757704934,39.808609381755204,0.20865945594715896,1
-77.7074074956183,16.7972755219161,0.533258059505897,1
-91.40927497083713,0.5907987283643301,0.2782088162834512,0
-86.28126384027313,33.89897766912158,0.7570853437685175,0
-57.39994352664727,15.763506711213836,0.336164050657233,1
-83.52495984025344,17.710126594386292,0.03927187980098201,1
-63.00166411624295,23.261520592096744,0.5949378549249333,0
-89.8335639672971,33.88415775278283,0.037607848319943904,1
-63.618229587067894,16.095470406288058,0.1408013408511234,1
-62.459032584377496,16.506044059241542,0.4187465372799506,1
-62.981605037391724,16.148703869447356,0.1290294644576946,1
-78.35136631494908,0.8485844329389414,0.7933189253464711,0
-64.00651445936231,7.47790431350456,0.8514164910511419,1
-55.196507422492104,30.660818157024057,0.16833424027764032,1
-78.68774058423953,35.8646260742185,0.689896531324804,1
-56.142497515932334,3.55130753691971,0.827903230702043,0
-67.03038323199651,35.81609050376852,0.9584624087217061,1
-75.18381158242681,31.50877259330235,0.6475008974960218,1
-92.8685206257862,39.192607995532896,0.7745982059860728,1
-66.44757035527519,19.25887290802116,0.4672456147234486,1
-93.48480713070681,34.979667453801056,0.8789180338659811,0
-77.44674748574607,22.035473833615264,0.8472620320882129,0
-41.26142448097537,27.576060870803815,0.7964870912901121,1
-88.94277626590659,17.939614020778826,0.1439828290637707,0
-92.03637116444104,7.88034312294255,0.8057954190156766,0
-99.52301894193266,27.12319444581027,0.6489120698367539,0
-43.914570937253266,31.880662028965254,0.9914554459387839,1
-92.91964587276908,4.716905476026927,0.25836765477067947,0
-99.2518073235272,17.90324350842632,0.5911399140808798,0
-66.93519387524704,22.29818326695782,0.5135492967925812,1
-96.94257847675524,2.325943454209738,0.8643253921261398,0
-89.47920931276468,21.596217036115924,0.4256751822812108,1
-62.95006409088997,39.72917448898396,0.3264120828187147,1
-80.37326463873032,13.325406750471007,0.5861767682182634,0
-56.57929980551836,9.392418023466881,0.2020955861316931,1
-81.89239960236439,13.350773962313385,0.1958497513406936,0
-53.812469177360526,15.915580296603995,0.7724367105060778,1
-78.53226176443127,3.152833301380027,0.575723231527335,0
-80.56122719489102,12.546428294700696,0.1672047824468904,1
-45.452555735931014,32.8314330353377,0.8248954873736543,0
-59.04471266698701,29.76490057700182,0.6807068300415052,1
-74.75596773009941,15.62747715604286,0.6741789820041638,0
-67.96566203665762,23.017372810023193,0.20473336778205053,1
-97.30279165531898,27.90132143879643,0.5185732684087264,0
-68.50537720270518,1.1670702780276754,0.5784215444815948,0
-71.54987623104292,38.73913554509302,0.6174415001639944,1
-47.52627754975213,2.7507299096935345,0.4552629772531621,0
-56.91964857473324,17.881545617210357,0.15650893928414278,1
-52.33257817024694,4.551639471634608,0.6322946764705195,1
-69.56859284104426,10.141550027972773,0.912326981420138,1
-91.03755061791095,6.313302675959358,0.19261787774783956,0
-91.68073022599484,24.648723335280973,0.5525952291404475,0
-61.573647273781525,37.92976755474007,0.4234839491590233,1
-65.35350145332225,22.176371431580325,0.37598936308801456,1
-56.322737999651345,18.776764496787543,0.16935393500257545,0
-78.40403947211169,8.841256067365691,0.7183562979696102,1
-40.761242802571374,21.176685953051614,0.6236104994994899,1
-63.3537920058749,14.789667774744405,0.976854126411326,0
-46.81582679657754,3.0331626448457527,0.7328993700339828,1
-87.30384511277896,20.159942528147205,0.4813083057676427,1
-44.097131197045215,10.302589384232132,0.7439337377488255,1
-74.89641412545053,17.505380115258458,0.1822776432042954,1
-92.37362017407274,22.35214793983531,0.9407648767142679,0
-43.02563376078041,33.38855821599061,0.6484362883166248,1
-95.43690635084106,29.007964720235087,0.43597172982963484,0
-70.47080706547425,11.256165682486001,0.9865516651183877,0
-63.94903741557824,8.274376212759389,0.4767815062835057,1
-68.21526002905011,35.19401914002412,0.3560979784269971,1
-69.6710687651348,9.389845648783485,0.2612350032925552,0
-69.96202857076565,20.40203685217253,0.9227922928218427,1
-52.11952870692484,38.90162971557586,0.6016727538723299,1
-55.606322126108594,32.57758317667267,0.25171280700604703,1
-53.4157321928918,7.823790398352104,0.39443049613225334,1
-49.032290881350335,22.932081954206375,0.16225569882573498,1
-41.32498125556958,21.424001033258193,0.5001818889137611,1
-90.74538267429573,26.386213562399135,0.9549127974331584,0
-43.11113892910996,6.417355401797402,0.07680592175335421,1
-61.065290134249786,21.89305469221026,0.9868861580915389,1
-54.3834829188191,35.16779624944713,0.38133199023200504,1
-84.19945847586241,25.477087630141217,0.024879898751434593,1
-93.53865266224832,3.83169396073332,0.5514891240674054,0
-65.34130320549738,33.484035356019284,0.5625546283073075,1
-50.39425840630317,22.110741496758088,0.1560346055864944,1
-42.25928789495727,15.83795410354561,0.05981819310066494,1
-94.41344014848815,21.07419172045535,0.48178713232689296,0
-78.8026270337832,29.361073090365185,0.09163383987687967,1
-68.51425983509793,0.0417326828343878,0.03672474585645813,0
-56.06085306907892,11.286389238899952,0.2602574896257569,1
-74.62503141742752,16.235914131781275,0.19861018370967543,1
-90.95962157120559,20.621361258280086,0.46719986052019347,1
-71.84038394857592,3.858965197486852,0.7415905638072333,0
-66.75783138765703,33.82312915934951,0.6471042038961071,0
-78.1254251354159,18.77841823408094,0.22817274131098952,1
-50.91322488846565,37.943521835377574,0.7096615097555942,1
-95.24599065958242,3.070754780271341,0.5810359242663531,0
-42.67903430873134,0.4656980478501316,0.7413952607915885,0
-58.59848126616336,32.9371115021799,0.29948382602923507,1
-90.2277099667267,14.591601090334564,0.9733223407404558,0
-55.70086378285602,39.76161700836196,0.9149634862552096,1
-42.36242286227004,23.450382095322727,0.8243296308808341,1
-84.56172073269818,3.568408717310434,0.6564313276179761,0
-49.097154756335144,23.06504628334001,0.5777715141425227,1
-50.49079225956788,12.082131142886006,0.5195510529552005,0
-50.06441191628794,14.481265691974151,0.4835379607307613,0
-96.90545539706167,19.221743624386143,0.29720246535584816,0
-89.21369753230529,34.51357497536213,0.9053162651188084,0
-77.25249633450709,17.98868270687608,0.6073532371035023,1
-82.05249135000867,11.741992777633449,0.13841225893090991,1
-56.78703825984017,14.126795206585196,0.11988168443756175,1
-64.22563542712402,23.020078053185117,0.35701686159621393,1
-41.779828517230335,33.329375845557294,0.08065193018488581,1
-47.969663403597636,24.746298695382002,0.7998829813652811,1
-41.54675002988101,21.618083081160393,0.7295764231115975,0
-44.57935756058497,6.92241090057363,0.6090069792435706,1
-78.83593574437974,10.767787156410114,0.5259844104666891,0
-91.8624213180503,24.46077824874138,0.24350196522897283,0
-75.24129414726984,30.75348668420434,0.8343571358805708,0
-73.65414632185744,21.347360203984888,0.23105989682789685,1
-48.32575947889274,19.244091638194767,0.05640802896907382,0
-49.93463487093061,35.49081875731542,0.5773788571393565,1
-58.297696731404905,32.11205160463322,0.18763462615712156,1
-77.1560583269713,37.972533169986676,0.5973400573610538,1
-99.55261411457182,32.30627090297546,0.7140503238429065,0
-92.19501454402617,37.40107212091572,0.5419249430270072,0
-70.50920961682961,13.22132151711795,0.33584919728787943,1
-58.25298019149042,2.0949233695351133,0.28063338771029034,1
-91.21382952658122,17.41280515836766,0.7565666627051698,0
-58.57588272906991,24.075850623737722,0.36648036185433275,1
-60.882259238014875,13.801797768294243,0.1871014561452341,1
-86.87774643090191,19.737250620121895,0.8491435591348534,1
-57.014009454645695,4.72520649173485,0.5232490190797184,0
-64.46350297333574,34.722219968268234,0.8730546090143685,1
-68.52195061628271,18.186117392583895,0.321418226606483,1
-89.36586992504365,12.001574351212522,0.4890635085529972,0
-68.79692328274314,12.88915814523413,0.5165183155262627,0
-99.74165345993929,0.832533228422907,0.46160745742605724,0
-65.24440677001455,17.30060349380027,0.8252369281305992,0
-55.75237328849107,12.571404036063791,0.4724177873992892,1
-72.0735605941621,11.952616401355595,0.6727365990325034,0
-55.90902076090379,16.654770207608184,0.9634531873929069,0
-42.13760830651127,20.44828050622627,0.21869088608878495,1
-55.64588217504048,34.127619559925456,0.21259609112125633,1
-78.19815496859442,34.859129661582784,0.4026241591881432,0
-47.94510852304142,11.696241784975289,0.5195329049491272,0
-68.37411464965226,19.75565376039517,0.3337361998845557,0
-57.85734040168169,34.50329426184733,0.19212083415711223,1
-56.28438144772607,28.651953158784522,0.3051073775873744,1
-86.83262597382722,13.742066172705396,0.39993955146337756,0
-93.65754225879388,12.021550003494443,0.8361930015960196,0
-87.73151469916203,12.566048144322654,0.8409194016473284,0
-58.840740605528964,24.198959946819475,0.04911993468901066,1
-47.93566277343933,2.1222575727787163,0.7435638071719333,1
-97.67664392626023,7.398702279236042,0.9985629794602784,0
-60.6371436963293,37.14515419140857,0.8565792535765101,1
-43.187814907706,4.222591450960724,0.2834095533643822,0
-67.1807327453069,10.018271455489248,0.6186566549690325,1
-51.72723962092318,23.339561931295222,0.23608917614066405,1
-83.74099111505615,32.36822017414984,0.18510030759925622,1
-91.54075957620037,20.838830476614834,0.21415233313154003,1
-40.562513597890295,8.874859736817825,0.046805999222341965,1
-88.26102181075633,23.010425485018864,0.4195240949270307,0
-97.38858507597624,25.472769731360756,0.8104199861507775,0
-67.4159983053851,6.362488069923096,0.3747876685721756,0
-42.09193610319947,29.98244938476216,0.46877250512645763,1
-40.239054693848374,18.006415174753904,0.7118070141459715,1
-64.14548434398161,31.573212129972305,0.6474322435558466,1
-43.2385327865143,28.5710515784001,0.5773768915135781,1
-80.89682517743124,2.4924800073469378,0.38494145063253227,0
-88.0625973044083,26.811060138846056,0.373472554388231,1
-82.25451962053666,2.807849470234629,0.5852820729845034,0
-61.829684014877735,34.896828033167566,0.05858408079149924,1
-83.96697020909016,17.336220037475513,0.4353913708167422,1
-92.76067975337881,39.07232484721044,0.3838047254019724,1
-56.38595784074909,10.678672783150237,0.6142789816389379,1
-61.78057711033902,7.126853038713694,0.5985466431071206,0
-61.46950236113218,7.0031623478447536,0.40186203165064605,0
-96.24689282336233,22.57404146932867,0.9746850140334251,0
-83.42755819260603,32.032488894330456,0.5461322373259654,1
-87.92120889767236,25.337309675756806,0.1800497459541156,0
-90.09528387473127,32.11622909652975,0.2021467663882779,0
-89.02066398838788,22.441340264161376,0.9709983166971176,0
-95.6445144205801,21.380520180964425,0.5588784814941925,0
-74.50109786672314,10.49659800428616,0.8469188725140584,0
-58.345767873312106,32.509630388879884,0.0630008752247877,1
-82.1126624869784,19.359513565748813,0.7123238678121002,1
-82.8132263870767,35.155834237329316,0.5844863908607759,1
-77.25821400031384,1.4215096283485984,0.3078433255862424,0
-44.55252106094707,3.5719187219316018,0.031567812855585964,1
-83.2773891666196,9.284878837477901,0.3704617036001666,0
-40.26842925628348,31.167479115912627,0.8599283744193322,1
-99.22922508664635,1.227356992046964,0.7358595100766768,0
-46.23267505458218,23.222161994958775,0.9684376440138645,0
-42.82465189086606,37.22134615797499,0.5697913840959905,1
-66.32695788716856,15.771909187367692,0.9474404180010243,0
-46.412181635798056,19.852545793834725,0.08844769696294896,1
-49.59493764111205,27.353097646114144,0.5168733236005837,1
-50.87789033781914,23.479201788438072,0.5306156146588372,1
-40.161355447201956,13.787812802106863,0.9292313855879042,1
-81.38057962599432,28.938222089753467,0.5473710716715965,0
-91.69775842638379,29.49416024260142,0.2344411211608899,1
-91.39946667380191,9.45324976386322,0.6388552485882749,0
-52.075010334294355,10.56928883459689,0.7292339097714882,1
-51.96537294908077,27.027580344968108,0.6592193693919736,1
-85.8633859241311,16.207610065846715,0.9236420724160217,0
-60.99216404211741,33.164863413546854,0.31341182781277876,1
-97.70647328303555,1.38552259925254,0.017077849970872694,0
-42.71360022713775,14.923891678063622,0.05542460297761875,1
-40.07539779599411,38.581951837226505,0.701378668635012,1
-64.01469707703785,5.093173686947581,0.8415249114333775,0
-99.35477694399847,33.29682374700869,0.7712294548965016,0
-84.1255433307243,18.016455186852703,0.7396846155081422,0
-81.98497698772822,12.573858369791822,0.9515043858087042,0
-43.064833307889906,39.77351038144001,0.5426883975688331,1
-98.00310580722095,1.6815100050546095,0.025365652307876463,0
-97.7889075633968,22.957447595235095,0.27646576498560693,0
-98.43685285734958,30.299715666231318,0.033764524234915605,0
-61.15065744258485,30.07405799783168,0.44621812521031123,0
-55.343576961065025,34.876503755187414,0.35095280504097626,1
-63.34994082464197,14.783288037447658,0.8199707489154315,0
-65.70905191928343,6.4576842329114825,0.8411071862718639,0
-98.12298922590132,4.6491496638805785,0.3152356784160091,0
-75.16075742467757,10.912819366022344,0.6035248667196244,0
-79.34453277132087,36.00695077755169,0.10153224775262615,1
-76.50958949893412,23.08414006355481,0.9530570633346673,0
-76.58343149365942,11.498757131997017,0.42278421119085774,1
-72.1560382058855,11.366774935480093,0.27173185589492854,0
-95.28788317342304,28.073900910436276,0.37732884427209523,0
-44.352372489758395,17.257850757884263,0.9239221814222736,1
-98.32080644746598,38.28036505843154,0.9841515613750568,0
-54.2649191017893,1.686673036223918,0.1372248398616569,1
-89.70959571698117,18.901505951368595,0.09775238055967628,0
-97.9257002009061,23.90244249482013,0.14272740772232573,0
-40.457009434363655,12.464822994203889,0.29439531418548526,1
-67.62835388429929,37.630263663097146,0.23094116960118682,1
-90.0350968610745,3.4594496900493477,0.21445915851831288,0
-52.995190849961446,2.922390853466408,0.1279472657559203,1
-85.51065636269236,12.457216885054315,0.5205885477318221,0
-78.32960137493859,21.36161213101405,0.2561117040787023,1
-57.44355933146511,10.257588343942373,0.8938068334804058,1
-91.74661915040733,31.898153202743607,0.5857551504439489,0
-60.89807446533325,18.90072336716998,0.9904489735185049,0
-42.13277735241355,28.660534598195845,0.2732365552776044,1
-54.81344820793464,36.89771828952737,0.9063612020823141,1
-57.88222669758701,14.82517845098878,0.9626961439951431,0
-58.1022163247077,24.700898202676246,0.39519227087133424,1
-57.48745184852638,0.661896540734408,0.8556716912189802,0
-70.66215554200103,13.672296125743099,0.9988351489019889,0
-87.62362579567926,17.866656485804047,0.003456364317587113,0
-40.175859335425386,32.09937445336735,0.10068406703270782,1
-73.03830987137268,19.01987988489827,0.5084212807744103,1
-95.9483611349168,24.866627808881702,0.12217414137993221,1
-85.21886549300639,32.15145162473781,0.6122285839359047,0
-67.87391261019981,17.89693457796325,0.3531510793737036,0
-66.66649194720317,5.987212186657942,0.8738143743750015,1
-52.598213850165045,33.13572096283659,0.744322996676584,1
-59.71578854961809,37.52054372397396,0.6139338212345506,1
-82.42583572525797,9.442121768273006,0.653309615981077,0
-44.74177165075299,27.697266711896805,0.8552085904008625,1
-64.32594346654814,4.966345397687686,0.5032561254448243,1
-73.28459766783756,21.04831857996065,0.9870851907983986,0
-82.92621584367289,12.994551014212426,0.7854371726960919,0
-80.86608886957077,13.940300746018739,0.8089716892230252,0
-83.62984139941256,6.723386039398864,0.02679175800789646,1
-92.09127577486987,11.005894416235314,0.8420954155563498,0
-86.96102128093645,12.780843775264433,0.7611124593163321,0
-97.17250500426566,31.582029618159652,0.6135212326845036,0
-90.05482318945884,19.322747107486773,0.9632524248613635,0
-63.93698112787353,11.092794144436361,0.840243758632671,1
-55.591227478239766,8.53036486707612,0.5098508217090818,1
-76.43647516525422,8.393805729255948,0.027055884929301,0
-64.03732193667116,31.32080555072868,0.16095303937315963,1
-78.00513619005697,23.903066308131425,0.7852583237851092,1
-89.56764759607051,34.3564949682876,0.5144771361011781,0
-81.32324687531535,5.84075964010661,0.5866043087451789,0
-82.4126211924926,32.79410799884904,0.9853289725162604,0
-98.83785603814647,4.963920465686682,0.6937232506127339,0
-55.174524223853616,23.05139890689764,0.34837890209589173,1
-98.31684662510791,11.246569685045014,0.6059174731028962,0
-78.96876130616093,28.63559938080334,0.578380848035311,1
-98.16969539856164,9.668603541996514,0.05513608420371974,0
-98.90292753578301,5.485556430507588,0.3849227620920287,1
-63.911947889531234,14.24762548756263,0.761947122269947,1
-47.620767075897575,25.657509118183214,0.0033655199790918466,1
-69.84927703989123,14.290544462663322,0.2860946163306005,0
-42.140554786908226,3.900748416801001,0.7233494012174879,1
-84.75833643080865,14.83664072553037,0.7448062100984089,0
-54.87358403569837,15.874550993144464,0.25767069792910924,1
-96.43348160294143,6.677612754735902,0.6099173944285132,0
-91.64138034150817,27.9918547509512,0.6828300348768978,0
-70.6342060444952,29.586379098439824,0.5129934938611873,1
-94.81094822527693,31.498831024514654,0.5185495202296008,1
-75.98388687108445,0.3811562771825461,0.6214673710020625,0
-86.29982610208444,5.481741565281624,0.6960761666697188,0
-97.88035331752315,4.096290770864872,0.26046871342029976,0
-93.61060614527878,28.105723047472,0.5034963604828119,1
-40.08342909928505,19.590307242349276,0.6045457785891913,1
-86.53047694768622,6.036305091068579,0.1818352712759882,0
-67.44735573714843,5.5433010388528325,0.34144979737279557,1
-64.0913685065358,39.739384691609935,0.8116479498464068,1
-66.19127190663639,27.014541665343316,0.9241985095239318,0
-68.483010185639,37.97450162653868,0.04007203288746419,1
-82.39748963248022,13.005446147466987,0.6942086784470569,0
-69.66983083857599,29.691898276683535,0.9865965758407345,0
-95.75197169358047,12.325998061567551,0.14728653009300663,0
-92.41529538148967,8.274267781135553,0.27510413055258776,0
-94.28805478234815,12.838695668906244,0.8954722941370855,0
-58.39346691412743,4.545160845151224,0.8853492530405871,0
-53.03588636498283,23.422344912228855,0.018978577205020386,1
-77.75572721889571,0.1193186258294654,0.6725444186998258,0
-77.72556820351392,18.702738218118263,0.5654691657526492,0
-67.93729340418336,34.19576395322851,0.604931970066109,1
-47.35437524701668,35.43862415950886,0.5831899782899299,1
-95.27540260702497,37.347814054085255,0.4011626152558849,1
-93.98275609028498,16.694962735249756,0.478806597721534,0
-61.32367960993999,28.657284120584166,0.9793979830460666,0
-89.5277721023927,33.30128607158296,0.047188801667219504,1
-51.74971993582158,25.055005343582216,0.9733343645048083,0
-85.19665695188486,26.29934692366444,0.3435012244143485,0
-82.79354735438231,19.035716555550607,0.6250189378046809,1
-54.6984173499653,23.807573745349995,0.30209914139581917,1
-53.663955807552504,39.11776485326697,0.957706903638399,1
-48.499439674448254,33.30737757090834,0.7750377709905218,1
-75.98760233950821,35.52361822476577,0.259201217214192,1
-59.0154039305332,12.532238420478144,0.46884194108959687,1
-70.87546347939673,33.05002250314771,0.2976024644551001,0
-87.32837679825651,34.28860095282702,0.9869225944684309,1
-95.08480694888034,37.76461402133513,0.8857118646973142,1
-59.256906622720415,25.743072840153687,0.8476990645473023,1
-76.80540428336107,33.07159637290057,0.9736719105694233,0
-66.98141345156353,29.080681769790843,0.9168643497581944,0
-73.40932076528273,1.5112971327796476,0.20691153492871373,0
-62.26311897023337,6.615632724349818,0.8923077472208589,1
-65.9531131870406,35.02398060159323,0.3054162255256706,1
-89.10861351341838,10.559837437004663,0.06434794005154876,1
-92.45281867876128,0.6419449864166982,0.7124423612050047,0
-51.98298300127489,30.367482933455058,0.2452834211517514,1
-97.91720319478013,13.354441564882563,0.7223344383640721,0
-60.39073487301591,16.646739019680187,0.14107855782160106,1
-57.227696681979445,30.94295576942999,0.04051767077223056,1
-72.26632419137991,4.712736935920843,0.8157161947828842,0
-63.80772039694903,12.302459768447672,0.6747241453989223,0
-98.84699172660328,12.257515185813403,0.2030667810191722,0
-68.71718761352622,29.365446243527167,0.7416968525888876,1
-40.83821541540259,39.95734500817184,0.24353486004671088,1
-58.26293830275139,32.68644475619883,0.5506126279519115,1
-57.853025608792926,38.81055550256818,0.014718684124290782,1
-40.13852164241974,18.3870916235013,0.09712009665814347,1
-48.07408866267399,29.67627315068569,0.08296434694625177,1
-60.64707688822596,24.451417671086904,0.020555380034291693,1
-93.6434585805423,20.80394848561791,0.5188554728619793,0
-52.236373142447746,2.0713007130397987,0.42173945105810884,1
-44.15893068732277,29.263962417874545,0.44898734568408905,1
-96.17096463374948,15.958725050573745,0.143940399884933,0
-89.73979100583098,0.6232024222519961,0.33506569905544814,0
-56.427488594562604,1.6252804605263282,0.3882119692135183,0
-62.932665489665006,3.9570246670851095,0.48969092739207165,0
-89.62079151703104,18.864007723237705,0.7887314549252353,1
-80.71595919145139,19.260292492109436,0.3738794625818418,1
-81.13295849534792,6.408310445828014,0.19608760616769538,0
-86.86269865232896,16.555933600745067,0.6192580467270252,0
-70.74457133031441,7.89079558469584,0.6636267536159209,0
-52.23107448113034,39.057300736933506,0.9789520356113572,1
-76.35722820999068,31.382182989524594,0.02313806442156996,1
-74.75513231071038,9.48667622823773,0.6232086636497501,0
-88.5942536950975,34.40405320977385,0.826313651325286,0
-95.61752351429446,23.419579251411005,0.6719057053048885,0
-53.36923103012328,10.521699572544861,0.8342454800502717,1
-49.83842778533639,13.964814713828165,0.648166386278351,1
-76.12296602378352,14.505729100631829,0.8226066226521026,0
-85.30074434206873,8.44979703469046,0.692985699741668,0
-96.4690877600541,2.9726899196260925,0.7598421853017254,0
-48.15179024843651,24.23589631765023,0.8983068915970536,1
-66.04510529205069,23.65454096624109,0.9206623065800149,1
-53.632229891489885,35.15603617923603,0.9319734459779353,0
-78.29124336679658,33.880582769967155,0.7436682519047838,1
-67.99671994990315,16.92366369506249,0.23898234485626713,1
-87.39477257058799,33.88257075763063,0.8605973745657259,0
-70.34441339128824,28.13758103488813,0.8539805943750876,1
-74.46087756414406,30.87426111614957,0.6753025547567091,1
-93.25929285650521,28.342219438756146,0.1042967256831473,0
-71.00425107469498,13.428972624991179,0.23794785989624812,1
-84.23622421510998,24.997952965637072,0.40769631609755197,0
-50.25688650263091,20.29951583343207,0.2528562106215416,1
-61.79978320502163,13.795096696987233,0.7375606918001083,0
-78.74249501872471,9.56794739410276,0.7493185227558659,0
-89.24390151053565,28.229595964893527,0.2632502364635927,0
-60.27702372210625,16.367057282737644,0.6198883221983594,0
-76.33110892367473,17.305172762736056,0.7671764698741728,0
-47.311154520667756,32.80328685933014,0.5346017854784305,1
-79.24896833435258,38.83143764974215,0.265655903105672,1
-88.41137005869457,21.296705164643868,0.6727521626724711,0
-75.69839640994132,21.594932785899978,0.11253022415206149,0
-74.30996851559289,1.7307261419004316,0.8821874771384401,0
-81.72235671345068,22.554917546992783,0.3478893420751985,1
-53.47453283963954,7.42034891970766,0.09530462731376865,1
-85.35623327240857,10.032754248562723,0.2588485882137821,1
-96.80248929265983,4.269995285431807,0.4605562195093519,0
-53.025683549696566,23.834279498208733,0.8307966756815546,1
-51.49303531042956,4.3466740953303695,0.8411587706179872,0
-89.18131324028937,37.869931595614304,0.09301987199047157,1
-60.61307691602909,13.195188854550096,0.009449971067530427,1
-60.45417969853756,15.848578405937719,0.5620258937751208,1
-84.71365455414781,6.125666383846435,0.46804686260518447,0
-88.41751054786576,21.849619485607445,0.07114294468219262,0
-86.01764676408501,22.481407939125017,0.6276628297836157,0
-40.64588505893547,12.576259796964946,0.011502057969383528,1
-62.920832744707795,22.412093423591372,0.6210137669630632,1
-76.08960259154725,30.366730451919544,0.32836866264994446,1
-77.70985757039665,24.963116714371047,0.26081810636947855,1
-63.036763427287504,2.3656666887511646,0.08329203718604761,1
-85.6996882382764,38.80308306913782,0.015020672974724092,1
-88.89183262367104,7.5419741078220826,0.819121376280361,0
-90.63949913034942,9.87273686318979,0.13097280072630613,1
-52.464784178955014,24.12820173531315,0.49452664415234604,1
-88.73125785969646,33.879646867749265,0.7277282956412113,0
-88.94139987460855,2.646961469218989,0.6413300973860265,0
-77.89935014761936,20.99597177513357,0.51885543571899,0
-43.192788309120814,37.48044560055976,0.016591649660711694,1
-93.81983895219048,21.58172096421366,0.5488135270661735,0
-52.28059224833492,31.581781848396005,0.700827733012569,1
-77.28274435392888,18.623095219914056,0.38266808238697225,1
-58.33379684147386,29.894668346725148,0.2633299686813838,1
-74.82048443142993,8.543278071721062,0.5895963435200463,0
-48.6812999275359,34.19294000984354,0.4360760583667551,1
-84.89736149503406,15.531069549034427,0.2356441433929951,0
-96.86186498910405,2.422921376436955,0.5576215632877793,0
-58.425975693043725,7.012526119125551,0.6831263063331049,0
-64.27643323340354,37.63642115024203,0.8655428228736104,0
-77.11660255791523,22.530579241261776,0.8100545369214317,0
-92.65629187142925,14.18565281842957,0.7506428213678547,0
-44.15732912766119,27.13514454357504,0.23276684770600709,1
-48.88401053231208,22.18314573198286,0.40250365946453714,1
-58.84005637769119,2.2974806036188333,0.5697955380470705,0
-92.61036484762663,21.626546562687388,0.7749368680550862,0
-77.02366087517328,0.9222333043793451,0.5129631704435648,1
-43.35126120037204,5.210466362161914,0.9930800954399323,0
-68.11004009005728,31.389902257621834,0.8939146350533435,1
-73.73263201969172,24.18076927608745,0.6762561319418308,0
-59.14200399249046,9.208343521814829,0.7628307244988505,0
-52.791022497579256,6.205953596037763,0.3633668658187691,1
-83.11696647868021,39.48574888475839,0.6387259465346254,0
-99.5970529501969,11.416502519544993,0.034285604764334954,0
-85.01243148369917,38.87358182137633,0.08987219892655596,1
-62.59840450219585,18.199664003770557,0.5629486687141019,1
-65.25840350805689,31.722925109766017,0.1889426062076771,1
-91.73380608364573,38.47291282089782,0.8529240104722996,0
-82.02118621887585,8.915230146248362,0.6079791886317779,1
-61.24063238781933,10.22103635991436,0.6286252790820226,1
-67.99675415013806,5.4646369751892365,0.029911069203776064,1
-58.63978836472643,15.284519284195227,0.9372474997252896,1
-95.5222221298413,34.45986873295795,0.16681149944061702,1
-99.7634600480391,23.617723784985625,0.7481343658630872,0
-97.58910564229178,36.7976292053235,0.08510993721754367,1
-52.71562434471364,26.13469591169039,0.4885610943215264,1
-49.0560610817556,29.412481275217253,0.7710899250610036,1
-64.27001764539293,6.655988038309371,0.7053624146144677,0
-57.89031437121685,9.68648859365163,0.688052200847103,0
-81.37991956455554,10.75829419573398,0.786145239402536,0
-96.01610325740353,34.128767179116764,0.680136102043478,0
-48.06900362053193,8.600265185263583,0.7382834708630622,0
-69.98041311045164,12.744305051190983,0.045846670629943964,0
-76.14530837050356,37.72666236999348,0.2709368975834655,1
-73.44063909038451,27.833022263106763,0.9255907815709237,0
-56.587906966207086,16.051864193882167,0.7031234015879366,1
-62.62894303416711,14.771962662751243,0.4649428106973341,1
-78.19193081619882,8.810568335389789,0.9721652889073316,0
-70.00710011622452,14.738692995652137,0.0033332949866607953,1
-45.253072222261494,6.308509620126319,0.33860436511600456,1
-97.7599148293505,33.458104810509965,0.587777984837241,0
-41.201287606590505,23.269752555673243,0.740328761724564,1
-77.2817636387624,5.297071570016949,0.6558402218906421,0
-56.18717589130757,6.2376840389246535,0.40033384731521915,1
-43.20670671890472,1.155873417079838,0.922828990060086,0
-62.77853742051736,21.94610143770928,0.9705230061166062,1
-52.25268608998179,23.247052215722622,0.41954582977608335,1
-90.04803821659942,19.987370991715977,0.4237092421648122,0
-99.96591224446334,22.797112590834566,0.7272714398984355,0
-79.37104186453774,34.54795726560863,0.6861240885211659,1
-47.71545479552716,6.178783867923157,0.06358337474579123,1
-51.30419532420022,20.268563897628596,0.7106912582575874,0
-60.470993990954746,15.099643162816637,0.2123175081409685,1
-42.8260362958153,15.412550153905261,0.12680288860161282,1
-80.7064534367931,11.721613038740145,0.06395167003261126,1
-63.346613356375,16.032820132709844,0.13842048244417327,1
-43.62849760121933,30.55555341475155,0.5727189474495489,1
-79.93222646768687,32.067138436813075,0.028219830166045567,1
-45.56518768112654,0.9253090482518811,0.5333367501830152,0
-51.120024035153286,1.5856586096547876,0.18306177233626075,1
-83.58704118841015,1.0935359187823046,0.48234613182708475,0
-88.57482972001903,28.468700647415833,0.2642289460658632,0
-44.12983462157505,14.191743281673777,0.8119011782829817,0
-90.70813531426984,26.61135059856399,0.2878049635911073,0
-70.66610191175977,26.86798317111979,0.4787720409162798,0
-43.99669858930417,4.680835557780241,0.3249642181426883,1
-77.76270278737391,16.735622034046106,0.023628401280146427,1
-52.38533503650362,33.20112771903115,0.9185271515228319,1
-40.224096223652,30.063350868984312,0.46410539810412244,1
-94.06452969371065,34.24087239412282,0.9662921121115962,0
-76.21840996225478,12.793926301311496,0.3884993884374459,1
-61.6449795786298,38.82881086340759,0.2655126695248309,1
-41.75739032822722,21.854147825780935,0.9642207996679507,1
-74.16986139342578,19.844754380343865,0.02177212062858358,1
-51.12169341292704,18.988654315624697,0.19385153216680417,1
-84.1241436792305,37.355433950810564,0.8094852728330464,1
-73.90279220257594,16.687707440871836,0.9490692385639924,0
-98.19672527432927,16.66215686235606,0.3571560769242894,0
-86.15925248032853,36.2147275718129,0.32767487130138995,0
-73.02806553258876,20.821538905584713,0.9745375134969028,0
-92.99249033360095,5.490575913658384,0.7874829121674031,0
-77.61636474651681,24.26358857983167,0.37125493950710375,0
-84.19064242343437,36.63607997841915,0.16425306839341725,0
-44.33989585274671,9.224229020988126,0.14930055411811105,1
-95.55576683567762,4.644494910963428,0.15486939981657277,0
-77.61817665434256,9.219916319658129,0.12203096352946907,0
-48.747849598300476,27.406808722180443,0.6226574072010451,1
-63.609650057617074,35.87277235426285,0.8041270981583726,1
-74.32517677060301,32.823631796688105,0.724460301454222,1
-40.14112196897798,27.237709580970414,0.21292527784577442,1
-88.19381059004712,39.91540907557325,0.015458219340287349,1
-93.7509103718277,31.11723988367202,0.6508149066735311,1
-51.22567913825434,30.349244026084257,0.7072824967090494,1
-50.40712831062719,26.735796465975092,0.40959444497828257,1
-68.1792989433489,35.547254766238176,0.2898309398491268,1
-57.71245944322351,23.1966282703647,0.3442425595755676,1
-56.45706230371439,6.199590171942155,0.7018593375997247,0
-79.27699640983047,27.751302462776057,0.5431055300277255,0
-80.31573144634353,26.262904257632798,0.8032579391911321,0
-94.6679701491856,22.391154100596946,0.5856531052206698,0
-77.67977459682047,5.547159143556035,0.12299683641422088,0
-86.70649003684419,32.64664669849974,0.08131862419864211,1
-40.070283342711704,33.194545862832385,0.4562415772135501,1
-79.45825400199675,24.21956914072375,0.2273641077124312,1
-45.15780599021329,11.184784695040646,0.32957917713843354,1
-88.09363980206426,13.996841172064268,0.8440835525392332,0
-65.69631685743548,32.70426547318606,0.48356328891514255,1
-85.61885794953271,1.6961331466518725,0.4092703594222131,0
-97.1885786399707,39.32460376975749,0.3125019162365099,1
-82.00201405018993,35.73900556503003,0.8921274142377037,1
-79.24773860586788,6.239170691730966,0.7704889235258062,0
-92.04722114351424,1.2414357002236187,0.3674044417223469,0
-97.16952660909313,23.676113241583163,0.4499890723056691,0
-77.51181275095317,24.607980404487208,0.9342070013332501,0
-83.76207086374838,9.588963249046586,0.5494360354665765,0
-93.08883680114435,27.151697328148472,0.3718946745802041,0
-61.69919129429258,24.40942962301544,0.842098787517755,1
-44.76004850358593,25.731187260214572,0.8703044163300477,0
-70.39170950161693,18.674506689831297,0.14699895023466092,1
-42.7285083169517,6.950752667783426,0.9573257893596331,0
-76.00292613595055,25.880662393266878,0.6284598792051422,1
-73.59467802835789,37.805028379330786,0.36878610177897486,0
-74.00856666184566,34.84365712549632,0.3618745196089084,1
-66.77085150075645,11.032527204001475,0.9976999366087056,0
-58.08198587879923,5.774861124134225,0.036218735999029805,1
-40.17792052974562,12.02302532795889,0.3379371040636082,1
-41.15455192549887,14.085622036717837,0.27325489822165805,1
-94.10292579146517,28.348499722697053,0.9271331650340268,0
-44.28831184886567,10.418841150092248,0.11826096531068908,1
-86.48513174922958,32.06088308470547,0.0958552215129056,1
-90.45293517457164,35.06417025966903,0.7805837451792138,1
-87.39585117643573,15.99702567364751,0.5927749496297018,0
-40.76882007749837,21.27307790723915,0.46529383070357666,1
-42.044332488763786,6.207480186593699,0.6165606789539513,0
-74.09913512937852,33.222092042378,0.056690708184859995,1
-79.40245225726554,13.415098039983778,0.29413115483039287,0
-46.5991195504047,27.35708359338251,0.2861873398592646,1
-96.0709961203367,34.63869725018818,0.26382548777098147,0
-89.33113215726743,22.446706928406613,0.720978374504497,1
-84.94882650069268,11.249204162313497,0.36210221409181775,0
-55.92273448389031,17.966433228658573,0.5353061191396459,1
-84.07365623650456,21.40795849853788,0.9679170735629371,0
-79.46509444158978,0.9082991740188362,0.22756824954942156,0
-83.4921546804196,17.49719975127457,0.18249498569825084,1
-51.640565056867715,1.2238277247475793,0.09625177882250291,1
-99.9021491422081,37.35318723453132,0.8084930644308945,0
-78.44329924022561,21.51149791625899,0.4565492361302812,1
-69.64146976533205,24.665792884049086,0.6448076189808646,1
-82.00450565032627,29.02256832843762,0.20688452128907386,1
-87.43436311243427,26.931216111542938,0.7305996275998285,0
-62.09541782710483,0.3760964481217144,0.04230696433036729,0
-90.78532798313461,32.76352660531226,0.6744316170367288,0
-72.27368048807904,1.3309351139395975,0.8898375586294665,1
-56.93438583978139,38.221695844564614,0.3719880445235677,1
-73.08227149229877,32.16722914119955,0.6763882897584053,0
-78.62095098058364,1.5046920291685817,0.34025877297022167,0
-81.8782340749433,7.905245181342906,0.7017016605616205,0
-70.82316323976508,39.99929953768956,0.8435119326483705,1
-60.755807856499835,39.81749239471609,0.7585981608193217,1
-97.68748004059385,33.994798737911616,0.5408336271982347,0
-66.52679929001536,19.29235726202633,0.07814855372403595,1
-91.36614984692496,34.54998658984783,0.43998027066252177,1
-73.09827035051428,18.396081760003398,0.7852489514873014,0
-88.5972870424242,1.6574554176818435,0.15544640655386122,0
-93.69530446307382,3.9154172881602367,0.5746627180636807,0
-92.97704374914258,7.211366028082238,0.9521016684619885,0
-74.72358636690856,6.335186331271041,0.48140544795683926,0
-54.33161788057882,25.502248261865716,0.3212371192058079,1
-84.78012960629029,37.11066238378237,0.7583949059242998,0
-59.9577651992716,0.3277762719214783,0.626187344239829,0
-67.60487136394539,37.536688068452094,0.5820536554968753,1
-69.98742104119887,5.731264421374753,0.35382067249397875,1
-89.0910728245737,29.21202263331285,0.1531131649513866,1
-64.67277810637054,10.524396463260235,0.31788501440436856,0
-62.17999677528214,31.49477651455545,0.08439557861783564,1
-55.223571189981456,32.45551190479115,0.7182839672076078,1
-95.77062967858485,1.7862794415009065,0.0956969839595182,0
-81.2004753343312,1.2334702924963015,0.30230088618018036,0
-77.30141065759508,3.6945093479642654,0.4482195978669731,0
-55.65552225901526,28.699476945152462,0.07125292828341445,1
-73.23809684620653,24.74045462427388,0.3394161605947652,1
-62.777419039190946,26.71916131955893,0.8904774990378737,0
-46.2523301892231,15.713849909685976,0.6814912337633628,1
-87.73416501571675,17.68204894568342,0.7305490543398679,0
-90.43041569434862,35.01905615942796,0.32025394927075446,1
-68.94030872273626,18.057380484335912,0.760887600200155,0
-83.87709107916021,35.66904591466701,0.3233137134790879,1
-71.89973543249118,13.202945493702224,0.09106985911142929,1
-95.41829179164344,34.1338189973837,0.5315132342576749,0
-96.47193653059014,6.080079728397556,0.07758680621876513,0
-98.57846348102133,26.983181689632048,0.5175135498242761,0
-59.65379183459929,23.902139597400822,0.2863159051703632,1
-96.18018464086818,19.04925365715207,0.060756693209592316,0
-50.47602932822073,0.4034216391897427,0.48246582595265863,1
-99.14721822552148,12.195664030116022,0.509191059266808,0
-68.83743296851736,14.255842589799474,0.2321248509775662,0
-76.40188697804153,7.535245132504911,0.7699064586331147,0
-55.66941724401748,20.111787815327418,0.7772239702627843,1
-93.95430873271762,16.222391383489395,0.22397784475762927,0
-59.89468502011897,38.160842627141534,0.710678397241557,1
-44.34624693960954,33.017643273427666,0.7629112146930627,1
-81.37590045819587,7.641173837900754,0.7567775062920773,0
-52.78353185127257,9.56973231853311,0.9514241638526009,0
-73.83181464105368,31.605774244479,0.3653683234250116,1
-42.45559971520085,35.20622679038019,0.5184470452877973,1
-78.75046444643075,21.399313758032715,0.7204534024537989,0
-78.04425014395088,20.741667263852058,0.10663498928446524,0
-92.79336219391693,30.87695810451425,0.931155634233236,0
-92.17194671365431,29.577627821877236,0.9296826554051019,0
-51.366363392909236,8.298451861124239,0.886236363202509,1
-99.68062107757478,20.001145822627056,0.6647243226447523,0
-68.01756371281866,7.48919512509723,0.593860039872571,0
-99.36487923833313,27.836697024397935,0.9351892046738829,0
-47.40056530990233,0.8689269812381228,0.84938442578762,0
-60.677592997202325,37.41351729062985,0.8305161635403792,1
-93.07084758262306,2.337893495761132,0.7600678473838854,0
-78.26884560718455,19.002993729896804,0.6567384904315529,0
-60.91990007559721,1.064877341964654,0.8814768483142524,0
-88.72848710843914,10.90649180737353,0.46256936836858253,0
-57.773811534037016,15.73127902096565,0.4123822039013565,1
-59.33748313273183,34.63615885067377,0.5446073935133962,1
-59.58917711648538,36.547477685745086,0.808007756343819,1
-75.02425445780847,13.362620609645322,0.7260412546565949,0
-76.89463023397879,8.38107056079005,0.7856278134607477,0
-48.88391378249027,35.63023827615562,0.968816480674866,1
-52.09406855199193,8.848136241162434,0.8230520686897467,0
-94.91084366129007,38.950999416193525,0.10970686917201422,1
-59.158973460075686,14.150594649005498,0.745520107087374,1
-72.96758293675,33.585348025480044,0.9656275070107374,0
-42.398604522995555,20.836005826413178,0.7811215868043934,0
-42.28614012702913,14.166894611263645,0.8309798656928384,1
-86.86860347232206,38.096722104694166,0.712031914053573,1
-55.43844599649486,38.417900480172726,0.7082550995310121,1
-63.60601988827421,8.600725515776805,0.5954682831554992,0
-54.908826383236395,29.418372781682667,0.765173070258924,1
-50.26726648742291,14.599351508304746,0.5770926294409604,1
-46.46162630608842,31.420532719970467,0.1173632171215262,1
-94.29052159571415,37.636513936769944,0.19081194085692754,1
-49.43372334343427,32.44193060187753,0.5811978267604686,1
-96.73708154999093,15.697389804215685,0.9284876911157565,0
-79.69261100216045,19.681276532233714,0.6324968491162226,0
-73.83684273342851,0.10579685941331185,0.9130039424376545,0
-99.16163683489225,11.601347779539815,0.7419349842217026,0
-65.11892154699741,0.654590090983147,0.7367795406195154,0
-40.80459544467454,22.4865018007163,0.6709700331943393,1
-46.73912940459992,33.69255083995752,0.6104633193676814,1
-88.85403190773476,25.07889887194292,0.08891587338718743,1
-95.7859977467978,0.6768797695471029,0.6493582571594149,0
-97.0799527095499,10.731477978031712,0.8996688994162243,0
-62.74469561749554,17.021940203791615,0.33982931679717576,0
-52.18649566955268,7.577617178026226,0.0997207056860493,1
-84.07944476707735,31.53316007110896,0.23617501485485148,0
-74.13541854172371,29.021242735817893,0.9792523713365398,0
-89.13571774568675,14.427101292628102,0.8662214254979158,0
-88.46296143146354,4.458774357145727,0.6816549642801278,0
-78.95596289540329,4.34485548978742,0.4155329281722364,0
-92.87337261426529,28.151591414789475,0.1789132270209628,0
-94.23428602168713,34.33781714400783,0.05303175730962062,1
-54.266184182828766,16.1730355906287,0.38076191538076287,1
-55.07075321997671,3.309370770872002,0.20202395151791896,1
-46.64813888111996,12.109688438169606,0.7354744595012815,1
-59.32343188816358,20.44961042215173,0.400277909458268,1
-62.582212057394585,18.091500648531866,0.7468120040432693,0
-72.16470132136918,37.340231134970594,0.954096662591755,0
-91.94987168158849,30.89011780429372,0.2547130077947082,0
-71.34107382562175,9.842010627289888,0.28115575550989347,0
-83.36811158736761,15.365147770230521,0.41524245257327996,0
-55.13261661120012,30.258629249271515,0.34503214960556794,0
-80.31138903791233,2.6489016262404963,0.3930522319672234,0
-57.87669625428502,6.5459587003975095,0.2805710831958267,0
-83.77949270804035,20.39266941888892,0.700919134410369,1
-98.5462387547449,7.987565721586858,0.921143262411531,0
-83.88918114161068,33.521311096370596,0.01385746820517142,1
-40.26414839532104,17.194257795320738,0.04812036366863093,1
-57.46827529355126,6.928675909423325,0.17591868443031877,0
-59.81199428914168,5.0953782293589445,0.40243888501439595,1
-70.2045712692231,3.750194339198414,0.14881973591671804,0
-92.67713201479275,32.00411588944132,0.7762494560741492,0
-42.65084763895645,31.58151611704386,0.3916623923319209,1
-60.67243643679992,16.118308084537425,0.9226490567956721,0
-91.8123021871691,21.99052941952982,0.2135129450302623,1
-62.585491137838936,16.23864184458165,0.04350593134634839,1
-98.6063450591945,7.552836704405079,0.9913800628140615,0
-46.90506020893109,19.035494060967025,0.40453606293967537,1
-90.90017747323333,18.011743196382824,0.2997359416544708,0
-64.23744680593762,24.50866860466474,0.3816740558732372,1
-93.55804901880819,31.974648399819174,0.9927891449425251,0
-52.44260376638232,38.76912192836408,0.8200853985315886,1
-72.18245470599929,17.427677036150648,0.5382023360052559,1
-89.00916378197942,22.07554642556721,0.06247405239939008,0
-55.03134225264462,10.710190023639257,0.1326741268157231,1
-79.41509898723614,21.50125492800847,0.576809200979656,1
-89.93642254230615,27.960837370746603,0.5080920533322121,1
-96.79708404236948,0.08471292560973342,0.6595917225561632,0
-79.30289009079604,20.198768683450187,0.08613543796100753,0
-58.910087637941594,2.158176807530312,0.5411101522891959,1
-46.819910564018585,31.898666571956742,0.33753644674244754,1
-59.325784896309145,25.836846220054873,0.8555807008757164,0
-45.88271858909235,5.873813041952101,0.9605504459913773,0
-88.59445842561891,4.141091564608157,0.2007481452108596,0
-75.3735115866732,28.748651298894714,0.9936779127182765,0
-84.64439025814241,8.018876822157704,0.9278606452734206,0
-95.50469822443188,8.859736402511796,0.7845505775839274,0
-92.35017454200636,12.899324656224147,0.3410230622438818,1
-58.49487798120113,38.033613138075424,0.8052909146233742,1
-47.419319836148965,0.3818870813621711,0.68200567150741,0
-94.73443703370697,26.536689532682356,0.28592959343806457,1
-80.055091965533,14.396985203729411,0.7423951397110834,1
-80.67363993596425,31.036043834049416,0.1953586154283028,1
-89.68649227737855,11.706291844754201,0.08949655809425283,1
-90.13727644453338,30.295978330385516,0.8085632612621717,0
-71.27509511907674,35.22704659509515,0.39541024278061654,1
-95.28730217005257,17.842146852864285,0.5860615093980509,0
-67.62123691591918,15.76905814793336,0.6445557883669198,0
-88.29279667277652,10.066579385117468,0.15853193055024617,0
-81.8078754019245,31.967755984774996,0.40096830225588276,1
-49.2031476285691,7.1558007569244575,0.45237273519629617,1
-71.0941869182697,35.16429084311724,0.3202060731242936,1
-95.10343410985679,12.04346708346954,0.6531365777335527,0
-63.644489341136335,32.50320926163856,0.37440528118402683,1
-89.53227137436552,12.874019599346846,0.5838784203515217,0
-65.76771911889554,35.726786373756326,0.34667966870058287,1
-64.51135953577784,37.9069121210054,0.7348284576965679,1
-92.44475791081375,37.417476061474936,0.6511475529638047,1
-52.80101725038404,7.434835017752195,0.8904531267433569,0
-96.3721855644781,9.064383528107465,0.30844484957263973,0
-48.85706092418402,4.782000762949807,0.881497693774474,1
-95.84274427917362,5.209504929752424,0.7988713209466349,0
-64.65875074538695,10.638985383217875,0.30061775511179134,1
-87.73842728730168,14.43276117357068,0.526549586721796,0
-95.02382662790961,2.652814782972457,0.5797667069463327,0
-82.32663550201605,19.85867143783374,0.5756370218560969,0
-71.19145187027648,5.011799301363902,0.18583989781224441,1
-69.74170723193357,27.685410883622588,0.2820332340393532,1
-59.721809020660594,27.8998164074501,0.592398692632808,0
-93.08375393165531,26.379277270768917,0.47254037623266765,0
-90.36263351142779,20.41666860239825,0.8058078167682675,0
-49.82801494253348,34.81087635644133,0.7018156559742528,1
-92.40617247256239,36.139525305556866,0.7370704969870588,0
-66.80808210773276,35.40399777254128,0.461892744375067,1
-84.36466033111408,28.348317966078426,0.8335262683596876,0
-45.456111134623086,26.64810179092794,0.035033881259548316,1
-48.799319731356434,31.199029264765983,0.4106369882555386,1
-87.66649563672703,17.331002949646518,0.6868392575512055,0
-60.05639910563316,7.978106490814949,0.8599029835456629,0
-41.12340856040364,4.185825591243901,0.9322400256475559,1
-99.46370651717722,10.640760273354015,0.3403184406529499,0
-46.74336835271175,31.775696690288704,0.6467573710653041,1
-95.55881755508915,24.38706746711538,0.6660778224491224,0
-88.73704465301448,5.96493646021568,0.24601468703209106,0
-90.03392723577389,18.08820969786838,0.10194757281272615,1
-47.19664005951655,23.49673903075603,0.3810243498656831,1
-99.93688164637672,34.60042616780785,0.28902169549799916,0
-58.51494441821509,8.091767751621575,0.993772588650124,0
-47.126007059697464,33.430558342827005,0.6620414131256114,1
-50.36472426455581,22.867066122928634,0.39956103861634673,1
-94.05321150520747,3.2267982182167376,0.6472369792558652,0
-65.61423151950902,4.224236446821319,0.8882045707811027,0
-93.35830700167033,29.23258928480161,0.7636501570531273,0
-86.33235840077168,27.958517558753883,0.6643083759692586,0
-41.405200592599954,29.312927698402778,0.47720970735230606,1
-44.39410066908389,34.402151587592016,0.5472777539537825,1
-66.08100717970339,34.908100436214376,0.24473189512563265,1
-44.0632331468148,29.844715842561556,0.8585978987519655,1
-49.72118688067702,35.60225450482308,0.29216951745965014,1
-73.16806210458789,33.995585673480825,0.893319488499481,0
-96.96784068099653,8.188267505911885,0.9834574717044666,0
-52.04701718492919,38.2513579849146,0.5666789643131137,1
-54.23974848714925,12.502288463307512,0.787270603139239,0
-58.78902605401199,14.814981486341217,0.19061464517557947,1
-74.04906440545804,19.161056335206325,0.837229660511593,1
-48.47961277096815,6.445734549731994,0.3882334447623459,1
-57.72168886419074,13.717408819706701,0.7716448922136351,0
-78.92662435232211,9.353611233053499,0.35355714091990564,0
-93.3622319462678,3.442260112653628,0.9196416200143391,0
-57.251122974408,9.717087736357946,0.9549073131546026,0
-91.79009295976316,14.229624206696808,0.5949771204444819,0
-90.96396433976416,18.853284258270136,0.4755923076688702,0
-56.625603882103846,4.7866181507222505,0.04137516630383242,1
-91.59049394332281,29.283867384201727,0.06344152398790359,1
-47.21577384054313,37.07791424571614,0.36360822747976485,1
-82.23802822539845,31.724519509884814,0.06473974847211494,1
-61.50125926530204,8.89518722241327,0.7991528274007563,0
-57.38998357007822,6.077838056277143,0.617528043401385,1
-46.73733477748088,11.317114373838608,0.49320739984562423,1
-75.05930841326595,26.518034443465087,0.45385904537748534,0
-91.41436301324833,12.431694323765964,0.8983170388603421,0
-90.99857217341099,25.901467311908167,0.13471730083506128,1
-51.91663396943662,14.238264148854247,0.7655759827420447,1
-58.79654802651692,2.4339320472456016,0.9270796393588608,0
-98.43237302965716,2.9044411978530027,0.4527350963999951,0
-71.06179378342598,2.176520998229372,0.5503008731811014,0
-82.1552824543852,27.85324796331983,0.5332182339973006,1
-85.81758787546093,19.33094380868852,0.6801554137113094,0
-72.93488223049141,8.620080502296341,0.9878979000492211,0
-65.41311881678666,13.31997670524478,0.6689937797900772,0
-66.8569126412768,39.68625174761113,0.9031074915144013,1
-67.64616654065937,24.322289968097856,0.5163936618983876,1
-92.56597925300139,25.131662554350672,0.8004477499944269,0
-45.346875814264145,27.046017196708306,0.48240145880868224,1
-97.32316169829605,10.477145750896186,0.15568889333430436,0
-83.6448101550465,21.57539703457899,0.6589933716572023,0
-86.42824600272827,32.46860397299763,0.45636684777667036,1
-72.85298590991452,25.32266521419849,0.2934611748027144,1
-60.8327665305211,29.98479055493013,0.9295769916795718,0
-68.78619597724037,9.250564385682942,0.05570500519396859,0
-78.7915076916551,29.178771323527318,0.7039192982822374,1
-77.29674392485592,3.1630326249114704,0.16287070869344034,1
-62.29140218770491,1.7442750375509286,0.16706038126479406,1
-77.32067960816597,11.237677134127523,0.011803394257332678,0
-46.979835615,7.351458982742098,0.8127145047689416,0
-73.52706972331714,4.391206690168148,0.021701953396184748,1
-66.68811746039052,31.77131338499731,0.968017436835368,1
-85.96363084807956,12.990629509789176,0.17681604969096665,0
-87.52011557749236,31.061078461168524,0.030784465309739217,1
-63.26673948436285,34.43355454258986,0.8480117517953625,1
-94.21639075179733,27.032467086954284,0.9815308057807169,0
-58.67486723440481,12.621133470995037,0.43747927764398287,1
-51.616076272247284,9.60921275463367,0.5473952873473221,1
-53.02239219843491,4.605272145752175,0.8759362722133648,1
-65.76945082326452,22.37334442811919,0.9480186720586558,0
-75.99850025293523,36.62989363151474,0.03878873350536649,1
-85.61667812647335,20.922823796961016,0.870981459288543,0
-50.08106354784394,3.8336680021512493,0.8523233975450089,0
-74.58487910231281,23.17975649225221,0.3434490816016935,0
-47.8899902822954,11.33294884653469,0.8768852855934588,0
-57.062245853444935,17.395545754465267,0.03670376945395548,1
-56.24420325011605,24.527532535221038,0.378795990817516,1
-43.748053311247716,38.90274599906891,0.8162352895855151,1
-46.78412984210876,23.643189111888102,0.2766938589933401,1
-96.29469716575989,35.30035002531051,0.2571716681480898,0
-71.81208954725815,13.470201287348589,0.9302854519550886,0
-43.17624148651428,32.32516587352467,0.6649003476258492,1
-85.23600330970369,16.642482439924528,0.7060103624017229,0
-73.74328656069696,22.51166298006173,0.3935328686858174,1
-83.40567918058584,1.3334709958525348,0.25170398099688074,0
-94.27879280902839,32.839415976138014,0.5324068100845376,1
-69.72008332916967,18.095658159276518,0.11683185890219472,1
-98.44442631454335,15.86837165177819,0.6167049964670286,0
-95.73222785046445,32.48489316069999,0.1877610351413932,1
-83.13715513676634,18.88726302352329,0.8547927415190406,0
-48.78218961119596,21.961812792185217,0.12730552423499664,1
-90.39731637165386,34.87404599362889,0.04021340463109002,1
-97.11348831899993,1.4972212946251506,0.671771475129559,0
-98.46641400187424,5.72587954730523,0.7205116295156084,0
-73.96442759138417,0.8295811560173094,0.823094723542305,0
-98.90941100986235,14.901460271431585,0.6982719022392544,0
-80.56379986374182,3.8935624009667436,0.3513728881108702,0
-85.01977726397041,3.1679127107606364,0.4357126732299994,0
-48.36618668358207,26.689428376572625,0.7999800006488264,1
-67.44181868903146,6.138886048933383,0.3593046550730502,0
-81.48307944343486,23.458189790705056,0.531260227163393,1
-54.57205880378904,10.164477329794185,0.6394719347606084,0
-80.43024147978603,25.90279781287496,0.8535677226477708,0
-79.44098223798156,23.057167698524683,0.2522958267717169,1
-88.88923930278594,3.1383483992819894,0.3146721058229931,0
-40.547651319867725,18.528338867607182,0.053833525520217584,1
-72.81507275141037,9.52614222169927,0.13133398748079828,0
-64.66076256588303,28.366434848007703,0.25626711078207753,1
-44.95626464403147,7.01152118505342,0.45209797399089247,1
-52.96440785493003,6.199433516776782,0.8923974271695855,0
-76.24196181457788,10.716131523554049,0.38053607633985553,0
-74.86395007496067,24.441385854240533,0.051667992959067766,1
-80.70265970684525,13.68668700578512,0.41615656541119395,0
-66.6572720355162,5.035175694249006,0.9161531352440296,0
-92.9274717545824,38.31907501750405,0.1401923746311483,1
-89.95537888977256,35.85194552841906,0.9727739188744182,0
-64.37016711829315,29.901046172333036,0.5616327130323776,0
-50.48615697404648,31.31953803842872,0.9552328903622439,0
-99.28385107748025,13.866282544977047,0.1843334105287754,0
-49.942066797238844,16.4490163411836,0.32620510244791456,1
-90.78830235732217,15.256217646477728,0.8716250184105147,0
-96.36829295040783,10.708084857720932,0.6231973394630598,0
-66.82041608482601,24.781701709700357,0.5924609766327088,0
-58.59420881723514,38.595057718771216,0.8766998717290299,0
-52.29835556223071,23.981113816215288,0.2606455018995235,1
-45.652488825144395,28.904128938897422,0.1330760550452731,1
-40.7411531346123,32.66839135715375,0.9438298423333321,1
-40.03063574232485,10.933374532991756,0.11189715483523333,1
-79.80737944675462,22.199351687228056,0.9971087423033583,0
-97.57604626947021,10.204316254346324,0.7847618919672412,0
-88.62121710711253,31.743577462471887,0.5636632529390302,0
-46.13615582177651,35.045534955697654,0.5755620853124711,1
-99.77646951534275,5.404983266750083,0.7625153346215605,0
-67.17381604867948,16.529273337161932,0.5888781670801743,1
-73.60014568008748,22.432671739393516,0.9679661377095559,0
-51.223195322376796,7.251568339726582,0.8108488891394545,0
-46.877746105152966,32.496265205921105,0.0010093365956734823,1
-70.81849460400286,26.983783551154286,0.19440001991881983,1
-54.74370910372645,2.238710938917108,0.5139859729788122,1
-49.46546512473036,37.16143885943511,0.9055244803509913,1
-86.62064306089637,25.932204030719326,0.04727393512310318,1
-42.832951025472994,38.797883580151904,0.376481814106184,1
-65.95846156855066,18.459660919342035,0.9838442992569117,0
-62.95213338509816,11.49755509878943,0.9015796566484887,0
-45.082074382866715,36.56585231820545,0.2312872520810363,1
-87.5032003338517,5.514784649637616,0.6764266229632918,0
-68.8024224144865,4.26213987329048,0.09519280926563944,0
-83.31649185693095,27.265209942833593,0.3658214184353542,1
-58.48917632286083,35.42045579208738,0.04268288123476016,1
-59.00763182631223,8.643638758512013,0.24789883352347664,0
-72.58734355090934,18.1863332694726,0.8136709912604931,0
-98.03140003013628,35.48024069211812,0.5065831306824398,0
-66.6626871284849,33.682789125174416,0.4935270874649961,1
-42.23836886965014,15.801141655630397,0.10853118941558548,1
-55.163811988475814,10.483120705025307,0.7977031616721693,0
-75.18038375837683,31.033519426722407,0.08804834886706625,1
-70.84182977393169,7.153352334216603,0.6177802182103099,1
-83.37218125951637,14.056634635828015,0.005149123900252572,0
-90.84606371897122,11.431492297342864,0.1578114159041828,0
-52.10990251616144,38.4815775584236,0.5752072766158696,1
-85.12962622291852,6.7467389374013775,0.8693756671041979,0
-97.75524662942921,30.271081403054453,0.6118733570754354,0
-59.479331759428696,39.145583093460125,0.9730253885087837,1
-89.6492837381034,9.063378422551573,0.3113548999972485,1
-63.170304651459304,28.84578909154267,0.0993965535627308,1
-62.40068907979876,19.380996807946097,0.024892188191329767,1
-79.29832078944312,25.264324836355307,0.9823863824717806,1
-60.795711279781464,11.705304024126907,0.33371380650446913,1
-74.25406771184458,4.2128098768023525,0.971206373809002,0
-89.54887518280113,6.821346892739997,0.24044253162410878,0
-90.34315458510943,2.0492061082027124,0.40378549608173,0
-80.7348624152887,33.690411012762645,0.3967316774070674,1
-59.61842417729037,14.886202071093372,0.7897762217435138,0
-41.880971597366425,7.8424959680239725,0.9576360566437833,0
-83.00518400499315,26.254597162842657,0.6655849197813264,1
-79.02618331287798,26.296753809964727,0.6714220428725843,0
-44.5714672249551,9.839875520711526,0.8100601155929414,0
-43.82938410158823,10.25484236148355,0.09663189436663389,1
-43.51936137717035,12.195128623322265,0.8243817832372073,1
-99.5931040359217,28.887760947712575,0.1905167039859681,1
-97.87247638306367,8.371286156981101,0.1545231545268223,0
-80.06532907587473,8.40106085729451,0.4598536597964974,0
-40.31789506389851,34.796690871581674,0.485402248595155,1
-94.28598338269748,14.228343735508876,0.025546976286224043,0
-94.41537031884623,33.187793985986055,0.8743582536296419,0
-80.12339239482597,8.365289687293087,0.13980666854253132,1
-95.25207821796104,14.302299401940193,0.04857210924984168,0
-90.72911751063116,20.654436028489588,0.9595145538645404,1
-78.8769595456457,21.285897909038482,0.7610192575603449,0
-70.6623924833229,29.423220304243376,0.16950044596142944,1
-41.631516785856554,15.593210139114886,0.09798791572999166,1
-67.91188520917589,0.5090619780249872,0.44304134242069615,0
-86.56326006436251,36.711879440782226,0.2352118361297133,1
-41.94687968367663,12.980273133063056,0.3466155212892681,1
-93.55582262268537,20.313626888710743,0.8997846416922314,0
-67.123602963213,7.680939596107215,0.5874448664935443,0
-67.4581358618677,15.139701585352018,0.6597169459245393,0
-98.14642977783807,27.28527789891675,0.9928206617383779,0
-73.47362232665635,27.771625492281288,0.8375915892590976,1
-74.07441761349378,16.665666577077133,0.5005163530401366,0
-67.92688303872859,25.149122253791152,0.7423750650049925,1
-62.81935827185694,36.822328496747275,0.8227155644944025,1
-58.03457738066125,11.332344783604281,0.5022424429848741,0
-90.37971250342792,15.831595768475779,0.457703101214186,1
-46.194677704558096,6.9786709588172835,0.3908913605071773,1
-71.62676907075,15.734811063252284,0.9875633324527978,0
-99.22444268626899,7.4399278794425205,0.6436993115195393,0
-98.663870762224,35.764474126325126,0.8758916697444787,0
-87.44114179475862,25.988424316529148,0.07990022932551655,0
-79.00004603752164,34.903895085232485,0.8841456404140157,1
-64.41350146612989,1.2412983016449708,0.23951063319937937,1
-68.90494823435253,9.150509103897937,0.30632864058847775,0
-99.67069623192458,5.8856408477162425,0.7070190682214246,0
-98.2100735192209,32.436252685994425,0.10389491100884307,1
-96.88284977451664,22.40022092866646,0.06659585108900978,0
-88.67604673942225,30.495492613209553,0.7293428867594981,0
-40.310609595146595,29.960724736810214,0.8781593929214062,1
-62.22487501164425,15.279874510213855,0.5926093530297155,0
-97.45923316007772,3.1693495105053726,0.5680725944742405,0
-78.23761844920658,13.355866050972649,0.18016676490369132,1
-78.97797431710312,5.807795068258232,0.32503832896425344,0
-55.57327871331239,10.989319537355811,0.003527691083212159,0
-67.9169969546374,38.33379617962735,0.9143013259174326,1
-77.11538629582586,23.56801427871156,0.368142001278865,0
-60.03402678594566,31.957888711883943,0.23320212061032186,1
-94.49673965054812,6.330938184440598,0.2865474042366678,0
-64.32955182507696,4.458347772064335,0.609567158046595,0
-47.297027368786274,32.58641571331285,0.7418736716580187,1
-81.58996960762958,32.37239591413751,0.9208072604531413,0
-58.48843156166007,18.498451666306565,0.3776222994793178,1
-44.16434374738576,5.036178328267544,0.297629006522779,1
-64.00007148641848,38.19282067631884,0.10466479003486917,1
-62.63715915473714,18.16129218960255,0.37422537403908607,1
-62.04505735628549,12.382972616167876,0.802855973544857,0
-45.23578592913243,2.338225531215361,0.4296378654563695,0
-90.86039739054546,31.602090704035138,0.01391552323190226,1
-61.415219338624226,30.30450258884592,0.2949767392841802,1
-90.61427031799809,30.30828819311786,0.6746763415063264,1
-99.64899863958357,2.787252306977157,0.252212090524809,0
-51.79902799463803,28.829086972288664,0.07062973695358765,1
-42.865017049259,29.248109302258563,0.479066807721824,1
-70.40260144896001,13.216946736506525,0.7490018366632072,0
-79.03621449505603,15.325146089778094,0.9650089389928882,0
-76.32220671099506,35.87365273117797,0.5286549641483752,1
-45.633591354089106,7.778683243771334,0.28249784463736616,1
-52.09895123440833,23.071435534592048,0.4978789197324446,1
-65.60131655714177,7.418677688601467,0.5616061385218909,0
-40.923557403944216,36.830192418013254,0.15789820345396177,1
-98.94580571908081,4.380311237753558,0.2699254250606654,0
-72.60716062035686,25.64415351286334,0.17745259319761508,1
-91.02929563063967,4.656941161124837,0.20162247562638547,1
-89.80128872825286,2.2350659426479114,0.30789722067961256,0
-68.048192248904,23.659299492386744,0.46504847626573553,0
-89.16862223882859,11.938951705301761,0.28579310104930467,0
-91.81934781533876,24.97188454019306,0.9793842738139892,0
-51.942168781499426,1.4694043203387697,0.7773331335088302,0
-87.88796490342753,20.62995122361491,0.36461976440027843,1
-78.24012052857898,37.23057074501448,0.9690112024943749,0
-75.23470893781683,36.340715580801735,0.30983991976478154,1
-84.0794446135927,7.666218853866704,0.8484914539216226,0
-61.31084833844257,39.12081829098693,0.5960151023829375,1
-51.15213035406234,2.639297851272966,0.9107567701337717,1
-94.27099528244695,21.477210673456753,0.7409877293137638,0
-96.36310149954988,0.001888393168858471,0.6566609382275692,0
-86.46172086217845,4.393685763133566,0.5898952864131672,0
-83.71671203049777,27.23099660447869,0.9755886991667034,0
-54.100769271925124,12.009893813402295,0.14524073452812603,1
-80.44218383324011,20.965611949256527,0.727158246423104,0
-56.04997523957357,0.14280483894366203,0.7255644279826797,0
-71.29570443479932,33.69724883233002,0.44219866306696076,1
-79.37080693595139,30.507317926356205,0.8441736663202702,1
-97.08584260918252,9.85361072632859,0.30243783270250313,0
-53.67370651872486,15.580135867994493,0.9986826687970033,0
-41.46265890179465,16.607778133010548,0.6550809021847191,1
-96.18799910227982,39.35939811285115,0.38631481264943646,1
-97.68134141038692,13.529347858538646,0.7934552347553363,0
-46.16297994801391,30.838195960209017,0.16370573118325527,1
-50.27574764837726,19.657258881560516,0.17136191931791178,1
-46.855291042310824,17.718376159859574,0.8488367806051672,1
-53.58101352523118,11.429588530138407,0.9762212016478063,1
-54.734128346381176,23.422453808206797,0.7904402134412494,0
-83.50174756977302,36.70491328324469,0.8196461550721725,0
-92.30907560903175,25.87999643605817,0.7972264651539982,0
-68.68741391866865,20.39327376878456,0.6730011798932989,1
-87.28272333516745,32.45393007208848,0.273287689431846,1
-59.326718468780456,24.534115168632795,0.7767632353973317,1
-47.34191219161565,15.398466478317015,0.7901104408947768,1
-50.66718723437158,22.609540734875324,0.7438301223389164,1
-76.88993575864185,7.634146142857627,0.7095732980068319,0
-81.77202869157584,4.466045083303398,0.5270196397892,0
-88.93170494925364,26.374013446538115,0.6813136411061329,0
-63.36867974717052,7.981711891900614,0.8461689023795058,0
-95.58500062288445,20.630882296948382,0.14569279016285153,0
-67.27050125954838,27.416736374801445,0.04953340504304249,1
-84.46882360456674,0.27595351174364957,0.4380772751935811,0
-90.78869914412806,0.056495485486074415,0.7322688501591562,0
-95.72987064712638,22.25131558566784,0.9010213985692492,1
-57.47403110680991,32.7942062425372,0.39588739146898555,1
-85.39868476478338,3.2374335136328902,0.18708620207654691,0
-52.902285202709336,27.199575398633257,0.8043375132868977,1
-60.80848689863088,4.729897402058989,0.9097292777468525,0
-93.14421950479239,32.984949524715674,0.9353329991158189,0
-82.71743251015185,23.76208091390954,0.618328348318656,0
-54.19532237604523,21.60162148302041,0.7141624889982655,1
-64.74883044664956,32.44581795223046,0.8551967138029222,0
-64.94632839632692,18.51159673971429,0.9052659521687871,1
-75.8296396003979,25.517424647558023,0.24887341227364257,1
-88.67726739826485,24.827762599246736,0.6898935855286478,0
-96.21296975776774,22.52015535656959,0.06421552480319948,0
-56.426278180896055,7.176557944888593,0.917731018682005,0
-88.96393285185881,29.817201730608353,0.37118149002512735,0
-93.1489357561288,2.8387381158123803,0.8720067885886007,0
-96.76921837331153,19.86446835754785,0.7233409416537528,0
-62.877113309821475,28.923441109744395,0.6309587019383969,1
-50.83295466732176,24.637429396665222,0.2371915868675879,1
-90.06809663588331,37.82180857049485,0.2423960537090598,1
-90.59355951112902,14.638618537579378,0.9142585726014651,0
-44.18908427531377,34.47159432101914,0.7235572329553919,1
-85.52239289862818,35.83675283942668,0.39605040450313966,1
-46.96519126552103,22.044687707990818,0.8192332678802443,1
-89.43415424389647,2.241547072820813,0.5839225352150476,0
-85.51131488707709,18.698937597511716,0.4981130191800123,1
-63.840135367209605,31.04249498756115,0.8444365524002656,1
-46.437635277364585,4.3148854098368306,0.3390936020122254,1
-85.19917736643116,7.8063028848261595,0.11422284546678585,0
-90.82737267241984,14.943919614438542,0.06020125139991506,1
-91.99024989448893,11.763119517314294,0.14537203206090987,0
-59.54828845331103,4.726460171837363,0.6871079026499596,0
-54.404416144354585,6.842606387042389,0.5594929374771576,1
-97.26745400073284,3.3251139747648795,0.5857512869413543,0
-41.99540856923176,35.07229824992508,0.18239879519519564,1
-86.7386683633499,22.827506795046308,0.6798921316954356,1
-69.13159951214642,17.05926919915667,0.9483331127774859,0
-99.01106796423058,0.6085886970782051,0.1769635131343097,0
-44.726169836897874,25.186215314240542,0.6599489874684392,1
-47.46765732836583,7.08848587257255,0.19356919194204247,1
-62.02494224394275,31.95372826963236,0.1989861537557569,1
-85.53571770919862,0.4174825321750619,0.11993346371519742,0
-92.69004972228814,9.767267384013593,0.2342118316346471,0
-70.82847546266348,27.939063410253464,0.8513701070760524,1
-92.5721257752895,22.514052370714094,0.8318811301794544,0
-48.36217591623219,6.1424979725180995,0.5937583797382178,1
-96.66592498558732,24.90169939443044,0.1438846122927705,1
-46.505453419700096,27.114356442263833,0.18857580391239936,1
-74.93025900859409,10.839682594135986,0.5656314128616413,0
-43.535422914118165,27.137967538523583,0.7250507895747211,1
-40.613845997053325,19.75441402296463,0.7265311178516951,1
-65.05331550763736,26.283577707663564,0.7378037441907803,1
-47.989476255167446,32.3622617555573,0.4690369653937081,1
-77.49471846006729,0.41228552682192277,0.4608567690776433,0
-84.26253035687111,4.456026453566881,0.0947262440141663,0
-67.19894730582831,20.3956660247923,0.948013961772194,0
-76.70447829925293,21.601951425207556,0.7296916614287392,0
-87.97035085383065,36.494573509621844,0.1775868009695858,1
-67.29791525541339,17.750839402684086,0.306930015841296,0
-98.51390071562528,19.110526866250943,0.8030382617670903,0
-79.08965928425377,20.103076104650643,0.9707502686484617,0
-92.38388459254482,35.91650612793363,0.3587221498771589,0
-98.76770115827026,12.293270475329386,0.6471683743997061,0
-80.144753211132,17.97352268508918,0.7006397122720436,0
-70.61764690210813,27.076651527082216,0.914211483988229,1
-92.89128536697751,15.379239030755878,0.08164012585890634,1
-55.369036413998714,18.788634632787545,0.9733320909199445,1
-87.98899416490843,4.932112100699642,0.5395172718620012,0
-95.38073364801946,14.011584809997695,0.632245749698486,0
-56.83248362007818,24.79769066019649,0.3013741976103642,1
-94.11521037454405,28.98906571876118,0.5245988967342309,1
-93.89389244921165,3.215935935019769,0.17376682622295747,0
-85.77627538092021,25.841309932599543,0.38133433146223106,1
-66.4723849765499,25.346739315556075,0.7617756837438735,1
-80.69328317686713,2.824262355886238,0.04875282687723359,0
-59.531713887690245,25.49750502249038,0.027605359686417752,0
-97.89483437537577,22.772675965886812,0.4353418072793024,0
-43.41134155650906,27.62504877463426,0.5561652928542695,1
-51.079436216247245,15.89862595567574,0.37726727331683496,1
-60.62622111369996,33.557558755929676,0.5993623536360873,1
-95.18336077575778,2.893735559672872,0.5758163552780046,0
-57.310313692680204,3.277761010674647,0.6227588190649492,0
-56.302068079560456,39.59972708955631,0.14988717767427107,1
-71.17303514279254,14.94117844205562,0.472619456569507,1
-98.40580639814658,12.324026873944621,0.9940816939292653,0
-53.460699778964695,38.769456841167056,0.9754085139043486,1
-65.44998288509177,2.7411055260924178,0.07025621305652219,0
-56.211085221828,21.243135466848763,0.8702807389986719,0
-80.64161593936817,4.698816267570294,0.6380596011110917,0
-62.865017129588445,17.55055024327163,0.38200095576697846,1
-66.8471236136212,32.865346824450015,0.5551872612235709,1
-78.26957945023958,11.840938839175887,0.46327327274402064,1
-53.27255151240381,8.508038361398413,0.29499974531850826,1
-56.44230562607081,28.51664567369529,0.26320129636347167,1
-81.70531928290504,39.71480273336218,0.8100545024297373,1
-90.12353094507891,21.694560737733628,0.35801809116928685,1
-88.91085994621166,17.815438140734262,0.03653736794907558,0
-60.02697008167721,20.00310316158689,0.6091956281802683,1
-84.35584013459712,38.33986662215183,0.16980247060117493,0
-62.70889478620299,18.336626952289645,0.277365974727361,1
-91.37898483046067,12.184202945024754,0.10427387111475828,0
-68.43636838683875,7.155827684317737,0.8819208701348662,0
-85.3528554948654,36.227998005577476,0.35500314291264057,1
-97.06747738894747,0.5796053677916868,0.9461249360123287,0
-57.032143540429715,3.876290532398907,0.3031971591921391,0
-78.31469244648127,13.97214903487885,0.26534701298680297,1
-69.09199738922865,14.42042440859999,0.36479924585908974,1
-84.172837469454,38.93800728397805,0.5858039647270791,1
-64.95709867569809,17.204050623251806,0.4298292731823681,1
-55.67443480712517,14.34954589420769,0.7145870932276999,0
-89.20681211784833,2.5128823499090203,0.9318961492490258,0
-41.06615022606173,30.048314226374323,0.3643602644341235,1
-84.12720831895437,14.814738308209353,0.48717322513518047,1
-76.42435650578601,9.264904449701795,0.25926635097232464,0
-96.29128233569708,30.74954598195399,0.005003200339225855,1
-48.5865075168572,5.8492973252962965,0.5028672717622156,0
-70.42227586325137,4.941799441053996,0.555130091080129,0
-73.0770289432452,19.174597749385057,0.9833964037074965,0
-63.30738364137582,8.422782943633438,0.1653708640773247,1
-56.880494335292695,8.385135271037324,0.6700360106069939,1
-87.6765821396556,19.74486652616148,0.678773202235943,0
-79.11921911973576,38.446832788983215,0.9935499491467137,0
-92.49615861513027,14.197225271799244,0.22919901949518573,0
-86.03611125394376,5.965078921533884,0.03505321565042918,0
-44.092322826821,9.423701325010718,0.8816802393057374,1
-48.590659877383345,5.957697523851282,0.9800087912251138,1
-88.25370386741652,22.699526573482935,0.039067008503643974,1
-66.1716461189364,28.969892931645916,0.7514562013230978,0
-84.35777311984333,21.07217119685167,0.5580875839565216,0
-57.68559647248972,35.28482264010498,0.4665327147525724,1
-54.049558864198524,36.119824726345456,0.329125054019463,1
-50.337105715275975,2.589354435266662,0.8631704194169537,0
-91.5892154678001,38.02388718853753,0.12084001335765981,1
-56.102379074186,1.6343161404038575,0.021052663469281696,1
-44.20692736282206,32.56460917656551,0.051269766651816484,1
-95.46043224249597,12.691843675374287,0.06570543341003277,0
-49.74296242867077,24.921777512588243,0.7409941188504626,1
-53.185584122867034,10.578556832201137,0.21625597830614685,0
-90.73332139087684,35.31838706592963,0.2579018237068571,0
-83.46007397277003,24.46444581577115,0.39397571103384266,0
-49.603954348168706,19.059548681592805,0.9480770240136308,1
-72.32746684974558,5.983327019015667,0.015358185394933499,1
-60.488351028954156,36.528815308626996,0.6866540432046703,1
-68.30613581341346,26.401394825172147,0.7012098839229527,1
-99.39562331095607,28.589913842314076,0.37728220305742277,0
-99.31425368610705,4.508666942563417,0.9459185524381987,0
-85.12318050034692,14.418441202812598,0.24758212701854798,0
-66.24831275464129,31.025737533184202,0.2655519321976416,1
-92.62175364207684,22.508382600458386,0.9664898830579352,0
-42.46718524545518,31.70071854161548,0.2745646093669597,1
-97.76763770599364,26.800699874290448,0.5241225716213683,0
-84.51271002102652,35.269929985600335,0.4267967179404807,1
-96.3491876382394,28.9954999731447,0.6726231697241828,0
-84.6874660240551,27.865212060055438,0.5790181641467934,1
-94.59290537945027,35.63963707776178,0.30382379789184377,1
-63.81218648930714,19.857247512329074,0.38982390947775747,0
-61.09563229310066,24.728410526431873,0.4515218634874326,1
-43.238376230960185,24.275292184157582,0.6095614354276612,1
-48.08557899570988,17.171378204027917,0.5632037757407284,1
-83.80485081839461,28.953522279307734,0.42690924940097164,1
-94.01013656939259,8.86289799389493,0.6340113705727505,0
-68.28749626345282,12.196265401072136,0.27548125706844706,0
-55.460040708763216,18.9438539569657,0.673390230693344,1
-97.83023737031823,20.336271364710953,0.6952715704494526,0
-89.34960505378194,6.191831783353101,0.49771872622791613,0
-92.2518200981078,4.1163598804678925,0.38284834662953493,0
-97.87747619654756,2.171091530297513,0.4530500149052318,0
-79.61584313505818,26.77654580292854,0.7241267216183577,0
-73.04229622680973,5.886884221481998,0.573992247852446,0
-53.09457714556329,36.518783658053,0.07766698860799204,1
-83.19169674211561,35.00217049279485,0.4359057378109641,1
-97.03245177123905,21.489569559584343,0.03876897439669913,1
-52.367038824690276,25.98704389148622,0.6257655626474931,1
-41.529946447462656,12.438201375973259,0.6636890119570608,1
-76.90525316793739,9.338243439618363,0.8024521886632899,0
-68.37867704245747,3.030229799486981,0.4875461042680852,0
-45.00040238825596,34.98748887071812,0.5052634449807275,1
-97.62858287858617,19.613419594815653,0.625332342292223,1
-75.05899545121426,8.08298988898503,0.1730657927240652,0
-56.77245082864302,27.00665180982259,0.7385698069946144,1
-73.10526320473893,19.793238349733922,0.4703349939036938,0
-95.11096119169201,32.457491753859436,0.786092013863772,1
-66.3103880037888,16.462842785821866,0.42725417547660505,1
-54.40089931023084,16.11513899654895,0.12625402627654758,1
-80.96508412631593,6.878360552503904,0.3420501002878724,0
-48.882097863904555,13.346883700616171,0.6545194688999985,1
-50.07279548308084,36.585990389517036,0.2896452196129464,1
-48.75497407148396,11.06173403647448,0.4373354959000153,1
-64.67399802278692,37.65224734477475,0.4218225157683412,1
-78.35447880890479,7.745886855223159,0.46788760518503136,0
-81.77220289540335,24.828204373646482,0.7638090388495345,0
-55.157975784021914,22.15114333910545,0.6321673154799098,0
-88.1021192800028,9.335067156634596,0.6327064604986405,0
-85.3996673176684,9.220323719191,0.7790157474389225,0
-82.8043741051712,19.10456109846247,0.9639178590019994,0
-90.30695641292837,10.41687327002402,0.4293091246280548,0
-44.845265066966455,24.93102204643322,0.9074029476090318,1
-76.91232190025755,12.991595111344303,0.8808584727744649,0
-90.65453974152524,7.4574755180467145,0.9116812212767732,0
-61.881955334638064,1.3896870167909192,0.8644097236029202,0
-82.98393102366556,27.246368037262524,0.010917108719419644,1
-80.6670595706237,5.729136951156755,0.3553888123375807,0
-92.26976629138284,25.773878437911954,0.6589413216225906,0
-64.67449153754023,24.675975640817903,0.40217469839119724,1
-54.51989409199921,3.413050136714082,0.7820465010751967,1
-58.827227197830304,6.622004836394719,0.024357512472597542,0
-85.5850631032215,22.319861906508237,0.7747763796407279,0
-68.29796077742668,26.456264678058304,0.18683817087259424,1
-66.1556908644906,0.5577333477916158,0.4286741146245068,0
-65.80102578435802,39.54068793083236,0.6804290074908816,1
-43.36792421488122,15.449023120732988,0.37678568418800595,1
-57.68412700557782,33.897834424220065,0.12495712820321647,1
-60.951264097357914,16.19443103023586,0.5669587840714778,1
-44.77825832231171,23.43961000834055,0.9906621255394958,0
-78.76848164059996,16.316774514260363,0.6796952951194719,0
-90.49517719313332,5.403326262164914,0.08122382081555357,0
-84.68880926238747,14.307184034126834,0.2475180109030226,1
-77.3958833074872,12.847693484485205,0.6060002646203979,0
-76.38217259007831,5.045900504588863,0.9094306794787214,0
-61.033733633846694,15.638351541214831,0.6957134870645466,0
-58.88108545484547,10.750227335949614,0.7700671783123528,0
-72.09388429215424,24.027755786158874,0.09582540998647604,1
-51.27262232877645,14.782439605782688,0.5387211042899593,1
-86.46344774608934,14.549514412553105,0.35151269265659335,0
-45.87101989545992,24.001517873325984,0.10608403486350426,1
-71.57393489010563,10.038640130658862,0.3764721342745865,0
-85.30114846059027,21.231578021139455,0.6233025563900623,0
-82.18789086955515,17.805877650148826,0.796915332504131,0
-43.06852439707958,6.407825306175723,0.08367854505336603,0
-54.16459659960472,7.345700822226151,0.4550242818996063,1
-71.25189445222527,11.796953932230632,0.03148732502933693,1
-99.86588771515618,24.167397098009072,0.034429417603961676,0
-59.30852692578318,9.709793266284144,0.9210517495753678,0
-85.43326087235077,25.660120555195505,0.6398619092908631,0
-77.25683829776169,5.612086232016051,0.4018115544980614,1
-91.20766164638007,29.237300309309248,0.7811346313645269,0
-54.09853568931742,21.719335296164566,0.8285506897485577,1
-62.308424444305814,28.504022334165594,0.5644955363855085,1
-93.83833659096145,28.387352172843308,0.9125792010647574,0
-70.36055084532886,37.91004725610983,0.8475940869705246,0
-60.41963761528827,23.52395632968196,0.599979994855673,0
-91.84183659637769,2.102315146803755,0.8188462930630516,0
-76.7499678676739,36.33906834120608,0.0192060551441654,1
-68.67366165821491,4.317066094337116,0.570264008244079,0
-74.0820365811353,25.363897647328063,0.9209654549052099,1
-97.21455731334267,27.161552496269955,0.6349886815353756,0
-88.35389845907333,10.57468559478294,0.12793665649601704,1
-50.147146965980696,29.594237653378567,0.7442338373737764,0
-99.32879481478739,1.7989179049585546,0.41036068512537627,0
-47.259766911836834,22.46651280106682,0.007809849664620505,1
-78.36609335344897,36.989425437364226,0.9483181066387767,0
-66.58797592360347,30.336167678388584,0.6597705157927988,1
-88.81100231464816,24.23382986954401,0.3700920592306751,0
-91.79072331822242,27.930319612002915,0.40630286634341006,1
-94.57846739791492,27.697363372400062,0.8625533297125585,0
-65.88581711777587,34.61759967890595,0.6005593608268871,0
-82.7063052707257,13.43137778829158,0.9914308463813398,0
-88.88274525375863,8.934247504281739,0.9743891965765216,0
-72.24218083103614,14.523068450433861,0.4543410722753284,1
-97.33616218536459,32.66566677303254,0.3529352127404778,1
-88.44455060614541,11.977155838846185,0.18333845878211408,0
-56.55356567094773,4.101002128922575,0.48822227226084747,1
-56.84482055752292,17.463545932107692,0.14041502392782068,0
-89.3936330236461,27.411312212357362,0.3101844704534268,1
-87.3267403337221,26.435249215069263,0.5888373240451596,1
-79.48438368726038,36.86810119228508,0.934161025095654,0
-82.52420399713951,25.024208045187578,0.8871900144905437,0
-79.43913889377379,18.409717275999547,0.1630189854795212,0
-82.99724407479613,26.36431775666096,0.527083505781749,0
-77.5646895824066,7.929519081582108,0.03177484375858397,0
-84.38098866051406,36.743804790148445,0.47924163528217834,1
-53.38739904642805,3.1234079992507313,0.32732742129902337,1
-96.50998652060204,16.158301564321217,0.8894523007441651,0
-81.50000776282934,39.88583548026955,0.5880614143014921,1
-76.40640042393949,15.316377833746841,0.2969957116463262,0
-63.89446617643089,19.945253376128974,0.9770134025223478,0
-79.58450728643967,21.456874446737086,0.5821226956996066,0
-96.96000224302777,15.954034389955819,0.05238121772494031,0
-98.4112539217022,38.794571042964,0.5268515556267865,0
-97.27415471327434,20.104578653892816,0.4437328758409249,0
-65.18558699542342,39.67657770395164,0.7546580066280392,1
-97.15793424781162,19.510104215431067,0.21124377282043483,0
-64.3406293127606,24.967435493092957,0.1624753906837496,0
-48.0939860853611,38.1778308307263,0.6135608642192908,1
-45.31076768591264,12.972026570479724,0.7754174417324031,1
-85.79530773373624,27.70682046836965,0.06996659081934387,1
-83.91489371076693,18.671919269357357,0.8503967839831921,0
-57.99939075595456,9.853547733745046,0.5479977966458948,0
-51.95662171233214,4.201271520489387,0.2827850741336764,0
-94.0954243527972,7.669706942330832,0.5537602299200798,0
-63.888535645820696,30.402521564215572,0.9466095389289841,1
-89.81715369408636,20.720215966536802,0.05118210143207913,1
-52.84199071296238,31.381531985176277,0.953812582280984,1
-97.74665059477954,27.083162521618007,0.796445968491246,0
-57.531916084488834,4.816756662848891,0.5688120648883611,1
-49.84822172384242,20.735097851060598,0.4012063625974799,1
-64.55357508174791,11.71765588359969,0.439571489886614,1
-91.33291602884361,17.675168115597195,0.3399045992248303,0
-74.94284244075726,16.72849009232396,0.006452069962116558,1
-89.83223438884586,29.21900435185738,0.830381138501888,0
-40.14108435270938,9.723700740374689,0.7928969471878566,0
-91.18817591071574,5.9083465574957605,0.08223932426273539,0
-96.14746890607213,26.795506132626016,0.6173059471521319,0
-81.75981306859862,22.650226952511446,0.29946194232942214,0
-92.42551380602308,4.138242624533279,0.5051264463437671,0
-47.79427662317367,25.539331643650755,0.4729948178679796,1
-74.76591939776125,8.972047878024272,0.600151600744548,0
-98.16336342638583,19.437422783209882,0.9032362904409608,0
-89.06287906056299,34.310883505378285,0.8941538073201379,0
-93.97626126101144,10.466524324035182,0.5526689368769119,0
-64.24229254997076,17.54293161428236,0.711140695355761,0
-66.32694863303271,9.356519441554067,0.6240585098930724,1
-80.86821103023428,37.563729715358576,0.3677518966695644,1
-47.5089490716902,29.684890082084195,0.17945674149997093,1
-42.027842477909424,26.286280087742128,0.006531984732846441,1
-60.990226487322026,16.130715101944784,0.9871832580465097,0
-45.07618377462208,13.836512507146894,0.55111726497296,1
-44.458163993824925,38.415227719709264,0.24786763834091086,1
-85.72081074204384,27.01170727773512,0.18148967162322882,1
-79.5819613800083,33.29300003418848,0.6069331856529061,1
-51.73649032317535,4.483373325160187,0.4440053140897252,1
-80.43400662467718,20.04685216182525,0.4411142773283684,0
-92.69858275755463,21.65088194987127,0.07475294104476571,1
-64.06849779397884,39.73671487204218,0.8118088575927526,1
-71.99760339507448,15.49611840283478,0.5295758321734796,0
-78.03366026701303,29.451980470823717,0.6329534201967667,1
-96.60098684201077,14.512871862594903,0.7761707597243328,0
-41.59875564555781,4.154070777350065,0.5121018324971262,0
-90.74177687663894,32.61539985114235,0.2995056800116501,0
-51.977378111048495,11.821695411181118,0.6486793958680331,1
-58.04909377043208,7.588901540987862,0.3421845097533007,1
-41.408376015091264,33.72864887469341,0.34793065243123467,1
-97.42149246118606,14.723594940154992,0.2380530886911557,0
-56.83222264294379,2.538595185137744,0.6376798928642896,0
-74.12037879121303,7.6095694732776265,0.6008292549165513,0
-62.887585809808066,27.852034049223114,0.1758349829368645,1
-79.9435952971371,33.821161370903155,0.3131548662931135,0
-51.34222586560469,8.035208476151347,0.5962284137249415,1
-96.01883177376514,36.270621104337096,0.4331037407694417,1
-83.91527305541771,2.5809207332279893,0.1611867855619169,0
-97.59429940763344,25.54612755965751,0.34159673644244315,0
-64.95524246527528,22.311152690446455,0.2309162288055614,1
-55.68517681255704,2.5901691917401193,0.55573453206941,1
-57.73618726135286,21.392927896793026,0.9244034285049235,0
-84.54324302907781,4.101035468436791,0.661526307342938,0
-81.91944204911692,16.63819015583971,0.6664516950837737,0
-90.38127850106451,17.634880465064,0.13185204550744944,0
-42.3647822496025,16.44151670449371,0.6695280799144067,1
-92.46080158975019,34.60653880903189,0.456764017293416,0
